State,District,Block,ASSAM AND BENGAL PLAIN  HOT SUBHUMID  TO HUMID  (INCLUSION  OF PERHUMID) ECO-REGION,CENTRAL HIGHLANDS ( MALWA )  GUJARAT PLAIN AND KATHIAWAR PENINSULA  SEMI-ARID ECO-REGION,CENTRAL HIGHLANDS (MALWA AND BUNDELKHAND)  HOT SUBHUMID (DRY) ECO-REGION,DECCAN PLATEAU  (TELANGANA) AND EASTERN GHATS  HOT SEMI ARID ECO-REGION,DECCAN PLATU  HOT SEMI-ARID ECO-REGION,EASTERN COASTAL PLAIN  HOT SUBHUMID TO SEMI-ARID EGO-REGION,EASTERN GHATS AND TAMIL NADU UPLANDS AND DECCAN (K ARNATAKA) PLATEAU  HOT SEMI-ARID ECO-REGION,EASTERN HIMALAYAS  WARM PERHUMID ECO-REGION,EASTERN PLAIN  HOT SUBAUMID (MOIST) ECO-REGION,EASTERN PLATEAU (CHHATTISGARH REGION),EASTERN PLATEAU (CHHOTANAGPUR) AND EASTERN GHATS  HOT SUBHUMID ECO-REGION,KARNATAKA PLATEAU (RAYALSEEMA AS INCLUSION),WESTERN GHATS AND COASTAL PLAIN  HOT HUMID-PERHUMID ECO-REGION
Andhra Pradesh,Alluri Sitharama Raju,Addateegala,0.0,0.0,0.0,0.0,0.0,0.0,0.0,0.0,0.0,0.0,578.8482319668863,0.0,0.0
Andhra Pradesh,Alluri Sitharama Raju,Ananthagiri,0.0,0.0,0.0,0.0,0.0,0.0,0.0,0.0,0.0,0.0,909.3162344403744,0.0,0.0
Andhra Pradesh,Alluri Sitharama Raju,Araku Valley,0.0,0.0,0.0,0.0,0.0,0.0,0.0,0.0,0.0,0.0,381.5437981477436,0.0,0.0
Andhra Pradesh,Alluri Sitharama Raju,Chintapalle,0.0,0.0,0.0,0.0,0.0,0.0,0.0,0.0,0.0,0.0,756.8105902181297,0.0,0.0
Andhra Pradesh,Alluri Sitharama Raju,Chintur,0.0,0.0,0.0,347.333243046514,0.0,0.0,0.0,0.0,0.0,0.0,805.6641012587113,0.0,0.0
Andhra Pradesh,Alluri Sitharama Raju,Devipatnam,0.0,0.0,0.0,30.2122597756765,0.0,0.0,0.0,0.0,0.0,0.0,405.8128508739391,0.0,0.0
Andhra Pradesh,Alluri Sitharama Raju,Dumbriguda,0.0,0.0,0.0,0.0,0.0,0.0,0.0,0.0,0.0,0.0,360.96172946833093,0.0,0.0
Andhra Pradesh,Alluri Sitharama Raju,G.Madugula,0.0,0.0,0.0,0.0,0.0,0.0,0.0,0.0,0.0,0.0,659.2198962251549,0.0,0.0
Andhra Pradesh,Alluri Sitharama Raju,Gangavaram,0.0,0.0,0.0,0.0,0.0,0.0,0.0,0.0,0.0,0.0,363.91752967237943,0.0,0.0
Andhra Pradesh,Alluri Sitharama Raju,Gudem Kotha Veedhi,0.0,0.0,0.0,0.0,0.0,0.0,0.0,0.0,0.0,0.0,978.7636411247927,0.0,0.0
Andhra Pradesh,Alluri Sitharama Raju,Hukumpeta,0.0,0.0,0.0,0.0,0.0,0.0,0.0,0.0,0.0,0.0,499.3228441666482,0.0,0.0
Andhra Pradesh,Alluri Sitharama Raju,Koyyuru,0.0,0.0,0.0,0.0,0.0,0.0,0.0,0.0,0.0,0.0,1143.845160290506,0.0,0.0
Andhra Pradesh,Alluri Sitharama Raju,Kunavaram,0.0,0.0,0.0,216.14225849197538,0.0,0.0,0.0,0.0,0.0,0.0,26.338211502633506,0.0,0.0
Andhra Pradesh,Alluri Sitharama Raju,Maredumilli,0.0,0.0,0.0,0.0,0.0,0.0,0.0,0.0,0.0,0.0,1061.7277194756512,0.0,0.0
Andhra Pradesh,Alluri Sitharama Raju,Munchingi Puttu,0.0,0.0,0.0,0.0,0.0,0.0,0.0,0.0,0.0,0.0,581.9661915003579,0.0,0.0
Andhra Pradesh,Alluri Sitharama Raju,Nellipaka,0.0,0.0,0.0,364.9059745343504,0.0,0.0,0.0,0.0,0.0,0.0,0.0,0.0,0.0
Andhra Pradesh,Alluri Sitharama Raju,Paderu,0.0,0.0,0.0,0.0,0.0,0.0,0.0,0.0,0.0,0.0,456.4887837466714,0.0,0.0
Andhra Pradesh,Alluri Sitharama Raju,Peda Bayalu,0.0,0.0,0.0,0.0,0.0,0.0,0.0,0.0,0.0,0.0,578.1463107771082,0.0,0.0
Andhra Pradesh,Alluri Sitharama Raju,Rajavommangi,0.0,0.0,0.0,0.0,0.0,0.0,0.0,0.0,0.0,0.0,481.0263806307703,0.0,0.0
Andhra Pradesh,Alluri Sitharama Raju,Rampachodavaram,0.0,0.0,0.0,0.0,0.0,0.0,0.0,0.0,0.0,0.0,483.34236490561017,0.0,0.0
Andhra Pradesh,Alluri Sitharama Raju,Vararamachandrapuram,0.0,0.0,0.0,363.6017920217697,0.0,0.0,0.0,0.0,0.0,0.0,198.7762624682794,0.0,0.0
Andhra Pradesh,Alluri Sitharama Raju,Y.Ramavaram,0.0,0.0,0.0,0.0,0.0,0.0,0.0,0.0,0.0,0.0,987.1230763044392,0.0,0.0
Andhra Pradesh,Anakapalli,Anakapalle,0.0,0.0,0.0,0.0,0.0,203.5321322451845,0.0,0.0,0.0,0.0,0.0,0.0,0.0
Andhra Pradesh,Anakapalli,Atchutapuram,0.0,0.0,0.0,0.0,0.0,144.1868784415213,0.0,0.0,0.0,0.0,0.0,0.0,0.0
Andhra Pradesh,Anakapalli,Butchayyapeta,0.0,0.0,0.0,0.0,0.0,205.28038546682484,0.0,0.0,0.0,0.0,1.6445394226252898,0.0,0.0
Andhra Pradesh,Anakapalli,Cheedikada,0.0,0.0,0.0,0.0,0.0,51.259839947626546,0.0,0.0,0.0,0.0,91.04467287326626,0.0,0.0
Andhra Pradesh,Anakapalli,Chodavaram,0.0,0.0,0.0,0.0,0.0,177.4255582514561,0.0,0.0,0.0,0.0,0.0,0.0,0.0
Andhra Pradesh,Anakapalli,Devarapalle,0.0,0.0,0.0,0.0,0.0,82.23713512093951,0.0,0.0,0.0,0.0,118.48840271149676,0.0,0.0
Andhra Pradesh,Anakapalli,Golugonda,0.0,0.0,0.0,0.0,0.0,38.16183763127904,0.0,0.0,0.0,0.0,228.98011409270237,0.0,0.0
Andhra Pradesh,Anakapalli,K.Kotapadu,0.0,0.0,0.0,0.0,0.0,166.42681804445016,0.0,0.0,0.0,0.0,0.0,0.0,0.0
Andhra Pradesh,Anakapalli,Kasimkota,0.0,0.0,0.0,0.0,0.0,155.3588850393074,0.0,0.0,0.0,0.0,0.0,0.0,0.0
Andhra Pradesh,Anakapalli,Kotauratla,0.0,0.0,0.0,0.0,0.0,261.58431889426026,0.0,0.0,0.0,0.0,0.0,0.0,0.0
Andhra Pradesh,Anakapalli,Madugula,0.0,0.0,0.0,0.0,0.0,21.45302754417335,0.0,0.0,0.0,0.0,182.96074605702975,0.0,0.0
Andhra Pradesh,Anakapalli,Makavarapalem,0.0,0.0,0.0,0.0,0.0,177.75308956964054,0.0,0.0,0.0,0.0,0.0,0.0,0.0
Andhra Pradesh,Anakapalli,Munagapaka,0.0,0.0,0.0,0.0,0.0,90.16147644766069,0.0,0.0,0.0,0.0,0.0,0.0,0.0
Andhra Pradesh,Anakapalli,Nakkapalle,0.0,0.0,0.0,0.0,0.0,229.44249525912488,0.0,0.0,0.0,0.0,0.0,0.0,0.0
Andhra Pradesh,Anakapalli,Narsipatnam,0.0,0.0,0.0,0.0,0.0,100.64935651814685,0.0,0.0,0.0,0.0,11.553033394275465,0.0,0.0
Andhra Pradesh,Anakapalli,Nathavaram,0.0,0.0,0.0,0.0,0.0,227.70210873664632,0.0,0.0,0.0,0.0,88.13539168807641,0.0,0.0
Andhra Pradesh,Anakapalli,Paravada,0.0,0.0,0.0,0.0,0.0,147.59474474274188,0.0,0.0,0.0,0.0,0.0,0.0,0.0
Andhra Pradesh,Anakapalli,Payakaraopeta,0.0,0.0,0.0,0.0,0.0,141.91063226104373,0.0,0.0,0.0,0.0,0.0,0.0,0.0
Andhra Pradesh,Anakapalli,Rambilli,0.0,0.0,0.0,0.0,0.0,170.55556186220878,0.0,0.0,0.0,0.0,0.0,0.0,0.0
Andhra Pradesh,Anakapalli,Ravikamatham,0.0,0.0,0.0,0.0,0.0,154.57407558264595,0.0,0.0,0.0,0.0,101.41603340581923,0.0,0.0
Andhra Pradesh,Anakapalli,Rolugunta,0.0,0.0,0.0,0.0,0.0,73.5869291228653,0.0,0.0,0.0,0.0,75.20623958031035,0.0,0.0
Andhra Pradesh,Anakapalli,S.Rayavaram,0.0,0.0,0.0,0.0,0.0,183.33748155199947,0.0,0.0,0.0,0.0,0.0,0.0,0.0
Andhra Pradesh,Anakapalli,Sabbavaram,0.0,0.0,0.0,0.0,0.0,173.51699037399842,0.0,0.0,0.0,0.0,0.0,0.0,0.0
Andhra Pradesh,Anakapalli,Yelamanchili,0.0,0.0,0.0,0.0,0.0,183.90719549434021,0.0,0.0,0.0,0.0,0.0,0.0,0.0
Andhra Pradesh,Anantapuramu,Anantapuramu,0.0,0.0,0.0,0.0,0.0,0.0,0.0,0.0,0.0,0.0,0.0,321.7399299798246,0.0
Andhra Pradesh,Anantapuramu,Atmakur,0.0,0.0,0.0,0.0,0.0,0.0,0.0,0.0,0.0,0.0,0.0,331.05297056089023,0.0
Andhra Pradesh,Anantapuramu,Beluguppa,0.0,0.0,0.0,0.0,0.0,0.0,0.0,0.0,0.0,0.0,0.0,365.2939312653076,0.0
Andhra Pradesh,Anantapuramu,Bommanahal,0.0,0.0,0.0,0.0,0.0,0.0,0.0,0.0,0.0,0.0,0.0,325.94933285812226,0.0
Andhra Pradesh,Anantapuramu,Brahmasamudram,0.0,0.0,0.0,0.0,0.0,0.0,0.0,0.0,0.0,0.0,0.0,312.2479947822534,0.0
Andhra Pradesh,Anantapuramu,Bukkaraya  Samudram,0.0,0.0,0.0,0.0,0.0,0.0,0.0,0.0,0.0,0.0,0.0,261.8359983082007,0.0
Andhra Pradesh,Anantapuramu,D.Hirehal,0.0,0.0,0.0,0.0,0.0,0.0,0.0,0.0,0.0,0.0,0.0,361.23570782122266,0.0
Andhra Pradesh,Anantapuramu,Garladinne,0.0,0.0,0.0,0.0,0.0,0.0,0.0,0.0,0.0,0.0,0.0,332.5184699022047,0.0
Andhra Pradesh,Anantapuramu,Gooty,0.0,0.0,0.0,41.70661716120538,0.0,0.0,0.0,0.0,0.0,0.0,0.0,274.9270593242063,0.0
Andhra Pradesh,Anantapuramu,Gummagatta,0.0,0.0,0.0,0.0,0.0,0.0,0.0,0.0,0.0,0.0,0.0,262.3800015083484,0.0
Andhra Pradesh,Anantapuramu,Guntakal,0.0,0.0,0.0,12.727109169071747,0.0,0.0,0.0,0.0,0.0,0.0,0.0,410.7566550183345,0.0
Andhra Pradesh,Anantapuramu,Kalyandurg,0.0,0.0,0.0,0.0,0.0,0.0,0.0,0.0,0.0,0.0,0.0,525.9854660990667,0.0
Andhra Pradesh,Anantapuramu,Kambadur,0.0,0.0,0.0,0.0,0.0,0.0,0.0,0.0,0.0,0.0,0.0,426.4950725634121,0.0
Andhra Pradesh,Anantapuramu,Kanekal,0.0,0.0,0.0,0.0,0.0,0.0,0.0,0.0,0.0,0.0,0.0,432.8441549470986,0.0
Andhra Pradesh,Anantapuramu,Kudair,0.0,0.0,0.0,0.0,0.0,0.0,0.0,0.0,0.0,0.0,0.0,413.52135493360356,0.0
Andhra Pradesh,Anantapuramu,Kundurpi,0.0,0.0,0.0,0.0,0.0,0.0,0.0,0.0,0.0,0.0,0.0,323.9316994903423,0.0
Andhra Pradesh,Anantapuramu,Narpala,0.0,0.0,0.0,0.0,0.0,0.0,0.0,0.0,0.0,0.0,0.0,282.89384823869966,0.0
Andhra Pradesh,Anantapuramu,Pamidi,0.0,0.0,0.0,0.0,0.0,0.0,0.0,0.0,0.0,0.0,0.0,298.3595102718519,0.0
Andhra Pradesh,Anantapuramu,Peddapappur,0.0,0.0,0.0,0.0,0.0,0.0,0.0,0.0,0.0,0.0,0.0,244.11194223142553,0.0
Andhra Pradesh,Anantapuramu,Peddavadugur,0.0,0.0,0.0,0.0,0.0,0.0,0.0,0.0,0.0,0.0,0.0,344.9211166960747,0.0
Andhra Pradesh,Anantapuramu,Putlur,0.0,0.0,0.0,0.0,0.0,0.0,0.0,0.0,0.0,0.0,0.0,371.578123939377,0.0
Andhra Pradesh,Anantapuramu,Raptadu,0.0,0.0,0.0,0.0,0.0,0.0,0.0,0.0,0.0,0.0,0.0,290.46565235000713,0.0
Andhra Pradesh,Anantapuramu,Rayadurg,0.0,0.0,0.0,0.0,0.0,0.0,0.0,0.0,0.0,0.0,0.0,360.71483228756733,0.0
Andhra Pradesh,Anantapuramu,Settur,0.0,0.0,0.0,0.0,0.0,0.0,0.0,0.0,0.0,0.0,0.0,332.47026843597973,0.0
Andhra Pradesh,Anantapuramu,Singanamala,0.0,0.0,0.0,0.0,0.0,0.0,0.0,0.0,0.0,0.0,0.0,345.5996596640851,0.0
Andhra Pradesh,Anantapuramu,Tadpatri,0.0,0.0,0.0,81.00483673175509,0.0,0.0,0.0,0.0,0.0,0.0,0.0,306.95796212355816,0.0
Andhra Pradesh,Anantapuramu,Uravakonda,0.0,0.0,0.0,0.0,0.0,0.0,0.0,0.0,0.0,0.0,0.0,426.32376086804317,0.0
Andhra Pradesh,Anantapuramu,Vajrakarur,0.0,0.0,0.0,0.0,0.0,0.0,0.0,0.0,0.0,0.0,0.0,444.8576322718776,0.0
Andhra Pradesh,Anantapuramu,Vidapanakal,0.0,0.0,0.0,0.0,0.0,0.0,0.0,0.0,0.0,0.0,0.0,408.39504565731403,0.0
Andhra Pradesh,Anantapuramu,Yadiki,0.0,0.0,0.0,67.59746133460833,0.0,0.0,0.0,0.0,0.0,0.0,0.0,301.7311075466779,0.0
Andhra Pradesh,Anantapuramu,Yellanur,0.0,0.0,0.0,135.8341282785796,0.0,0.0,0.0,0.0,0.0,0.0,0.0,190.35212047319826,0.0
Andhra Pradesh,Annamayya,B.Kothakota,0.0,0.0,0.0,0.0,0.0,0.0,300.2679774103324,0.0,0.0,0.0,0.0,0.0,0.0
Andhra Pradesh,Annamayya,Chinnamandem,0.0,0.0,0.0,198.37433404617167,0.0,0.0,11.249031015119398,0.0,0.0,0.0,0.0,0.0,0.0
Andhra Pradesh,Annamayya,Chitvel,0.0,0.0,0.0,525.3624080670195,0.0,0.0,11.024452199253135,0.0,0.0,0.0,0.0,0.0,0.0
Andhra Pradesh,Annamayya,Galiveedu,0.0,0.0,0.0,326.6882037469879,0.0,0.0,8.391532400312396,0.0,0.0,0.0,0.0,0.21198223326988389,0.0
Andhra Pradesh,Annamayya,Gurramkonda,0.0,0.0,0.0,6.602061073738544,0.0,0.0,257.2933512549515,0.0,0.0,0.0,0.0,0.0,0.0
Andhra Pradesh,Annamayya,Kalakada,0.0,0.0,0.0,32.30354768369275,0.0,0.0,210.88031645939887,0.0,0.0,0.0,0.0,0.0,0.0
Andhra Pradesh,Annamayya,Kalikiri,0.0,0.0,0.0,0.0,0.0,0.0,177.84323440145107,0.0,0.0,0.0,0.0,0.0,0.0
Andhra Pradesh,Annamayya,Kambhamvaripalle,0.0,0.0,0.0,4.736623896464825,0.0,0.0,302.79783548057,0.0,0.0,0.0,0.0,0.0,0.0
Andhra Pradesh,Annamayya,Kodur,0.0,0.0,0.0,211.2843877804799,0.0,0.0,0.0,0.0,0.0,0.0,0.0,0.0,0.0
Andhra Pradesh,Annamayya,Kurabalakota,0.0,0.0,0.0,0.0,0.0,0.0,212.1906486412484,0.0,0.0,0.0,0.0,0.0,0.0
Andhra Pradesh,Annamayya,Lakkireddipalle,0.0,0.0,0.0,239.76389597403465,0.0,0.0,0.0,0.0,0.0,0.0,0.0,0.0,0.0
Andhra Pradesh,Annamayya,Madanapalle,0.0,0.0,0.0,0.0,0.0,0.0,335.43869938703926,0.0,0.0,0.0,0.0,0.0,0.0
Andhra Pradesh,Annamayya,Mulakalacheruvu,0.0,0.0,0.0,0.0,0.0,0.0,235.6107990150424,0.0,0.0,0.0,0.0,30.237897817437656,0.0
Andhra Pradesh,Annamayya,Nandalur,0.0,0.0,0.0,315.19694194281936,0.0,0.0,0.0,0.0,0.0,0.0,0.0,0.0,0.0
Andhra Pradesh,Annamayya,Nimmanapalle,0.0,0.0,0.0,0.0,0.0,0.0,182.00352755658525,0.0,0.0,0.0,0.0,0.0,0.0
Andhra Pradesh,Annamayya,Obulavaripalle,0.0,0.0,0.0,1079.4283015009196,0.0,0.0,21.931928610318806,0.0,0.0,0.0,0.0,0.0,0.0
Andhra Pradesh,Annamayya,Pedda Thippasamudram,0.0,0.0,0.0,0.0,0.0,0.0,252.21418231532903,0.0,0.0,0.0,0.0,41.08282810471129,0.0
Andhra Pradesh,Annamayya,Peddamandyam,0.0,0.0,0.0,11.120299419103072,0.0,0.0,248.9371978651258,0.0,0.0,0.0,0.0,0.0,0.0
Andhra Pradesh,Annamayya,Penagalur,0.0,0.0,0.0,313.6841726693817,0.0,0.0,0.0,0.0,0.0,0.0,0.0,0.0,0.0
Andhra Pradesh,Annamayya,Pileru,0.0,0.0,0.0,0.0,0.0,0.0,333.28827106906647,0.0,0.0,0.0,0.0,0.0,0.0
Andhra Pradesh,Annamayya,Pullampeta,0.0,0.0,0.0,207.55307105304183,0.0,0.0,0.0,0.0,0.0,0.0,0.0,0.0,0.0
Andhra Pradesh,Annamayya,Rajampet,0.0,0.0,0.0,348.821098834385,0.0,0.0,0.0,0.0,0.0,0.0,0.0,0.0,0.0
Andhra Pradesh,Annamayya,Ramapuram,0.0,0.0,0.0,211.36518971191205,0.0,0.0,0.0,0.0,0.0,0.0,0.0,0.0,0.0
Andhra Pradesh,Annamayya,Ramasamudram,0.0,0.0,0.0,0.0,0.0,0.0,214.6586533134168,0.0,0.0,0.0,0.0,0.0,0.0
Andhra Pradesh,Annamayya,Rayachoti,0.0,0.0,0.0,250.6648660496268,0.0,0.0,0.0,0.0,0.0,0.0,0.0,0.0,0.0
Andhra Pradesh,Annamayya,Sambepalle,0.0,0.0,0.0,254.74147193381984,0.0,0.0,5.568553390775083,0.0,0.0,0.0,0.0,0.0,0.0
Andhra Pradesh,Annamayya,T Sundupalle,0.0,0.0,0.0,399.4731553954271,0.0,0.0,17.773959567573183,0.0,0.0,0.0,0.0,0.0,0.0
Andhra Pradesh,Annamayya,Thamballapalle,0.0,0.0,0.0,0.0,0.0,0.0,382.6993631458925,0.0,0.0,0.0,0.0,5.186776504593974,0.0
Andhra Pradesh,Annamayya,Vayalpad,0.0,0.0,0.0,0.0,0.0,0.0,266.0011935138299,0.0,0.0,0.0,0.0,0.0,0.0
Andhra Pradesh,Annamayya,Veeraballe,0.0,0.0,0.0,656.572128801957,0.0,0.0,0.0,0.0,0.0,0.0,0.0,0.0,0.0
Andhra Pradesh,Bapatla,Addanki,0.0,0.0,0.0,0.0,0.0,293.6759131398317,0.0,0.0,0.0,0.0,0.0,0.0,0.0
Andhra Pradesh,Bapatla,Amruthalur,0.0,0.0,0.0,0.0,0.0,135.98139165404424,0.0,0.0,0.0,0.0,0.0,0.0,0.0
Andhra Pradesh,Bapatla,Ballikurava,0.0,0.0,0.0,0.0,0.0,245.99438502383157,0.0,0.0,0.0,0.0,0.0,0.0,0.0
Andhra Pradesh,Bapatla,Bapatla,0.0,0.0,0.0,0.0,0.0,271.8298890917279,0.0,0.0,0.0,0.0,0.0,0.0,0.0
Andhra Pradesh,Bapatla,Bhattiprolu,0.0,0.0,0.0,0.0,0.0,104.51080286762912,0.0,0.0,0.0,0.0,0.0,0.0,0.0
Andhra Pradesh,Bapatla,Cherukupalle,0.0,0.0,0.0,0.0,0.0,107.0554533070391,0.0,0.0,0.0,0.0,0.0,0.0,0.0
Andhra Pradesh,Bapatla,Chinaganjam,0.0,0.0,0.0,0.0,0.0,188.22225172587764,0.0,0.0,0.0,0.0,0.0,0.0,0.0
Andhra Pradesh,Bapatla,Chirala,0.0,0.0,0.0,0.0,0.0,113.31026893238696,0.0,0.0,0.0,0.0,0.0,0.0,0.0
Andhra Pradesh,Bapatla,Inkollu,0.0,0.0,0.0,0.0,0.0,157.25371964721015,0.0,0.0,0.0,0.0,0.0,0.0,0.0
Andhra Pradesh,Bapatla,Janakavarampanguluru,0.0,0.0,0.0,0.0,0.0,181.9575990848875,0.0,0.0,0.0,0.0,0.0,0.0,0.0
Andhra Pradesh,Bapatla,Karamchedu,0.0,0.0,0.0,0.0,0.0,174.20238897373991,0.0,0.0,0.0,0.0,0.0,0.0,0.0
Andhra Pradesh,Bapatla,Karlapalem,0.0,0.0,0.0,0.0,0.0,112.49777343830364,0.0,0.0,0.0,0.0,0.0,0.0,0.0
Andhra Pradesh,Bapatla,Kollur,0.0,0.0,0.0,0.0,0.0,128.7453470487855,0.0,0.0,0.0,0.0,0.0,0.0,0.0
Andhra Pradesh,Bapatla,Korisapadu,0.0,0.0,0.0,0.0,0.0,163.62202352678403,0.0,0.0,0.0,0.0,0.0,0.0,0.0
Andhra Pradesh,Bapatla,Martur,0.0,0.0,0.0,0.0,0.0,193.99861959990773,0.0,0.0,0.0,0.0,0.0,0.0,0.0
Andhra Pradesh,Bapatla,Nagaram,0.0,0.0,0.0,0.0,0.0,156.0009922780078,0.0,0.0,0.0,0.0,0.0,0.0,0.0
Andhra Pradesh,Bapatla,Nizampatnam,0.0,0.0,0.0,0.0,0.0,288.19707446747475,0.0,0.0,0.0,0.0,0.0,0.0,0.0
Andhra Pradesh,Bapatla,Parchur,0.0,0.0,0.0,0.0,0.0,240.8091354162197,0.0,0.0,0.0,0.0,0.0,0.0,0.0
Andhra Pradesh,Bapatla,Pittalavanipalem,0.0,0.0,0.0,0.0,0.0,77.8529163360623,0.0,0.0,0.0,0.0,0.0,0.0,0.0
Andhra Pradesh,Bapatla,Repalle,0.0,0.0,0.0,0.0,0.0,202.6484169098702,0.0,0.0,0.0,0.0,0.0,0.0,0.0
Andhra Pradesh,Bapatla,Santhamaguluru,0.0,0.0,0.0,145.17744592075357,0.0,80.42743440462112,0.0,0.0,0.0,0.0,0.0,0.0,0.0
Andhra Pradesh,Bapatla,Tsundur,0.0,0.0,0.0,0.0,0.0,114.31865710863403,0.0,0.0,0.0,0.0,0.0,0.0,0.0
Andhra Pradesh,Bapatla,Vemuru,0.0,0.0,0.0,0.0,0.0,113.75031127043822,0.0,0.0,0.0,0.0,0.0,0.0,0.0
Andhra Pradesh,Bapatla,Vetapalem,0.0,0.0,0.0,0.0,0.0,98.63011124705352,0.0,0.0,0.0,0.0,0.0,0.0,0.0
Andhra Pradesh,Bapatla,Yeddanapudi,0.0,0.0,0.0,0.0,0.0,115.96384590759736,0.0,0.0,0.0,0.0,0.0,0.0,0.0
Andhra Pradesh,Chittoor,Baireddipalle,0.0,0.0,0.0,0.0,0.0,0.0,257.49522388630095,0.0,0.0,0.0,0.0,0.0,0.0
Andhra Pradesh,Chittoor,Bangarupalem,0.0,0.0,0.0,0.0,0.0,0.0,398.19398267077645,0.0,0.0,0.0,0.0,0.0,0.0
Andhra Pradesh,Chittoor,Chittoor,0.0,0.0,0.0,0.0,0.0,0.0,211.49074066387112,0.0,0.0,0.0,0.0,0.0,0.0
Andhra Pradesh,Chittoor,Chowdepalle,0.0,0.0,0.0,0.0,0.0,0.0,263.6524411687241,0.0,0.0,0.0,0.0,0.0,0.0
Andhra Pradesh,Chittoor,Gangadharanellore,0.0,0.0,0.0,0.0,0.0,0.0,202.19732197243817,0.0,0.0,0.0,0.0,0.0,0.0
Andhra Pradesh,Chittoor,Gangavaram,0.0,0.0,0.0,0.0,0.0,0.0,237.84268889113142,0.0,0.0,0.0,0.0,0.0,0.0
Andhra Pradesh,Chittoor,Gudipala,0.0,0.0,0.0,0.0,0.0,0.0,180.53090468153087,0.0,0.0,0.0,0.0,0.0,0.0
Andhra Pradesh,Chittoor,Gudupalle,0.0,0.0,0.0,0.0,0.0,0.0,165.7562453731932,0.0,0.0,0.0,0.0,0.0,0.0
Andhra Pradesh,Chittoor,Irala,0.0,0.0,0.0,0.0,0.0,0.0,229.96288505335505,0.0,0.0,0.0,0.0,0.0,0.0
Andhra Pradesh,Chittoor,Karvetinagar,0.0,0.0,0.0,0.0,0.0,0.0,288.4791016660257,0.0,0.0,0.0,0.0,0.0,0.0
Andhra Pradesh,Chittoor,Kuppam,0.0,0.0,0.0,0.0,0.0,0.0,416.15144609185876,0.0,0.0,0.0,0.0,0.0,0.0
Andhra Pradesh,Chittoor,Nagari,0.0,0.0,0.0,0.0,0.0,0.0,160.39411288280326,0.0,0.0,0.0,0.0,0.0,0.0
Andhra Pradesh,Chittoor,Nindra,0.0,0.0,0.0,0.0,0.0,0.0,95.79229071255939,0.0,0.0,0.0,0.0,0.0,0.0
Andhra Pradesh,Chittoor,Palamaner,0.0,0.0,0.0,0.0,0.0,0.0,261.9203418131726,0.0,0.0,0.0,0.0,0.0,0.0
Andhra Pradesh,Chittoor,Palasamudram,0.0,0.0,0.0,0.0,0.0,0.0,215.50436690065612,0.0,0.0,0.0,0.0,0.0,0.0
Andhra Pradesh,Chittoor,Peddapanjani,0.0,0.0,0.0,0.0,0.0,0.0,244.5826543702339,0.0,0.0,0.0,0.0,0.0,0.0
Andhra Pradesh,Chittoor,Penumuru,0.0,0.0,0.0,0.0,0.0,0.0,136.37914981639247,0.0,0.0,0.0,0.0,0.0,0.0
Andhra Pradesh,Chittoor,Pulicherla,0.0,0.0,0.0,0.0,0.0,0.0,222.08950236117875,0.0,0.0,0.0,0.0,0.0,0.0
Andhra Pradesh,Chittoor,Punganur,0.0,0.0,0.0,0.0,0.0,0.0,281.82667205679434,0.0,0.0,0.0,0.0,0.0,0.0
Andhra Pradesh,Chittoor,Puthalapattu,0.0,0.0,0.0,0.0,0.0,0.0,184.68862673292236,0.0,0.0,0.0,0.0,0.0,0.0
Andhra Pradesh,Chittoor,Ramakuppam,0.0,0.0,0.0,0.0,0.0,0.0,295.0108895338357,0.0,0.0,0.0,0.0,0.0,0.0
Andhra Pradesh,Chittoor,Rompicherla,0.0,0.0,0.0,0.0,0.0,0.0,150.48345735293506,0.0,0.0,0.0,0.0,0.0,0.0
Andhra Pradesh,Chittoor,Santhipuram,0.0,0.0,0.0,0.0,0.0,0.0,172.91193012115332,0.0,0.0,0.0,0.0,0.0,0.0
Andhra Pradesh,Chittoor,Sodam,0.0,0.0,0.0,0.0,0.0,0.0,241.17643943830194,0.0,0.0,0.0,0.0,0.0,0.0
Andhra Pradesh,Chittoor,Somala,0.0,0.0,0.0,0.0,0.0,0.0,485.04404339486456,0.0,0.0,0.0,0.0,0.0,0.0
Andhra Pradesh,Chittoor,Srirangarajapuram,0.0,0.0,0.0,0.0,0.0,0.0,147.276732108639,0.0,0.0,0.0,0.0,0.0,0.0
Andhra Pradesh,Chittoor,Thavanampalle,0.0,0.0,0.0,0.0,0.0,0.0,162.9241463288732,0.0,0.0,0.0,0.0,0.0,0.0
Andhra Pradesh,Chittoor,Vedurukuppam,0.0,0.0,0.0,0.0,0.0,0.0,221.85131484775897,0.0,0.0,0.0,0.0,0.0,0.0
Andhra Pradesh,Chittoor,Venkatagirikota,0.0,0.0,0.0,0.0,0.0,0.0,324.37306177664846,0.0,0.0,0.0,0.0,0.0,0.0
Andhra Pradesh,Chittoor,Vijayapuram,0.0,0.0,0.0,0.0,0.0,0.0,118.7553120990618,0.0,0.0,0.0,0.0,0.0,0.0
Andhra Pradesh,Chittoor,Yadamarri,0.0,0.0,0.0,0.0,0.0,0.0,169.90191058670683,0.0,0.0,0.0,0.0,0.0,0.0
Andhra Pradesh,East Godavari,Anaparthy,0.0,0.0,0.0,0.0,0.0,67.0315903350094,0.0,0.0,0.0,0.0,0.0,0.0,0.0
Andhra Pradesh,East Godavari,Biccavolu,0.0,0.0,0.0,0.0,0.0,108.51897310145924,0.0,0.0,0.0,0.0,0.0,0.0,0.0
Andhra Pradesh,East Godavari,Chagallu,0.0,0.0,0.0,120.8477222786862,0.0,0.0,0.0,0.0,0.0,0.0,0.0,0.0,0.0
Andhra Pradesh,East Godavari,Devarapalle,0.0,0.0,0.0,234.0949496746156,0.0,0.0,0.0,0.0,0.0,0.0,0.0,0.0,0.0
Andhra Pradesh,East Godavari,Gokavaram,0.0,0.0,0.0,0.0,0.0,0.0,0.0,0.0,0.0,0.0,239.76932450167368,0.0,0.0
Andhra Pradesh,East Godavari,Gopalapuram,0.0,0.0,0.0,237.04870617279386,0.0,0.0,0.0,0.0,0.0,0.0,0.0,0.0,0.0
Andhra Pradesh,East Godavari,Kadiam,0.0,0.0,0.0,0.0,0.0,73.3627641158276,0.0,0.0,0.0,0.0,0.0,0.0,0.0
Andhra Pradesh,East Godavari,Korukonda,0.0,0.0,0.0,0.0,0.0,0.0,0.0,0.0,0.0,0.0,199.36297354291014,0.0,0.0
Andhra Pradesh,East Godavari,Kovvur,0.0,0.0,0.0,101.50213592272928,0.0,0.0,0.0,0.0,0.0,0.0,4.20299863209877,0.0,0.0
Andhra Pradesh,East Godavari,Nallajerla,0.0,0.0,0.0,268.89018260105263,0.0,0.0,0.0,0.0,0.0,0.0,0.0,0.0,0.0
Andhra Pradesh,East Godavari,Nidadavole,0.0,0.0,0.0,117.77776509226429,0.0,27.748899738667777,0.0,0.0,0.0,0.0,0.0,0.0,0.0
Andhra Pradesh,East Godavari,Peravali,0.0,0.0,0.0,0.0,0.0,85.66778990877472,0.0,0.0,0.0,0.0,0.0,0.0,0.0
Andhra Pradesh,East Godavari,Rajahmundry (Rural),0.0,0.0,0.0,6.653303054771155,0.0,20.795058519808588,0.0,0.0,0.0,0.0,122.8963527678946,0.0,0.0
Andhra Pradesh,East Godavari,Rajahmundry (Urban),0.0,0.0,0.0,0.0,0.0,0.0,0.0,0.0,0.0,0.0,13.486503504185134,0.0,0.0
Andhra Pradesh,East Godavari,Rajanagaram,0.0,0.0,0.0,0.0,0.0,132.64685859703383,0.0,0.0,0.0,0.0,130.13463327096207,0.0,0.0
Andhra Pradesh,East Godavari,Rangampeta,0.0,0.0,0.0,0.0,0.0,145.7419119055428,0.0,0.0,0.0,0.0,19.965538411652823,0.0,0.0
Andhra Pradesh,East Godavari,Seethanagaram,0.0,0.0,0.0,48.168190693386016,0.0,0.0,0.0,0.0,0.0,0.0,170.25666363529282,0.0,0.0
Andhra Pradesh,East Godavari,Tallapudi,0.0,0.0,0.0,96.1788224138714,0.0,0.0,0.0,0.0,0.0,0.0,0.0,0.0,0.0
Andhra Pradesh,East Godavari,Undrajavaram,0.0,0.0,0.0,0.10570742593442334,0.0,89.12384721340278,0.0,0.0,0.0,0.0,0.0,0.0,0.0
Andhra Pradesh,Eluru,Agiripalle,0.0,0.0,0.0,245.99528375522536,0.0,0.0,0.0,0.0,0.0,0.0,0.0,0.0,0.0
Andhra Pradesh,Eluru,Bhimadole,0.0,0.0,0.0,225.09393464831604,0.0,0.0,0.0,0.0,0.0,0.0,0.0,0.0,0.0
Andhra Pradesh,Eluru,Buttayagudem,0.0,0.0,0.0,597.6115857850642,0.0,0.0,0.0,0.0,0.0,0.0,0.0,0.0,0.0
Andhra Pradesh,Eluru,Chatrai,0.0,0.0,0.0,260.4834939610284,0.0,0.0,0.0,0.0,0.0,0.0,0.0,0.0,0.0
Andhra Pradesh,Eluru,Chintalapudi,0.0,0.0,0.0,409.9542546056073,0.0,0.0,0.0,0.0,0.0,0.0,0.0,0.0,0.0
Andhra Pradesh,Eluru,Denduluru,0.0,0.0,0.0,205.99262500556674,0.0,0.0,0.0,0.0,0.0,0.0,0.0,0.0,0.0
Andhra Pradesh,Eluru,Dwaraka Tirumala,0.0,0.0,0.0,273.58386749176657,0.0,0.0,0.0,0.0,0.0,0.0,0.0,0.0,0.0
Andhra Pradesh,Eluru,Eluru,0.0,0.0,0.0,213.00110985135618,0.0,52.51538582104391,0.0,0.0,0.0,0.0,0.0,0.0,0.0
Andhra Pradesh,Eluru,Ganapavaram,0.0,0.0,0.0,3.660868507326781,0.0,103.38615537933154,0.0,0.0,0.0,0.0,0.0,0.0,0.0
Andhra Pradesh,Eluru,Jangareddigudem,0.0,0.0,0.0,258.2044845603259,0.0,0.0,0.0,0.0,0.0,0.0,0.0,0.0,0.0
Andhra Pradesh,Eluru,Jeelugu Milli,0.0,0.0,0.0,230.7228316636581,0.0,0.0,0.0,0.0,0.0,0.0,0.0,0.0,0.0
Andhra Pradesh,Eluru,Kaikalur,0.0,0.0,0.0,10.731451329347154,0.0,168.1997355897922,0.0,0.0,0.0,0.0,0.0,0.0,0.0
Andhra Pradesh,Eluru,Kalidindi,0.0,0.0,0.0,0.0,0.0,196.35708649265464,0.0,0.0,0.0,0.0,0.0,0.0,0.0
Andhra Pradesh,Eluru,Kamavarapukota,0.0,0.0,0.0,238.3342919321854,0.0,0.0,0.0,0.0,0.0,0.0,0.0,0.0,0.0
Andhra Pradesh,Eluru,Koyyalagudem,0.0,0.0,0.0,200.80227496762706,0.0,0.0,0.0,0.0,0.0,0.0,0.0,0.0,0.0
Andhra Pradesh,Eluru,Kukunoor,0.0,0.0,0.0,440.4667671424596,0.0,0.0,0.0,0.0,0.0,0.0,0.0,0.0,0.0
Andhra Pradesh,Eluru,Lingapalem,0.0,0.0,0.0,219.46699960907296,0.0,0.0,0.0,0.0,0.0,0.0,0.0,0.0,0.0
Andhra Pradesh,Eluru,Mandavalli,0.0,0.0,0.0,3.680207538253705,0.0,179.62744199514438,0.0,0.0,0.0,0.0,0.0,0.0,0.0
Andhra Pradesh,Eluru,Mudinepalle,0.0,0.0,0.0,0.0,0.0,191.38479870769152,0.0,0.0,0.0,0.0,0.0,0.0,0.0
Andhra Pradesh,Eluru,Musunuru,0.0,0.0,0.0,233.932939643845,0.0,0.0,0.0,0.0,0.0,0.0,0.0,0.0,0.0
Andhra Pradesh,Eluru,Nidamarru,0.0,0.0,0.0,81.46132134423497,0.0,46.20885985920474,0.0,0.0,0.0,0.0,0.0,0.0,0.0
Andhra Pradesh,Eluru,Nuzvid,0.0,0.0,0.0,297.4452065969098,0.0,0.0,0.0,0.0,0.0,0.0,0.0,0.0,0.0
Andhra Pradesh,Eluru,Pedapadu,0.0,0.0,0.0,179.32947418629468,0.0,3.7870174991751093,0.0,0.0,0.0,0.0,0.0,0.0,0.0
Andhra Pradesh,Eluru,Pedavegi,0.0,0.0,0.0,284.99132742557987,0.0,0.0,0.0,0.0,0.0,0.0,0.0,0.0,0.0
Andhra Pradesh,Eluru,Polavaram,0.0,0.0,0.0,414.2589489673377,0.0,0.0,0.0,0.0,0.0,0.0,10.540980341867407,0.0,0.0
Andhra Pradesh,Eluru,T.Narasapuram,0.0,0.0,0.0,284.88718250643257,0.0,0.0,0.0,0.0,0.0,0.0,0.0,0.0,0.0
Andhra Pradesh,Eluru,Ungutur,0.0,0.0,0.0,221.40220480413726,0.0,0.0,0.0,0.0,0.0,0.0,0.0,0.0,0.0
Andhra Pradesh,Eluru,Velairpadu,0.0,0.0,0.0,429.1542172813915,0.0,0.0,0.0,0.0,0.0,0.0,0.0,0.0,0.0
Andhra Pradesh,Guntur,Chebrolu,0.0,0.0,0.0,0.0,0.0,146.57571688526662,0.0,0.0,0.0,0.0,0.0,0.0,0.0
Andhra Pradesh,Guntur,Duggirala,0.0,0.0,0.0,0.049623972893807704,0.0,144.28315279577038,0.0,0.0,0.0,0.0,0.0,0.0,0.0
Andhra Pradesh,Guntur,Guntur Rural,0.0,0.0,0.0,58.777663317473205,0.0,101.54321779433457,0.0,0.0,0.0,0.0,0.0,0.0,0.0
Andhra Pradesh,Guntur,Guntur Urban,0.0,0.0,0.0,2.249871792804688,0.0,44.815845898624694,0.0,0.0,0.0,0.0,0.0,0.0,0.0
Andhra Pradesh,Guntur,Kakumanu,0.0,0.0,0.0,0.0,0.0,194.1670929820965,0.0,0.0,0.0,0.0,0.0,0.0,0.0
Andhra Pradesh,Guntur,Kollipara,0.0,0.0,0.0,0.0,0.0,131.67933220364023,0.0,0.0,0.0,0.0,0.0,0.0,0.0
Andhra Pradesh,Guntur,Mangalagiri,0.0,0.0,0.0,123.96200625054082,0.0,22.245999938683244,0.0,0.0,0.0,0.0,0.0,0.0,0.0
Andhra Pradesh,Guntur,Medikonduru,0.0,0.0,0.0,144.08479654109442,0.0,2.338873272473393,0.0,0.0,0.0,0.0,0.0,0.0,0.0
Andhra Pradesh,Guntur,Pedakakani,0.0,0.0,0.0,18.603696312583807,0.0,102.16480302162627,0.0,0.0,0.0,0.0,0.0,0.0,0.0
Andhra Pradesh,Guntur,Pedanandipadu,0.0,0.0,0.0,0.0,0.0,154.91493238213477,0.0,0.0,0.0,0.0,0.0,0.0,0.0
Andhra Pradesh,Guntur,Phirangipuram,0.0,0.0,0.0,158.74383687867163,0.0,2.5108669624266597,0.0,0.0,0.0,0.0,0.0,0.0,0.0
Andhra Pradesh,Guntur,Ponnur,0.0,0.0,0.0,0.0,0.0,188.09760578475382,0.0,0.0,0.0,0.0,0.0,0.0,0.0
Andhra Pradesh,Guntur,Prathipadu,0.0,0.0,0.0,0.0,0.0,132.6599522182333,0.0,0.0,0.0,0.0,0.0,0.0,0.0
Andhra Pradesh,Guntur,Tadepalle,0.0,0.0,0.0,86.93252029362097,0.0,0.024934912056010724,0.0,0.0,0.0,0.0,0.0,0.0,0.0
Andhra Pradesh,Guntur,Tadikonda,0.0,0.0,0.0,211.29486066503054,0.0,0.0,0.0,0.0,0.0,0.0,0.0,0.0,0.0
Andhra Pradesh,Guntur,Tenali,0.0,0.0,0.0,0.0,0.0,138.49757945283702,0.0,0.0,0.0,0.0,0.0,0.0,0.0
Andhra Pradesh,Guntur,Thullur,0.0,0.0,0.0,198.87672020316379,0.0,0.0,0.0,0.0,0.0,0.0,0.0,0.0,0.0
Andhra Pradesh,Guntur,Vatticherukuru,0.0,0.0,0.0,0.0,0.0,128.93840324088865,0.0,0.0,0.0,0.0,0.0,0.0,0.0
Andhra Pradesh,Kakinada,Gandepalle,0.0,0.0,0.0,0.0,0.0,64.33117063391295,0.0,0.0,0.0,0.0,106.7981239276899,0.0,0.0
Andhra Pradesh,Kakinada,Gollaprolu,0.0,0.0,0.0,0.0,0.0,140.0034722370361,0.0,0.0,0.0,0.0,0.0,0.0,0.0
Andhra Pradesh,Kakinada,Jaggampeta,0.0,0.0,0.0,0.0,0.0,48.45799754238809,0.0,0.0,0.0,0.0,139.67054040439152,0.0,0.0
Andhra Pradesh,Kakinada,Kajuluru,0.0,0.0,0.0,0.0,0.0,126.32487630193651,0.0,0.0,0.0,0.0,0.0,0.0,0.0
Andhra Pradesh,Kakinada,Kakinada (Rural),0.0,0.0,0.0,0.0,0.0,87.27187856384336,0.0,0.0,0.0,0.0,0.0,0.0,0.0
Andhra Pradesh,Kakinada,Kakinada (Urban),0.0,0.0,0.0,0.0,0.0,36.99067215877088,0.0,0.0,0.0,0.0,0.0,0.0,0.0
Andhra Pradesh,Kakinada,Karapa,0.0,0.0,0.0,0.0,0.0,111.89683238560299,0.0,0.0,0.0,0.0,0.0,0.0,0.0
Andhra Pradesh,Kakinada,Kirlampudi,0.0,0.0,0.0,0.0,0.0,84.75544603797805,0.0,0.0,0.0,0.0,0.23735595153280037,0.0,0.0
Andhra Pradesh,Kakinada,Kotananduru,0.0,0.0,0.0,0.0,0.0,121.7907625316162,0.0,0.0,0.0,0.0,0.0,0.0,0.0
Andhra Pradesh,Kakinada,Kothapalle,0.0,0.0,0.0,0.0,0.0,117.17263196963887,0.0,0.0,0.0,0.0,0.0,0.0,0.0
Andhra Pradesh,Kakinada,Pedapudi,0.0,0.0,0.0,0.0,0.0,116.94369306382559,0.0,0.0,0.0,0.0,0.0,0.0,0.0
Andhra Pradesh,Kakinada,Peddapuram,0.0,0.0,0.0,0.0,0.0,162.1517573611418,0.0,0.0,0.0,0.0,0.0,0.0,0.0
Andhra Pradesh,Kakinada,Pithapuram,0.0,0.0,0.0,0.0,0.0,137.77200784614922,0.0,0.0,0.0,0.0,0.0,0.0,0.0
Andhra Pradesh,Kakinada,Prathipadu,0.0,0.0,0.0,0.0,0.0,247.33129264092125,0.0,0.0,0.0,0.0,54.08459408570498,0.0,0.0
Andhra Pradesh,Kakinada,Rowthulapudi,0.0,0.0,0.0,0.0,0.0,253.6935738103588,0.0,0.0,0.0,0.0,24.92621563949785,0.0,0.0
Andhra Pradesh,Kakinada,Samalkota,0.0,0.0,0.0,0.0,0.0,164.88103362110604,0.0,0.0,0.0,0.0,0.0,0.0,0.0
Andhra Pradesh,Kakinada,Sankhavaram,0.0,0.0,0.0,0.0,0.0,184.15639451415709,0.0,0.0,0.0,0.0,11.075534442997785,0.0,0.0
Andhra Pradesh,Kakinada,Thallarevu,0.0,0.0,0.0,0.0,0.0,339.78201303614327,0.0,0.0,0.0,0.0,0.0,0.0,0.0
Andhra Pradesh,Kakinada,Thondangi,0.0,0.0,0.0,0.0,0.0,194.61686284169312,0.0,0.0,0.0,0.0,0.0,0.0,0.0
Andhra Pradesh,Kakinada,Tuni,0.0,0.0,0.0,0.0,0.0,201.47799089726942,0.0,0.0,0.0,0.0,0.0,0.0,0.0
Andhra Pradesh,Kakinada,Yeleswaram,0.0,0.0,0.0,0.0,0.0,38.90180482959807,0.0,0.0,0.0,0.0,124.75091895772998,0.0,0.0
Andhra Pradesh,Kona Seema,Ainavilli,0.0,0.0,0.0,0.0,0.0,105.3224773073088,0.0,0.0,0.0,0.0,0.0,0.0,0.0
Andhra Pradesh,Kona Seema,Alamuru,0.0,0.0,0.0,0.0,0.0,82.5141184108115,0.0,0.0,0.0,0.0,0.0,0.0,0.0
Andhra Pradesh,Kona Seema,Allavaram,0.0,0.0,0.0,0.0,0.0,124.35284406361205,0.0,0.0,0.0,0.0,0.0,0.0,0.0
Andhra Pradesh,Kona Seema,Amalapuram,0.0,0.0,0.0,0.0,0.0,89.29900096297293,0.0,0.0,0.0,0.0,0.0,0.0,0.0
Andhra Pradesh,Kona Seema,Ambajipeta,0.0,0.0,0.0,0.0,0.0,57.971971234770514,0.0,0.0,0.0,0.0,0.0,0.0,0.0
Andhra Pradesh,Kona Seema,Atreyapuram,0.0,0.0,0.0,3.900759526411163,0.0,180.49391288523802,0.0,0.0,0.0,0.0,7.219241562627839,0.0,0.0
Andhra Pradesh,Kona Seema,I. Polavaram,0.0,0.0,0.0,0.0,0.0,108.22456545330428,0.0,0.0,0.0,0.0,0.0,0.0,0.0
Andhra Pradesh,Kona Seema,Kapileswarapuram,0.0,0.0,0.0,0.0,0.0,137.3681030714859,0.0,0.0,0.0,0.0,0.0,0.0,0.0
Andhra Pradesh,Kona Seema,Katrenikona,0.0,0.0,0.0,0.0,0.0,277.47206636614743,0.0,0.0,0.0,0.0,0.0,0.0,0.0
Andhra Pradesh,Kona Seema,Kothapeta,0.0,0.0,0.0,0.0,0.0,83.6700020580961,0.0,0.0,0.0,0.0,0.0,0.0,0.0
Andhra Pradesh,Kona Seema,Malikipuram,0.0,0.0,0.0,0.0,0.0,101.14285368091977,0.0,0.0,0.0,0.0,0.0,0.0,0.0
Andhra Pradesh,Kona Seema,Mamidikuduru,0.0,0.0,0.0,0.0,0.0,92.5662091268438,0.0,0.0,0.0,0.0,0.0,0.0,0.0
Andhra Pradesh,Kona Seema,Mandapeta,0.0,0.0,0.0,0.0,0.0,120.15112625802728,0.0,0.0,0.0,0.0,0.0,0.0,0.0
Andhra Pradesh,Kona Seema,Mummidivaram,0.0,0.0,0.0,0.0,0.0,92.75809613934598,0.0,0.0,0.0,0.0,0.0,0.0,0.0
Andhra Pradesh,Kona Seema,P.Gannavaram,0.0,0.0,0.0,0.0,0.0,129.31325126487138,0.0,0.0,0.0,0.0,0.0,0.0,0.0
Andhra Pradesh,Kona Seema,Pamarru,0.0,0.0,0.0,0.0,0.0,102.2547560641613,0.0,0.0,0.0,0.0,0.0,0.0,0.0
Andhra Pradesh,Kona Seema,Ramachandrapuram,0.0,0.0,0.0,0.0,0.0,116.47763645594524,0.0,0.0,0.0,0.0,0.0,0.0,0.0
Andhra Pradesh,Kona Seema,Ravulapalem,0.0,0.0,0.0,0.0,0.0,71.92415825450801,0.0,0.0,0.0,0.0,0.0,0.0,0.0
Andhra Pradesh,Kona Seema,Rayavaram,0.0,0.0,0.0,0.0,0.0,85.20410065131797,0.0,0.0,0.0,0.0,0.0,0.0,0.0
Andhra Pradesh,Kona Seema,Razole,0.0,0.0,0.0,0.0,0.0,80.17568843728854,0.0,0.0,0.0,0.0,0.0,0.0,0.0
Andhra Pradesh,Kona Seema,Sakhinetipalle,0.0,0.0,0.0,0.0,0.0,145.49582939160567,0.0,0.0,0.0,0.0,0.0,0.0,0.0
Andhra Pradesh,Kona Seema,Uppalaguptam,0.0,0.0,0.0,0.0,0.0,127.52012086798157,0.0,0.0,0.0,0.0,0.0,0.0,0.0
Andhra Pradesh,Krishna,Avanigadda,0.0,0.0,0.0,0.0,0.0,81.13996512540176,0.0,0.0,0.0,0.0,0.0,0.0,0.0
Andhra Pradesh,Krishna,Bantumilli,0.0,0.0,0.0,0.0,0.0,139.76950574881144,0.0,0.0,0.0,0.0,0.0,0.0,0.0
Andhra Pradesh,Krishna,Bapulapadu,0.0,0.0,0.0,238.55372009242691,0.0,2.93466635546298,0.0,0.0,0.0,0.0,0.0,0.0,0.0
Andhra Pradesh,Krishna,Challapalle,0.0,0.0,0.0,0.0,0.0,102.2597542948805,0.0,0.0,0.0,0.0,0.0,0.0,0.0
Andhra Pradesh,Krishna,Gannavaram,0.0,0.0,0.0,226.76207554025524,0.0,0.0,0.0,0.0,0.0,0.0,0.0,0.0,0.0
Andhra Pradesh,Krishna,Ghantasala,0.0,0.0,0.0,0.0,0.0,127.73211973890344,0.0,0.0,0.0,0.0,0.0,0.0,0.0
Andhra Pradesh,Krishna,Gudivada,0.0,0.0,0.0,0.0,0.0,120.94134573382357,0.0,0.0,0.0,0.0,0.0,0.0,0.0
Andhra Pradesh,Krishna,Gudlavalleru,0.0,0.0,0.0,0.0,0.0,134.57425600757102,0.0,0.0,0.0,0.0,0.0,0.0,0.0
Andhra Pradesh,Krishna,Guduru,0.0,0.0,0.0,0.0,0.0,135.50573068666884,0.0,0.0,0.0,0.0,0.0,0.0,0.0
Andhra Pradesh,Krishna,Kankipadu,0.0,0.0,0.0,34.195514090013454,0.0,84.2342597557445,0.0,0.0,0.0,0.0,0.0,0.0,0.0
Andhra Pradesh,Krishna,Koduru,0.0,0.0,0.0,0.0,0.0,222.85937237388404,0.0,0.0,0.0,0.0,0.0,0.0,0.0
Andhra Pradesh,Krishna,Kruthivennu,0.0,0.0,0.0,0.0,0.0,159.35989922409394,0.0,0.0,0.0,0.0,0.0,0.0,0.0
Andhra Pradesh,Krishna,Machilipatnam,0.0,0.0,0.0,0.0,0.0,419.64438844388604,0.0,0.0,0.0,0.0,0.0,0.0,0.0
Andhra Pradesh,Krishna,Mopidevi,0.0,0.0,0.0,0.0,0.0,94.4611651495655,0.0,0.0,0.0,0.0,0.0,0.0,0.0
Andhra Pradesh,Krishna,Movva,0.0,0.0,0.0,0.0,0.0,155.5684811650851,0.0,0.0,0.0,0.0,0.0,0.0,0.0
Andhra Pradesh,Krishna,Nagayalanka,0.0,0.0,0.0,0.0,0.0,397.64842799350816,0.0,0.0,0.0,0.0,0.0,0.0,0.0
Andhra Pradesh,Krishna,Nandivada,0.0,0.0,0.0,6.828271906758892,0.0,168.64584929490175,0.0,0.0,0.0,0.0,0.0,0.0,0.0
Andhra Pradesh,Krishna,Pamarru,0.0,0.0,0.0,0.0,0.0,132.64873242022918,0.0,0.0,0.0,0.0,0.0,0.0,0.0
Andhra Pradesh,Krishna,Pamidimukkala,0.0,0.0,0.0,0.0,0.0,134.00345785786138,0.0,0.0,0.0,0.0,0.0,0.0,0.0
Andhra Pradesh,Krishna,Pedana,0.0,0.0,0.0,0.0,0.0,154.53360743490475,0.0,0.0,0.0,0.0,0.0,0.0,0.0
Andhra Pradesh,Krishna,Pedaparupudi,0.0,0.0,0.0,0.0,0.0,104.12618413793666,0.0,0.0,0.0,0.0,0.0,0.0,0.0
Andhra Pradesh,Krishna,Penamaluru,0.0,0.0,0.0,61.02725669478568,0.0,25.685021284236864,0.0,0.0,0.0,0.0,0.0,0.0,0.0
Andhra Pradesh,Krishna,Thotlavalluru,0.0,0.0,0.0,0.0,0.0,125.89298252590926,0.0,0.0,0.0,0.0,0.0,0.0,0.0
Andhra Pradesh,Krishna,Unguturu,0.0,0.0,0.0,94.6655201295606,0.0,66.44772775001708,0.0,0.0,0.0,0.0,0.0,0.0,0.0
Andhra Pradesh,Krishna,Vuyyuru,0.0,0.0,0.0,0.0,0.0,91.33337975835808,0.0,0.0,0.0,0.0,0.0,0.0,0.0
Andhra Pradesh,Kurnool,Adoni,0.0,0.0,0.0,601.5399276935422,1.9893897411024095,0.0,0.0,0.0,0.0,0.0,0.0,0.0,0.0
Andhra Pradesh,Kurnool,Alur,0.0,0.0,0.0,386.9845575389308,0.0,0.0,0.0,0.0,0.0,0.0,0.0,0.0,0.0
Andhra Pradesh,Kurnool,Aspari,0.0,0.0,0.0,462.09131444602195,0.0,0.0,0.0,0.0,0.0,0.0,0.0,0.0,0.0
Andhra Pradesh,Kurnool,C.Belagal,0.0,0.0,0.0,236.3209361635584,0.0,0.0,0.0,0.0,0.0,0.0,0.0,0.0,0.0
Andhra Pradesh,Kurnool,Chippagiri,0.0,0.0,0.0,183.98209860287545,0.0,0.0,0.0,0.0,0.0,0.0,0.0,141.77809011175952,0.0
Andhra Pradesh,Kurnool,Devanakonda,0.0,0.0,0.0,520.5592199563065,0.0,0.0,0.0,0.0,0.0,0.0,0.0,0.0,0.0
Andhra Pradesh,Kurnool,Gonegandla,0.0,0.0,0.0,299.06577354384996,0.0,0.0,0.0,0.0,0.0,0.0,0.0,0.0,0.0
Andhra Pradesh,Kurnool,Gudur,0.0,0.0,0.0,175.90085662860454,0.0,0.0,0.0,0.0,0.0,0.0,0.0,0.0,0.0
Andhra Pradesh,Kurnool,Halaharvi,0.0,0.0,0.0,224.08116355457582,0.0,0.0,0.0,0.0,0.0,0.0,0.0,90.31922834701324,0.0
Andhra Pradesh,Kurnool,Holagunda,0.0,0.0,0.0,331.77991634807233,1.5106553794014392,0.0,0.0,0.0,0.0,0.0,0.0,1.1210065589815734,0.0
Andhra Pradesh,Kurnool,Kallur,0.0,0.0,0.0,354.5295663180997,0.0,0.0,0.0,0.0,0.0,0.0,0.0,0.0,0.0
Andhra Pradesh,Kurnool,Kodumur,0.0,0.0,0.0,252.77722750702122,0.0,0.0,0.0,0.0,0.0,0.0,0.0,0.0,0.0
Andhra Pradesh,Kurnool,Kosigi,0.0,0.0,0.0,256.83774064368197,0.0,0.0,0.0,0.0,0.0,0.0,0.0,0.0,0.0
Andhra Pradesh,Kurnool,Kowthalam,0.0,0.0,0.0,401.34633885871756,4.9993561079325834,0.0,0.0,0.0,0.0,0.0,0.0,0.0,0.0
Andhra Pradesh,Kurnool,Krishnagiri,0.0,0.0,0.0,435.50474085216536,0.0,0.0,0.0,0.0,0.0,0.0,0.0,0.0,0.0
Andhra Pradesh,Kurnool,Kurnool Rural,0.0,0.0,0.0,370.1992919946803,0.0,0.0,0.0,0.0,0.0,0.0,0.0,0.0,0.0
Andhra Pradesh,Kurnool,Kurnool Urban,0.0,0.0,0.0,17.467937401196327,0.0,0.0,0.0,0.0,0.0,0.0,0.0,0.0,0.0
Andhra Pradesh,Kurnool,Maddikera (East),0.0,0.0,0.0,252.34525190567516,0.0,0.0,0.0,0.0,0.0,0.0,0.0,1.4007152006933596,0.0
Andhra Pradesh,Kurnool,Mantralayam,0.0,0.0,0.0,209.41894798522554,0.0,0.0,0.0,0.0,0.0,0.0,0.0,0.0,0.0
Andhra Pradesh,Kurnool,Nandavaram,0.0,0.0,0.0,290.18285801658226,0.0,0.0,0.0,0.0,0.0,0.0,0.0,0.0,0.0
Andhra Pradesh,Kurnool,Orvakal,0.0,0.0,0.0,399.3188514354384,0.0,0.0,0.0,0.0,0.0,0.0,0.0,0.0,0.0
Andhra Pradesh,Kurnool,Pattikonda,0.0,0.0,0.0,312.88792111891587,0.0,0.0,0.0,0.0,0.0,0.0,0.0,0.0,0.0
Andhra Pradesh,Kurnool,Pedda Kadubur,0.0,0.0,0.0,234.16287619090767,0.0,0.0,0.0,0.0,0.0,0.0,0.0,0.0,0.0
Andhra Pradesh,Kurnool,Tuggali,0.0,0.0,0.0,400.1052829066632,0.0,0.0,0.0,0.0,0.0,0.0,0.0,5.093853083319666,0.0
Andhra Pradesh,Kurnool,Veldurthi,0.0,0.0,0.0,371.7323673239119,0.0,0.0,0.0,0.0,0.0,0.0,0.0,0.0,0.0
Andhra Pradesh,Kurnool,Yemmiganur,0.0,0.0,0.0,331.4224799820445,0.0,0.0,0.0,0.0,0.0,0.0,0.0,0.0,0.0
Andhra Pradesh,Manyam,Balijipeta,0.0,0.0,0.0,0.0,0.0,4.532157961323841,0.0,0.0,0.0,0.0,161.7557708796125,0.0,0.0
Andhra Pradesh,Manyam,Bhamini,0.0,0.0,0.0,0.0,0.0,0.0,0.0,0.0,0.0,0.0,170.73921184309194,0.0,0.0
Andhra Pradesh,Manyam,Garugubilli,0.0,0.0,0.0,0.0,0.0,0.0,0.0,0.0,0.0,0.0,135.65272950886916,0.0,0.0
Andhra Pradesh,Manyam,Gummalakshmipuram,0.0,0.0,0.0,0.0,0.0,0.0,0.0,0.0,0.0,0.0,422.00962540929436,0.0,0.0
Andhra Pradesh,Manyam,Jiyyammavalasa,0.0,0.0,0.0,0.0,0.0,0.0,0.0,0.0,0.0,0.0,211.71393262537765,0.0,0.0
Andhra Pradesh,Manyam,Komarada,0.0,0.0,0.0,0.0,0.0,0.0,0.0,0.0,0.0,0.0,332.7156142451604,0.0,0.0
Andhra Pradesh,Manyam,Kurupam,0.0,0.0,0.0,0.0,0.0,0.0,0.0,0.0,0.0,0.0,375.8572105694074,0.0,0.0
Andhra Pradesh,Manyam,Makkuva,0.0,0.0,0.0,0.0,0.0,0.0,0.0,0.0,0.0,0.0,190.20076334041167,0.0,0.0
Andhra Pradesh,Manyam,Pachipenta,0.0,0.0,0.0,0.0,0.0,0.0,0.0,0.0,0.0,0.0,358.184842908469,0.0,0.0
Andhra Pradesh,Manyam,Palakonda,0.0,0.0,0.0,0.0,0.0,82.07263594798636,0.0,0.0,0.0,0.0,40.29709342235611,0.0,0.0
Andhra Pradesh,Manyam,Parvathipuram,0.0,0.0,0.0,0.0,0.0,0.0,0.0,0.0,0.0,0.0,265.7714818629812,0.0,0.0
Andhra Pradesh,Manyam,Salur,0.0,0.0,0.0,0.0,0.0,0.0,0.0,0.0,0.0,0.0,500.08569031801676,0.0,0.0
Andhra Pradesh,Manyam,Seethampeta,0.0,0.0,0.0,0.0,0.0,193.52038582982766,0.0,0.0,0.0,0.0,306.5742337521934,0.0,0.0
Andhra Pradesh,Manyam,Seethanagaram,0.0,0.0,0.0,0.0,0.0,0.0,0.0,0.0,0.0,0.0,167.1009633329022,0.0,0.0
Andhra Pradesh,Manyam,Veeraghattam,0.0,0.0,0.0,0.0,0.0,3.7043303381815282,0.0,0.0,0.0,0.0,143.8399576909206,0.0,0.0
Andhra Pradesh,NTR,A.Konduru,0.0,0.0,0.0,223.53444858191747,0.0,0.0,0.0,0.0,0.0,0.0,0.0,0.0,0.0
Andhra Pradesh,NTR,Chandarlapadu,0.0,0.0,0.0,262.37300877266,0.0,0.0,0.0,0.0,0.0,0.0,0.0,0.0,0.0
Andhra Pradesh,NTR,G.Konduru,0.0,0.0,0.0,291.52065446605997,0.0,0.0,0.0,0.0,0.0,0.0,0.0,0.0,0.0
Andhra Pradesh,NTR,Gampalagudem,0.0,0.0,0.0,246.85816088954817,0.0,0.0,0.0,0.0,0.0,0.0,0.0,0.0,0.0
Andhra Pradesh,NTR,Ibrahimpatnam,0.0,0.0,0.0,189.3328011141743,0.0,0.0,0.0,0.0,0.0,0.0,0.0,0.0,0.0
Andhra Pradesh,NTR,Jaggayyapeta,0.0,0.0,0.0,300.5302592297922,0.0,0.0,0.0,0.0,0.0,0.0,0.0,0.0,0.0
Andhra Pradesh,NTR,Kanchikacherla,0.0,0.0,0.0,205.10964530361372,0.0,0.0,0.0,0.0,0.0,0.0,0.0,0.0,0.0
Andhra Pradesh,NTR,Mylavaram,0.0,0.0,0.0,223.0981932628601,0.0,0.0,0.0,0.0,0.0,0.0,0.0,0.0,0.0
Andhra Pradesh,NTR,Nandigama,0.0,0.0,0.0,202.73037697513737,0.0,0.0,0.0,0.0,0.0,0.0,0.0,0.0,0.0
Andhra Pradesh,NTR,Penuganchiprolu,0.0,0.0,0.0,179.78436447844092,0.0,0.0,0.0,0.0,0.0,0.0,0.0,0.0,0.0
Andhra Pradesh,NTR,Reddigudem,0.0,0.0,0.0,186.3519512884457,0.0,0.0,0.0,0.0,0.0,0.0,0.0,0.0,0.0
Andhra Pradesh,NTR,Tiruvuru,0.0,0.0,0.0,209.32429148426962,0.0,0.0,0.0,0.0,0.0,0.0,0.0,0.0,0.0
Andhra Pradesh,NTR,Vatsavai,0.0,0.0,0.0,210.98046171169662,0.0,0.0,0.0,0.0,0.0,0.0,0.0,0.0,0.0
Andhra Pradesh,NTR,Veerullapadu,0.0,0.0,0.0,229.19623183373926,0.0,0.0,0.0,0.0,0.0,0.0,0.0,0.0,0.0
Andhra Pradesh,NTR,Vijayawada (Rural),0.0,0.0,0.0,165.9315228482445,0.0,0.0,0.0,0.0,0.0,0.0,0.0,0.0,0.0
Andhra Pradesh,NTR,Vijayawada Central,0.0,0.0,0.0,20.306630326692677,0.0,0.0,0.0,0.0,0.0,0.0,0.0,0.0,0.0
Andhra Pradesh,NTR,Vijayawada East,0.0,0.0,0.0,9.755550827139515,0.0,0.0,0.0,0.0,0.0,0.0,0.0,0.0,0.0
Andhra Pradesh,NTR,Vijayawada North,0.0,0.0,0.0,17.823974274941794,0.0,0.0,0.0,0.0,0.0,0.0,0.0,0.0,0.0
Andhra Pradesh,NTR,Vijayawada West,0.0,0.0,0.0,14.223729268413924,0.0,0.0,0.0,0.0,0.0,0.0,0.0,0.0,0.0
Andhra Pradesh,NTR,Vissannapet,0.0,0.0,0.0,227.53570669778517,0.0,0.0,0.0,0.0,0.0,0.0,0.0,0.0,0.0
Andhra Pradesh,Nandyal,Allagadda,0.0,0.0,0.0,276.272446908867,0.0,0.0,0.0,0.0,0.0,0.0,0.0,0.0,0.0
Andhra Pradesh,Nandyal,Atmakur,0.0,0.0,0.0,887.6989894587583,0.0,0.0,0.0,0.0,0.0,0.0,0.0,0.0,0.0
Andhra Pradesh,Nandyal,Banaganapalle,0.0,0.0,0.0,528.6562547276309,0.0,0.0,0.0,0.0,0.0,0.0,0.0,0.0,0.0
Andhra Pradesh,Nandyal,Bandi Atmakur,0.0,0.0,0.0,574.7394571878823,0.0,0.0,0.0,0.0,0.0,0.0,0.0,0.0,0.0
Andhra Pradesh,Nandyal,Bethamcherla,0.0,0.0,0.0,387.51118092387884,0.0,0.0,0.0,0.0,0.0,0.0,0.0,0.0,0.0
Andhra Pradesh,Nandyal,Chagalamarri,0.0,0.0,0.0,391.40476221257455,0.0,0.0,0.0,0.0,0.0,0.0,0.0,0.0,0.0
Andhra Pradesh,Nandyal,Dhone,0.0,0.0,0.0,548.8661891547968,0.0,0.0,0.0,0.0,0.0,0.0,0.0,0.0,0.0
Andhra Pradesh,Nandyal,Dornipadu,0.0,0.0,0.0,129.55168962941576,0.0,0.0,0.0,0.0,0.0,0.0,0.0,0.0,0.0
Andhra Pradesh,Nandyal,Gadivemula,0.0,0.0,0.0,246.14935432095902,0.0,0.0,0.0,0.0,0.0,0.0,0.0,0.0,0.0
Andhra Pradesh,Nandyal,Gospadu,0.0,0.0,0.0,145.1443224864244,0.0,0.0,0.0,0.0,0.0,0.0,0.0,0.0,0.0
Andhra Pradesh,Nandyal,Jupadu Bungalow,0.0,0.0,0.0,239.03106188395972,0.0,0.0,0.0,0.0,0.0,0.0,0.0,0.0,0.0
Andhra Pradesh,Nandyal,Koilkuntla,0.0,0.0,0.0,217.89561919254004,0.0,0.0,0.0,0.0,0.0,0.0,0.0,0.0,0.0
Andhra Pradesh,Nandyal,Kolimigundla,0.0,0.0,0.0,372.04218275815794,0.0,0.0,0.0,0.0,0.0,0.0,0.0,0.3419280514962051,0.0
Andhra Pradesh,Nandyal,Kothapalle,0.0,0.0,0.0,657.1073103886256,0.0,0.0,0.0,0.0,0.0,0.0,0.0,0.0,0.0
Andhra Pradesh,Nandyal,Mahanandi,0.0,0.0,0.0,301.56720227151254,0.0,0.0,0.0,0.0,0.0,0.0,0.0,0.0,0.0
Andhra Pradesh,Nandyal,Midthur,0.0,0.0,0.0,326.0783623212941,0.0,0.0,0.0,0.0,0.0,0.0,0.0,0.0,0.0
Andhra Pradesh,Nandyal,Nandikotkur,0.0,0.0,0.0,188.86409466318545,0.0,0.0,0.0,0.0,0.0,0.0,0.0,0.0,0.0
Andhra Pradesh,Nandyal,Nandyal,0.0,0.0,0.0,234.33846358615955,0.0,0.0,0.0,0.0,0.0,0.0,0.0,0.0,0.0
Andhra Pradesh,Nandyal,Owk,0.0,0.0,0.0,549.0808299340144,0.0,0.0,0.0,0.0,0.0,0.0,0.0,0.0,0.0
Andhra Pradesh,Nandyal,Pagidyala,0.0,0.0,0.0,100.44176077532038,0.0,0.0,0.0,0.0,0.0,0.0,0.0,0.0,0.0
Andhra Pradesh,Nandyal,Pamulapadu,0.0,0.0,0.0,203.9583074552691,0.0,0.0,0.0,0.0,0.0,0.0,0.0,0.0,0.0
Andhra Pradesh,Nandyal,Panyam,0.0,0.0,0.0,546.0300570919684,0.0,0.0,0.0,0.0,0.0,0.0,0.0,0.0,0.0
Andhra Pradesh,Nandyal,Peapally,0.0,0.0,0.0,555.4016071130575,0.0,0.0,0.0,0.0,0.0,0.0,0.0,34.4617840531308,0.0
Andhra Pradesh,Nandyal,Rudravaram,0.0,0.0,0.0,722.4277286161215,0.0,0.0,0.0,0.0,0.0,0.0,0.0,0.0,0.0
Andhra Pradesh,Nandyal,Sanjamala,0.0,0.0,0.0,305.76224893463046,0.0,0.0,0.0,0.0,0.0,0.0,0.0,0.0,0.0
Andhra Pradesh,Nandyal,Sirvel,0.0,0.0,0.0,189.88329968516527,0.0,0.0,0.0,0.0,0.0,0.0,0.0,0.0,0.0
Andhra Pradesh,Nandyal,Srisailam,0.0,0.0,0.0,101.32414225910755,0.0,0.0,0.0,0.0,0.0,0.0,0.0,0.0,0.0
Andhra Pradesh,Nandyal,Uyyalawada,0.0,0.0,0.0,217.91286855255817,0.0,0.0,0.0,0.0,0.0,0.0,0.0,0.0,0.0
Andhra Pradesh,Nandyal,Velgode,0.0,0.0,0.0,380.152686537279,0.0,0.0,0.0,0.0,0.0,0.0,0.0,0.0,0.0
Andhra Pradesh,Palnadu,Amaravathi,0.0,0.0,0.0,233.66399608867403,0.0,0.0,0.0,0.0,0.0,0.0,0.0,0.0,0.0
Andhra Pradesh,Palnadu,Atchampet,0.0,0.0,0.0,233.65420636756434,0.0,0.0,0.0,0.0,0.0,0.0,0.0,0.0,0.0
Andhra Pradesh,Palnadu,Bellamkonda,0.0,0.0,0.0,385.65094904815015,0.0,0.0,0.0,0.0,0.0,0.0,0.0,0.0,0.0
Andhra Pradesh,Palnadu,Bollapalle,0.0,0.0,0.0,613.9623200451832,0.0,0.0,0.0,0.0,0.0,0.0,0.0,0.0,0.0
Andhra Pradesh,Palnadu,Chilakaluripet,0.0,0.0,0.0,0.5659884128627607,0.0,229.87745279196625,0.0,0.0,0.0,0.0,0.0,0.0,0.0
Andhra Pradesh,Palnadu,Dachepalle,0.0,0.0,0.0,310.85736537491863,0.0,0.0,0.0,0.0,0.0,0.0,0.0,0.0,0.0
Andhra Pradesh,Palnadu,Durgi,0.0,0.0,0.0,418.0319818207215,0.0,0.0,0.0,0.0,0.0,0.0,0.0,0.0,0.0
Andhra Pradesh,Palnadu,Edlapadu,0.0,0.0,0.0,10.454378093922994,0.0,192.05160676608585,0.0,0.0,0.0,0.0,0.0,0.0,0.0
Andhra Pradesh,Palnadu,Gurazala,0.0,0.0,0.0,290.8856217904712,0.0,0.0,0.0,0.0,0.0,0.0,0.0,0.0,0.0
Andhra Pradesh,Palnadu,Ipur,0.0,0.0,0.0,361.45278186440413,0.0,0.0,0.0,0.0,0.0,0.0,0.0,0.0,0.0
Andhra Pradesh,Palnadu,Karempudi,0.0,0.0,0.0,263.2118275757582,0.0,0.0,0.0,0.0,0.0,0.0,0.0,0.0,0.0
Andhra Pradesh,Palnadu,Krosuru,0.0,0.0,0.0,178.70796951711066,0.0,0.0,0.0,0.0,0.0,0.0,0.0,0.0,0.0
Andhra Pradesh,Palnadu,Machavaram,0.0,0.0,0.0,222.28702366394313,0.0,0.0,0.0,0.0,0.0,0.0,0.0,0.0,0.0
Andhra Pradesh,Palnadu,Macherla,0.0,0.0,0.0,406.1372461833766,0.0,0.0,0.0,0.0,0.0,0.0,0.0,0.0,0.0
Andhra Pradesh,Palnadu,Muppalla,0.0,0.0,0.0,144.47915828442555,0.0,0.0,0.0,0.0,0.0,0.0,0.0,0.0,0.0
Andhra Pradesh,Palnadu,Nadendla,0.0,0.0,0.0,85.87920071289209,0.0,94.25776552447867,0.0,0.0,0.0,0.0,0.0,0.0,0.0
Andhra Pradesh,Palnadu,Narasaraopet,0.0,0.0,0.0,243.05750358960796,0.0,11.173576479258736,0.0,0.0,0.0,0.0,0.0,0.0,0.0
Andhra Pradesh,Palnadu,Nekarikallu,0.0,0.0,0.0,283.876618688923,0.0,0.0,0.0,0.0,0.0,0.0,0.0,0.0,0.0
Andhra Pradesh,Palnadu,Nuzendla,0.0,0.0,0.0,377.5104475833808,0.0,7.448742185878959,0.0,0.0,0.0,0.0,0.0,0.0,0.0
Andhra Pradesh,Palnadu,Pedakurapadu,0.0,0.0,0.0,153.18357819885324,0.0,0.0,0.0,0.0,0.0,0.0,0.0,0.0,0.0
Andhra Pradesh,Palnadu,Piduguralla,0.0,0.0,0.0,280.64126503203954,0.0,0.0,0.0,0.0,0.0,0.0,0.0,0.0,0.0
Andhra Pradesh,Palnadu,Rajupalem,0.0,0.0,0.0,174.1367094132917,0.0,0.0,0.0,0.0,0.0,0.0,0.0,0.0,0.0
Andhra Pradesh,Palnadu,Rentachintala,0.0,0.0,0.0,211.6280882730828,0.0,0.0,0.0,0.0,0.0,0.0,0.0,0.0,0.0
Andhra Pradesh,Palnadu,Rompicherla,0.0,0.0,0.0,250.78237733265158,0.0,0.0,0.0,0.0,0.0,0.0,0.0,0.0,0.0
Andhra Pradesh,Palnadu,Sattenapalle,0.0,0.0,0.0,260.96706598967444,0.0,0.0,0.0,0.0,0.0,0.0,0.0,0.0,0.0
Andhra Pradesh,Palnadu,Savalyapuram,0.0,0.0,0.0,163.79556440030157,0.0,0.0,0.0,0.0,0.0,0.0,0.0,0.0,0.0
Andhra Pradesh,Palnadu,Veldurthi,0.0,0.0,0.0,568.9368642947779,0.0,0.0,0.0,0.0,0.0,0.0,0.0,0.0,0.0
Andhra Pradesh,Palnadu,Vinukonda,0.0,0.0,0.0,287.6118447395561,0.0,18.04377421047086,0.0,0.0,0.0,0.0,0.0,0.0,0.0
Andhra Pradesh,Prakasam,Ardhaveedu,0.0,0.0,0.0,276.7770020595366,0.0,0.0,0.0,0.0,0.0,0.0,0.0,0.0,0.0
Andhra Pradesh,Prakasam,Bestawaripeta,0.0,0.0,0.0,678.0250198611008,0.0,0.0,0.0,0.0,0.0,0.0,0.0,0.0,0.0
Andhra Pradesh,Prakasam,Chandrasekhara Puram,0.0,0.0,0.0,618.0038854362999,0.0,0.0,0.0,0.0,0.0,0.0,0.0,0.0,0.0
Andhra Pradesh,Prakasam,Chimakurthi,0.0,0.0,0.0,0.0,0.0,316.9146503247998,0.0,0.0,0.0,0.0,0.0,0.0,0.0
Andhra Pradesh,Prakasam,Cumbum,0.0,0.0,0.0,142.75163244661604,0.0,0.0,0.0,0.0,0.0,0.0,0.0,0.0,0.0
Andhra Pradesh,Prakasam,Darsi,0.0,0.0,0.0,358.9200331011165,0.0,35.05758302156115,0.0,0.0,0.0,0.0,0.0,0.0,0.0
Andhra Pradesh,Prakasam,Donakonda,0.0,0.0,0.0,358.5306536025732,0.0,0.0,0.0,0.0,0.0,0.0,0.0,0.0,0.0
Andhra Pradesh,Prakasam,Dornala,0.0,0.0,0.0,944.4723064611272,0.0,0.0,0.0,0.0,0.0,0.0,0.0,0.0,0.0
Andhra Pradesh,Prakasam,Giddalur,0.0,0.0,0.0,1409.8035152901266,0.0,0.0,0.0,0.0,0.0,0.0,0.0,0.0,0.0
Andhra Pradesh,Prakasam,Hanumanthunipadu,0.0,0.0,0.0,373.51608476873446,0.0,0.0,0.0,0.0,0.0,0.0,0.0,0.0,0.0
Andhra Pradesh,Prakasam,Kanigiri,0.0,0.0,0.0,556.7057299246138,0.0,0.0,0.0,0.0,0.0,0.0,0.0,0.0,0.0
Andhra Pradesh,Prakasam,Komarolu,0.0,0.0,0.0,279.2875350664524,0.0,0.0,0.0,0.0,0.0,0.0,0.0,0.0,0.0
Andhra Pradesh,Prakasam,Konakanamitla,0.0,0.0,0.0,461.84390213264226,0.0,0.0,0.0,0.0,0.0,0.0,0.0,0.0,0.0
Andhra Pradesh,Prakasam,Kondapi,0.0,0.0,0.0,0.0,0.0,223.90657364823335,0.0,0.0,0.0,0.0,0.0,0.0,0.0
Andhra Pradesh,Prakasam,Kotha Patnam,0.0,0.0,0.0,0.0,0.0,176.32725465914115,0.0,0.0,0.0,0.0,0.0,0.0,0.0
Andhra Pradesh,Prakasam,Kurichedu,0.0,0.0,0.0,326.75934409413617,0.0,0.0,0.0,0.0,0.0,0.0,0.0,0.0,0.0
Andhra Pradesh,Prakasam,Maddipadu,0.0,0.0,0.0,0.0,0.0,181.20012862199212,0.0,0.0,0.0,0.0,0.0,0.0,0.0
Andhra Pradesh,Prakasam,Markapur,0.0,0.0,0.0,335.0445859883178,0.0,0.0,0.0,0.0,0.0,0.0,0.0,0.0,0.0
Andhra Pradesh,Prakasam,Marripudi,0.0,0.0,0.0,352.4810938798093,0.0,97.91478694438156,0.0,0.0,0.0,0.0,0.0,0.0,0.0
Andhra Pradesh,Prakasam,Mundlamuru,0.0,0.0,0.0,124.84851177270747,0.0,211.95855433239527,0.0,0.0,0.0,0.0,0.0,0.0,0.0
Andhra Pradesh,Prakasam,Naguluppalapadu,0.0,0.0,0.0,0.0,0.0,267.59941717531973,0.0,0.0,0.0,0.0,0.0,0.0,0.0
Andhra Pradesh,Prakasam,Ongole,0.0,0.0,0.0,0.0,0.0,212.79054693288117,0.0,0.0,0.0,0.0,0.0,0.0,0.0
Andhra Pradesh,Prakasam,Pamur,0.0,0.0,0.0,441.2495957710942,0.0,0.0,0.0,0.0,0.0,0.0,0.0,0.0,0.0
Andhra Pradesh,Prakasam,Peda  Araveedu,0.0,0.0,0.0,298.6973654415997,0.0,0.0,0.0,0.0,0.0,0.0,0.0,0.0,0.0
Andhra Pradesh,Prakasam,Pedacherlo Palle,0.0,0.0,0.0,385.7467604101788,0.0,0.0,0.0,0.0,0.0,0.0,0.0,0.0,0.0
Andhra Pradesh,Prakasam,Podili,0.0,0.0,0.0,292.99010641941345,0.0,24.352159960886723,0.0,0.0,0.0,0.0,0.0,0.0,0.0
Andhra Pradesh,Prakasam,Ponnaluru,0.0,0.0,0.0,100.15168103492464,0.0,218.3022784483667,0.0,0.0,0.0,0.0,0.0,0.0,0.0
Andhra Pradesh,Prakasam,Pullalacheruvu,0.0,0.0,0.0,708.8265987979572,0.0,0.0,0.0,0.0,0.0,0.0,0.0,0.0,0.0
Andhra Pradesh,Prakasam,Racherla,0.0,0.0,0.0,283.87598515800636,0.0,0.0,0.0,0.0,0.0,0.0,0.0,0.0,0.0
Andhra Pradesh,Prakasam,Santhanuthala Padu,0.0,0.0,0.0,0.0,0.0,224.5325666885907,0.0,0.0,0.0,0.0,0.0,0.0,0.0
Andhra Pradesh,Prakasam,Singarayakonda,0.0,0.0,0.0,0.0,0.0,118.3344766437381,0.0,0.0,0.0,0.0,0.0,0.0,0.0
Andhra Pradesh,Prakasam,Tangutur,0.0,0.0,0.0,0.0,0.0,222.40252166054347,0.0,0.0,0.0,0.0,0.0,0.0,0.0
Andhra Pradesh,Prakasam,Tarlupadu,0.0,0.0,0.0,331.82780471746906,0.0,0.0,0.0,0.0,0.0,0.0,0.0,0.0,0.0
Andhra Pradesh,Prakasam,Thallur,0.0,0.0,0.0,24.65260112418638,0.0,201.0407852577934,0.0,0.0,0.0,0.0,0.0,0.0,0.0
Andhra Pradesh,Prakasam,Tripuranthakam,0.0,0.0,0.0,303.1801460233538,0.0,0.0,0.0,0.0,0.0,0.0,0.0,0.0,0.0
Andhra Pradesh,Prakasam,Veligandla,0.0,0.0,0.0,393.5435033645214,0.0,0.0,0.0,0.0,0.0,0.0,0.0,0.0,0.0
Andhra Pradesh,Prakasam,Yerragondapalem,0.0,0.0,0.0,1334.7389806688934,0.0,0.0,0.0,0.0,0.0,0.0,0.0,0.0,0.0
Andhra Pradesh,Prakasam,Zarugumilli,0.0,0.0,0.0,0.0,0.0,198.71348811938628,0.0,0.0,0.0,0.0,0.0,0.0,0.0
Andhra Pradesh,S.P.S.Nellore,Allur,0.0,0.0,0.0,0.0,0.0,199.23461595346325,0.0,0.0,0.0,0.0,0.0,0.0,0.0
Andhra Pradesh,S.P.S.Nellore,Ananthasagaram,0.0,0.0,0.0,331.02844675216096,0.0,0.0,0.0,0.0,0.0,0.0,0.0,0.0,0.0
Andhra Pradesh,S.P.S.Nellore,Anumasamudrampeta,0.0,0.0,0.0,247.23719696011608,0.0,68.90503449097656,0.0,0.0,0.0,0.0,0.0,0.0,0.0
Andhra Pradesh,S.P.S.Nellore,Atmakur,0.0,0.0,0.0,316.1071132192026,0.0,0.0,0.0,0.0,0.0,0.0,0.0,0.0,0.0
Andhra Pradesh,S.P.S.Nellore,Bogole,0.0,0.0,0.0,0.0,0.0,189.3434621779821,0.0,0.0,0.0,0.0,0.0,0.0,0.0
Andhra Pradesh,S.P.S.Nellore,Buchireddipalem,0.0,0.0,0.0,0.0,0.0,127.30873768920958,0.0,0.0,0.0,0.0,0.0,0.0,0.0
Andhra Pradesh,S.P.S.Nellore,Chejerla,0.0,0.0,0.0,333.35446842843,0.0,0.0,0.0,0.0,0.0,0.0,0.0,0.0,0.0
Andhra Pradesh,S.P.S.Nellore,Dagadarthi,0.0,0.0,0.0,0.0,0.0,272.58906773691893,0.0,0.0,0.0,0.0,0.0,0.0,0.0
Andhra Pradesh,S.P.S.Nellore,Duttalur,0.0,0.0,0.0,279.81350110839554,0.0,0.0,0.0,0.0,0.0,0.0,0.0,0.0,0.0
Andhra Pradesh,S.P.S.Nellore,Gudluru,0.0,0.0,0.0,0.0,0.0,277.6708141642374,0.0,0.0,0.0,0.0,0.0,0.0,0.0
Andhra Pradesh,S.P.S.Nellore,Indukurpet,0.0,0.0,0.0,0.0,0.0,143.65742026638355,0.0,0.0,0.0,0.0,0.0,0.0,0.0
Andhra Pradesh,S.P.S.Nellore,Jaladanki,0.0,0.0,0.0,0.0,0.0,332.8229052354693,0.0,0.0,0.0,0.0,0.0,0.0,0.0
Andhra Pradesh,S.P.S.Nellore,Kaligiri,0.0,0.0,0.0,196.30129380575247,0.0,227.84463839907562,0.0,0.0,0.0,0.0,0.0,0.0,0.0
Andhra Pradesh,S.P.S.Nellore,Kaluvoya,0.0,0.0,0.0,410.0972726198428,0.0,0.0,0.0,0.0,0.0,0.0,0.0,0.0,0.0
Andhra Pradesh,S.P.S.Nellore,Kandukur,0.0,0.0,0.0,0.0,0.0,239.88673023973075,0.0,0.0,0.0,0.0,0.0,0.0,0.0
Andhra Pradesh,S.P.S.Nellore,Kavali,0.0,0.0,0.0,0.0,0.0,356.5673353675823,0.0,0.0,0.0,0.0,0.0,0.0,0.0
Andhra Pradesh,S.P.S.Nellore,Kodavalur,0.0,0.0,0.0,0.0,0.0,120.34770694939773,0.0,0.0,0.0,0.0,0.0,0.0,0.0
Andhra Pradesh,S.P.S.Nellore,Kondapuram,0.0,0.0,0.0,250.4209970163525,0.0,147.0825273708128,0.0,0.0,0.0,0.0,0.0,0.0,0.0
Andhra Pradesh,S.P.S.Nellore,Kovur,0.0,0.0,0.0,0.0,0.0,93.60387914986516,0.0,0.0,0.0,0.0,0.0,0.0,0.0
Andhra Pradesh,S.P.S.Nellore,Lingasamudram,0.0,0.0,0.0,77.61722034849387,0.0,158.9673874982067,0.0,0.0,0.0,0.0,0.0,0.0,0.0
Andhra Pradesh,S.P.S.Nellore,Manubolu,0.0,0.0,0.0,18.776171058381024,0.0,223.48426581609687,0.0,0.0,0.0,0.0,0.0,0.0,0.0
Andhra Pradesh,S.P.S.Nellore,Marripadu,0.0,0.0,0.0,606.7393905756263,0.0,0.0,0.0,0.0,0.0,0.0,0.0,0.0,0.0
Andhra Pradesh,S.P.S.Nellore,Muthukur,0.0,0.0,0.0,0.0,0.0,169.30109164936437,0.0,0.0,0.0,0.0,0.0,0.0,0.0
Andhra Pradesh,S.P.S.Nellore,Nellore Rural,0.0,0.0,0.0,3.4493826020704734,0.0,305.7079547341003,0.0,0.0,0.0,0.0,0.0,0.0,0.0
Andhra Pradesh,S.P.S.Nellore,Nellore Urban,0.0,0.0,0.0,0.0,0.0,68.59439094501923,0.0,0.0,0.0,0.0,0.0,0.0,0.0
Andhra Pradesh,S.P.S.Nellore,Podalakur,0.0,0.0,0.0,421.2910824851551,0.0,46.98960354381911,0.0,0.0,0.0,0.0,0.0,0.0,0.0
Andhra Pradesh,S.P.S.Nellore,Rapur,0.0,0.0,0.0,592.8071786038821,0.0,0.0,0.0,0.0,0.0,0.0,0.0,0.0,0.0
Andhra Pradesh,S.P.S.Nellore,Sangam,0.0,0.0,0.0,61.01815596513814,0.0,162.0492005840859,0.0,0.0,0.0,0.0,0.0,0.0,0.0
Andhra Pradesh,S.P.S.Nellore,Seetharamapuram,0.0,0.0,0.0,305.58681426329684,0.0,0.0,0.0,0.0,0.0,0.0,0.0,0.0,0.0
Andhra Pradesh,S.P.S.Nellore,Sydapuram,0.0,0.0,0.0,369.46631743536386,0.0,0.0,0.0,0.0,0.0,0.0,0.0,0.0,0.0
Andhra Pradesh,S.P.S.Nellore,Thotapalligudur,0.0,0.0,0.0,0.0,0.0,167.20200796468208,0.0,0.0,0.0,0.0,0.0,0.0,0.0
Andhra Pradesh,S.P.S.Nellore,Udayagiri,0.0,0.0,0.0,537.5058649931276,0.0,0.0,0.0,0.0,0.0,0.0,0.0,0.0,0.0
Andhra Pradesh,S.P.S.Nellore,Ulavapadu,0.0,0.0,0.0,0.0,0.0,194.6057084746619,0.0,0.0,0.0,0.0,0.0,0.0,0.0
Andhra Pradesh,S.P.S.Nellore,Varikuntapadu,0.0,0.0,0.0,384.3127637851773,0.0,0.0,0.0,0.0,0.0,0.0,0.0,0.0,0.0
Andhra Pradesh,S.P.S.Nellore,Venkatachalam,0.0,0.0,0.0,0.0,0.0,347.2335106917821,0.0,0.0,0.0,0.0,0.0,0.0,0.0
Andhra Pradesh,S.P.S.Nellore,Vidavalur,0.0,0.0,0.0,0.0,0.0,166.48196167714136,0.0,0.0,0.0,0.0,0.0,0.0,0.0
Andhra Pradesh,S.P.S.Nellore,Vinjamur,0.0,0.0,0.0,305.5717794137987,0.0,0.0,0.0,0.0,0.0,0.0,0.0,0.0,0.0
Andhra Pradesh,S.P.S.Nellore,Voletivaripalem,0.0,0.0,0.0,106.10837063414863,0.0,186.87556331159612,0.0,0.0,0.0,0.0,0.0,0.0,0.0
Andhra Pradesh,Sri Satyasai,Agali,0.0,0.0,0.0,0.0,0.0,0.0,4.911574966952431,0.0,0.0,0.0,0.0,127.23334897829157,0.0
Andhra Pradesh,Sri Satyasai,Amadagur,0.0,0.0,0.0,0.0,0.0,0.0,1.5639532396002256,0.0,0.0,0.0,0.0,273.30260640894454,0.0
Andhra Pradesh,Sri Satyasai,Amarapuram,0.0,0.0,0.0,0.0,0.0,0.0,4.806334600712026,0.0,0.0,0.0,0.0,241.13898420862373,0.0
Andhra Pradesh,Sri Satyasai,Bathalapalle,0.0,0.0,0.0,0.0,0.0,0.0,0.0,0.0,0.0,0.0,0.0,244.54691523260283,0.0
Andhra Pradesh,Sri Satyasai,Bukkapatnam,0.0,0.0,0.0,0.0,0.0,0.0,0.0,0.0,0.0,0.0,0.0,310.4497203526316,0.0
Andhra Pradesh,Sri Satyasai,Chennekothapalle,0.0,0.0,0.0,0.0,0.0,0.0,0.0,0.0,0.0,0.0,0.0,378.81972226235024,0.0
Andhra Pradesh,Sri Satyasai,Chilamathur,0.0,0.0,0.0,0.0,0.0,0.0,1.3666254638788213,0.0,0.0,0.0,0.0,254.21070512441642,0.0
Andhra Pradesh,Sri Satyasai,Dharmavaram,0.0,0.0,0.0,0.0,0.0,0.0,0.0,0.0,0.0,0.0,0.0,400.4738389129971,0.0
Andhra Pradesh,Sri Satyasai,Gandlapenta,0.0,0.0,0.0,0.0,0.0,0.0,0.0,0.0,0.0,0.0,0.0,235.33438808262326,0.0
Andhra Pradesh,Sri Satyasai,Gorantla,0.0,0.0,0.0,0.0,0.0,0.0,0.0,0.0,0.0,0.0,0.0,372.72757836151817,0.0
Andhra Pradesh,Sri Satyasai,Gudibanda,0.0,0.0,0.0,0.0,0.0,0.0,0.31031982413743203,0.0,0.0,0.0,0.0,247.9514017535407,0.0
Andhra Pradesh,Sri Satyasai,Hindupur,0.0,0.0,0.0,0.0,0.0,0.0,1.5326929768616078,0.0,0.0,0.0,0.0,211.84551188268438,0.0
Andhra Pradesh,Sri Satyasai,Kadiri,0.0,0.0,0.0,0.0,0.0,0.0,0.0,0.0,0.0,0.0,0.0,240.14630895453993,0.0
Andhra Pradesh,Sri Satyasai,Kanaganapalle,0.0,0.0,0.0,0.0,0.0,0.0,0.0,0.0,0.0,0.0,0.0,495.72127637180404,0.0
Andhra Pradesh,Sri Satyasai,Kothacheruvu,0.0,0.0,0.0,0.0,0.0,0.0,0.0,0.0,0.0,0.0,0.0,217.68887695104465,0.0
Andhra Pradesh,Sri Satyasai,Lepakshi,0.0,0.0,0.0,0.0,0.0,0.0,0.641844251196004,0.0,0.0,0.0,0.0,163.86568065292673,0.0
Andhra Pradesh,Sri Satyasai,Madakasira,0.0,0.0,0.0,0.0,0.0,0.0,1.409786272297344,0.0,0.0,0.0,0.0,356.37489225399645,0.0
Andhra Pradesh,Sri Satyasai,Mudigubba,0.0,0.0,0.0,0.0,0.0,0.0,0.0,0.0,0.0,0.0,0.0,565.3250592786242,0.0
Andhra Pradesh,Sri Satyasai,Nallacheruvu,0.0,0.0,0.0,0.0,0.0,0.0,0.0,0.0,0.0,0.0,0.0,203.54833015294776,0.0
Andhra Pradesh,Sri Satyasai,Nallamada,0.0,0.0,0.0,0.0,0.0,0.0,0.0,0.0,0.0,0.0,0.0,285.1343762430646,0.0
Andhra Pradesh,Sri Satyasai,Nambulipulikunta,0.0,0.0,0.0,31.07811347503771,0.0,0.0,13.126679296064001,0.0,0.0,0.0,0.0,344.57649022459293,0.0
Andhra Pradesh,Sri Satyasai,Obuladevaracheruvu,0.0,0.0,0.0,0.0,0.0,0.0,0.09459221850170504,0.0,0.0,0.0,0.0,282.56046270484745,0.0
Andhra Pradesh,Sri Satyasai,Parigi,0.0,0.0,0.0,0.0,0.0,0.0,0.34765123251122265,0.0,0.0,0.0,0.0,168.34670638979054,0.0
Andhra Pradesh,Sri Satyasai,Penukonda,0.0,0.0,0.0,0.0,0.0,0.0,0.0,0.0,0.0,0.0,0.0,346.25868551133334,0.0
Andhra Pradesh,Sri Satyasai,Puttaparthi,0.0,0.0,0.0,0.0,0.0,0.0,0.0,0.0,0.0,0.0,0.0,317.58639523956015,0.0
Andhra Pradesh,Sri Satyasai,Ramagiri,0.0,0.0,0.0,0.0,0.0,0.0,0.0,0.0,0.0,0.0,0.0,363.4035067693648,0.0
Andhra Pradesh,Sri Satyasai,Roddam,0.0,0.0,0.0,0.0,0.0,0.0,0.0,0.0,0.0,0.0,0.0,386.09167734928315,0.0
Andhra Pradesh,Sri Satyasai,Rolla,0.0,0.0,0.0,0.0,0.0,0.0,2.183278154442957,0.0,0.0,0.0,0.0,169.38658666662337,0.0
Andhra Pradesh,Sri Satyasai,Somandepalle,0.0,0.0,0.0,0.0,0.0,0.0,0.0,0.0,0.0,0.0,0.0,238.42785706982514,0.0
Andhra Pradesh,Sri Satyasai,Tadimarri,0.0,0.0,0.0,0.0,0.0,0.0,0.0,0.0,0.0,0.0,0.0,273.19117977090167,0.0
Andhra Pradesh,Sri Satyasai,Talupula,0.0,0.0,0.0,15.233699724068874,0.0,0.0,0.0,0.0,0.0,0.0,0.0,469.90970283786237,0.0
Andhra Pradesh,Sri Satyasai,Tanakal,0.0,0.0,0.0,0.0,0.0,0.0,5.847772342619538,0.0,0.0,0.0,0.0,305.2310161102311,0.0
Andhra Pradesh,Srikakulam,Amadalavalasa,0.0,0.0,0.0,0.0,0.0,122.7080829217343,0.0,0.0,0.0,0.0,0.0,0.0,0.0
Andhra Pradesh,Srikakulam,Burja,0.0,0.0,0.0,0.0,0.0,143.45789542911714,0.0,0.0,0.0,0.0,0.0,0.0,0.0
Andhra Pradesh,Srikakulam,Etcherla,0.0,0.0,0.0,0.0,0.0,191.10755116293555,0.0,0.0,0.0,0.0,0.0,0.0,0.0
Andhra Pradesh,Srikakulam,Ganguvarisigadam,0.0,0.0,0.0,0.0,0.0,145.71870809098283,0.0,0.0,0.0,0.0,0.0,0.0,0.0
Andhra Pradesh,Srikakulam,Gara,0.0,0.0,0.0,0.0,0.0,167.2257538901869,0.0,0.0,0.0,0.0,0.0,0.0,0.0
Andhra Pradesh,Srikakulam,Hiramandalam,0.0,0.0,0.0,0.0,0.0,169.71447469438704,0.0,0.0,0.0,0.0,0.0,0.0,0.0
Andhra Pradesh,Srikakulam,Ichchapuram,0.0,0.0,0.0,0.0,0.0,111.94528697557168,0.0,0.0,0.0,0.0,0.0,0.0,0.0
Andhra Pradesh,Srikakulam,Jalumuru,0.0,0.0,0.0,0.0,0.0,154.82925404336515,0.0,0.0,0.0,0.0,0.0,0.0,0.0
Andhra Pradesh,Srikakulam,Kanchili,0.0,0.0,0.0,0.0,0.0,197.3194522366194,0.0,0.0,0.0,0.0,0.0,0.0,0.0
Andhra Pradesh,Srikakulam,Kaviti,0.0,0.0,0.0,0.0,0.0,124.91516322050956,0.0,0.0,0.0,0.0,0.0,0.0,0.0
Andhra Pradesh,Srikakulam,Kotabommali,0.0,0.0,0.0,0.0,0.0,171.11849131521714,0.0,0.0,0.0,0.0,0.0,0.0,0.0
Andhra Pradesh,Srikakulam,Kothuru,0.0,0.0,0.0,0.0,0.0,159.78319593798025,0.0,0.0,0.0,0.0,61.21800914668453,0.0,0.0
Andhra Pradesh,Srikakulam,Lakshminarsupeta,0.0,0.0,0.0,0.0,0.0,73.49133591808756,0.0,0.0,0.0,0.0,0.0,0.0,0.0
Andhra Pradesh,Srikakulam,Laveru,0.0,0.0,0.0,0.0,0.0,181.20790976904559,0.0,0.0,0.0,0.0,0.0,0.0,0.0
Andhra Pradesh,Srikakulam,Mandasa,0.0,0.0,0.0,0.0,0.0,261.7645246815606,0.0,0.0,0.0,0.0,0.0,0.0,0.0
Andhra Pradesh,Srikakulam,Meliaputti,0.0,0.0,0.0,0.0,0.0,248.97303967938763,0.0,0.0,0.0,0.0,0.0,0.0,0.0
Andhra Pradesh,Srikakulam,Nandigam,0.0,0.0,0.0,0.0,0.0,198.70987055604039,0.0,0.0,0.0,0.0,0.0,0.0,0.0
Andhra Pradesh,Srikakulam,Narasannapeta,0.0,0.0,0.0,0.0,0.0,134.72925647477106,0.0,0.0,0.0,0.0,0.0,0.0,0.0
Andhra Pradesh,Srikakulam,Palasa,0.0,0.0,0.0,0.0,0.0,176.32408078212978,0.0,0.0,0.0,0.0,0.0,0.0,0.0
Andhra Pradesh,Srikakulam,Pathapatnam,0.0,0.0,0.0,0.0,0.0,207.53096759092023,0.0,0.0,0.0,0.0,1.756720462087085,0.0,0.0
Andhra Pradesh,Srikakulam,Polaki,0.0,0.0,0.0,0.0,0.0,150.88933673398182,0.0,0.0,0.0,0.0,0.0,0.0,0.0
Andhra Pradesh,Srikakulam,Ponduru,0.0,0.0,0.0,0.0,0.0,131.41875596653395,0.0,0.0,0.0,0.0,0.0,0.0,0.0
Andhra Pradesh,Srikakulam,Ranastalam,0.0,0.0,0.0,0.0,0.0,212.05263627540427,0.0,0.0,0.0,0.0,0.0,0.0,0.0
Andhra Pradesh,Srikakulam,Santhabommali,0.0,0.0,0.0,0.0,0.0,192.2132160120817,0.0,0.0,0.0,0.0,0.0,0.0,0.0
Andhra Pradesh,Srikakulam,Saravakota,0.0,0.0,0.0,0.0,0.0,193.18139847632648,0.0,0.0,0.0,0.0,0.0,0.0,0.0
Andhra Pradesh,Srikakulam,Sarubujjili,0.0,0.0,0.0,0.0,0.0,89.3107829160144,0.0,0.0,0.0,0.0,0.0,0.0,0.0
Andhra Pradesh,Srikakulam,Sompeta,0.0,0.0,0.0,0.0,0.0,120.91221397767629,0.0,0.0,0.0,0.0,0.0,0.0,0.0
Andhra Pradesh,Srikakulam,Srikakulam,0.0,0.0,0.0,0.0,0.0,171.0160749574818,0.0,0.0,0.0,0.0,0.0,0.0,0.0
Andhra Pradesh,Srikakulam,Tekkali,0.0,0.0,0.0,0.0,0.0,149.95853531061525,0.0,0.0,0.0,0.0,0.0,0.0,0.0
Andhra Pradesh,Srikakulam,Vajrapukothuru,0.0,0.0,0.0,0.0,0.0,131.22344155215882,0.0,0.0,0.0,0.0,0.0,0.0,0.0
Andhra Pradesh,Tirupati,Balayapalle,0.0,0.0,0.0,254.25987471695416,0.0,0.0,26.233251676121196,0.0,0.0,0.0,0.0,0.0,0.0
Andhra Pradesh,Tirupati,Buchinaidu  Kandriga,0.0,0.0,0.0,0.0,0.0,0.0,144.45235647375372,0.0,0.0,0.0,0.0,0.0,0.0
Andhra Pradesh,Tirupati,Chandragiri,0.0,0.0,0.0,0.0,0.0,0.0,424.4766853988881,0.0,0.0,0.0,0.0,0.0,0.0
Andhra Pradesh,Tirupati,Chillakur,0.0,0.0,0.0,5.896703982970028,0.0,352.76042901705813,0.0,0.0,0.0,0.0,0.0,0.0,0.0
Andhra Pradesh,Tirupati,Chinnagottigallu,0.0,0.0,0.0,0.0,0.0,0.0,135.70196805928498,0.0,0.0,0.0,0.0,0.0,0.0
Andhra Pradesh,Tirupati,Chittamur,0.0,0.0,0.0,0.0,0.0,291.8715578803984,0.0,0.0,0.0,0.0,0.0,0.0,0.0
Andhra Pradesh,Tirupati,Dakkili,0.0,0.0,0.0,374.58903665447167,0.0,0.0,0.0,0.0,0.0,0.0,0.0,0.0,0.0
Andhra Pradesh,Tirupati,Doravarisatram,0.0,0.0,0.0,0.0,0.0,246.02287165126876,45.18438555584385,0.0,0.0,0.0,0.0,0.0,0.0
Andhra Pradesh,Tirupati,Gudur,0.0,0.0,0.0,202.45568267691777,0.0,62.217273703571095,0.0,0.0,0.0,0.0,0.0,0.0,0.0
Andhra Pradesh,Tirupati,K.V.B.Puram,0.0,0.0,0.0,0.0,0.0,0.0,522.5100260616471,0.0,0.0,0.0,0.0,0.0,0.0
Andhra Pradesh,Tirupati,Kota,0.0,0.0,0.0,0.0,0.0,194.26292425761116,0.0,0.0,0.0,0.0,0.0,0.0,0.0
Andhra Pradesh,Tirupati,Nagalapuram,0.0,0.0,0.0,0.0,0.0,2.391901681125797,170.85819260361933,0.0,0.0,0.0,0.0,0.0,0.0
Andhra Pradesh,Tirupati,Naidupet,0.0,0.0,0.0,42.02291300244582,0.0,137.38239890978426,1.2086333917025043,0.0,0.0,0.0,0.0,0.0,0.0
Andhra Pradesh,Tirupati,Narayanavanam,0.0,0.0,0.0,0.0,0.0,0.0,215.2461963664919,0.0,0.0,0.0,0.0,0.0,0.0
Andhra Pradesh,Tirupati,Ojili,0.0,0.0,0.0,163.50464407309477,0.0,94.83524285603544,1.9628527730217693,0.0,0.0,0.0,0.0,0.0,0.0
Andhra Pradesh,Tirupati,Pakala,0.0,0.0,0.0,0.0,0.0,0.0,200.1427527830957,0.0,0.0,0.0,0.0,0.0,0.0
Andhra Pradesh,Tirupati,Pellakur,0.0,0.0,0.0,11.982888874222548,0.0,20.74467670635649,159.71749530151507,0.0,0.0,0.0,0.0,0.0,0.0
Andhra Pradesh,Tirupati,Pichatur,0.0,0.0,0.0,0.0,0.0,0.6854618024792116,118.53094872050968,0.0,0.0,0.0,0.0,0.0,0.0
Andhra Pradesh,Tirupati,Puttur,0.0,0.0,0.0,0.0,0.0,0.0,111.41305084382692,0.0,0.0,0.0,0.0,0.0,0.0
Andhra Pradesh,Tirupati,Ramachandrapuram,0.0,0.0,0.0,0.0,0.0,0.0,163.1552282539146,0.0,0.0,0.0,0.0,0.0,0.0
Andhra Pradesh,Tirupati,Renigunta,0.0,0.0,0.0,3.5973082078229583,0.0,0.0,223.99223355112036,0.0,0.0,0.0,0.0,0.0,0.0
Andhra Pradesh,Tirupati,Satyavedu,0.0,0.0,0.0,0.0,0.0,26.837128096798722,235.3076275705978,0.0,0.0,0.0,0.0,0.0,0.0
Andhra Pradesh,Tirupati,Srikalahasti,0.0,0.0,0.0,4.791523533646346,0.0,0.0,429.79194507823604,0.0,0.0,0.0,0.0,0.0,0.0
Andhra Pradesh,Tirupati,Sullurpeta,0.0,0.0,0.0,0.0,0.0,368.910011907461,66.44540605421801,0.0,0.0,0.0,0.0,0.0,0.0
Andhra Pradesh,Tirupati,Tada,0.0,0.0,0.0,0.0,0.0,454.71937990110496,70.0827597405858,0.0,0.0,0.0,0.0,0.0,0.0
Andhra Pradesh,Tirupati,Thottambedu,0.0,0.0,0.0,2.1512552153732787,0.0,0.0,208.25614256478718,0.0,0.0,0.0,0.0,0.0,0.0
Andhra Pradesh,Tirupati,Tirupati (Rural),0.0,0.0,0.0,0.0,0.0,0.0,91.75941397808765,0.0,0.0,0.0,0.0,0.0,0.0
Andhra Pradesh,Tirupati,Tirupati (Urban),0.0,0.0,0.0,15.817119119221017,0.0,0.0,306.28255180405324,0.0,0.0,0.0,0.0,0.0,0.0
Andhra Pradesh,Tirupati,Vadamalapeta,0.0,0.0,0.0,0.0,0.0,0.0,101.23711305320698,0.0,0.0,0.0,0.0,0.0,0.0
Andhra Pradesh,Tirupati,Vakadu,0.0,0.0,0.0,0.0,0.0,254.42159402254,0.0,0.0,0.0,0.0,0.0,0.0,0.0
Andhra Pradesh,Tirupati,Varadaiahpalem,0.0,0.0,0.0,0.0,0.0,0.0,339.42699893118294,0.0,0.0,0.0,0.0,0.0,0.0
Andhra Pradesh,Tirupati,Venkatagiri,0.0,0.0,0.0,218.6446885713097,0.0,0.0,103.17345340819459,0.0,0.0,0.0,0.0,0.0,0.0
Andhra Pradesh,Tirupati,Yerpedu,0.0,0.0,0.0,0.0,0.0,0.0,212.71610972335444,0.0,0.0,0.0,0.0,0.0,0.0
Andhra Pradesh,Tirupati,Yerravaripalem,0.0,0.0,0.0,28.855915930394396,0.0,0.0,332.7279478749162,0.0,0.0,0.0,0.0,0.0,0.0
Andhra Pradesh,Visakhapatnam,Anandapuram,0.0,0.0,0.0,0.0,0.0,206.031075600003,0.0,0.0,0.0,0.0,0.0,0.0,0.0
Andhra Pradesh,Visakhapatnam,Bheemunipatnam,0.0,0.0,0.0,0.0,0.0,159.8953438436375,0.0,0.0,0.0,0.0,0.0,0.0,0.0
Andhra Pradesh,Visakhapatnam,Gajuwaka,0.0,0.0,0.0,0.0,0.0,96.952157297841,0.0,0.0,0.0,0.0,0.0,0.0,0.0
Andhra Pradesh,Visakhapatnam,Gopalapatnam,0.0,0.0,0.0,0.0,0.0,23.9003909040861,0.0,0.0,0.0,0.0,0.0,0.0,0.0
Andhra Pradesh,Visakhapatnam,Maharanipeta,0.0,0.0,0.0,0.0,0.0,50.45948317578648,0.0,0.0,0.0,0.0,0.0,0.0,0.0
Andhra Pradesh,Visakhapatnam,Mulagada,0.0,0.0,0.0,0.0,0.0,11.661549036815419,0.0,0.0,0.0,0.0,0.0,0.0,0.0
Andhra Pradesh,Visakhapatnam,Padmanabham,0.0,0.0,0.0,0.0,0.0,163.62959132330639,0.0,0.0,0.0,0.0,0.0,0.0,0.0
Andhra Pradesh,Visakhapatnam,Pedagantyada,0.0,0.0,0.0,0.0,0.0,100.25184459170595,0.0,0.0,0.0,0.0,0.0,0.0,0.0
Andhra Pradesh,Visakhapatnam,Pendurthi,0.0,0.0,0.0,0.0,0.0,123.74158422635361,0.0,0.0,0.0,0.0,0.0,0.0,0.0
Andhra Pradesh,Visakhapatnam,Seethammadhara,0.0,0.0,0.0,0.0,0.0,4.378963490103465,0.0,0.0,0.0,0.0,0.0,0.0,0.0
Andhra Pradesh,Visakhapatnam,Visakhapatnam (Rural),0.0,0.0,0.0,0.0,0.0,145.09689510816153,0.0,0.0,0.0,0.0,0.0,0.0,0.0
Andhra Pradesh,Vizianagaram,Badangi,0.0,0.0,0.0,0.0,0.0,0.0,0.0,0.0,0.0,0.0,140.31387400573604,0.0,0.0
Andhra Pradesh,Vizianagaram,Bhogapuram,0.0,0.0,0.0,0.0,0.0,120.89690079508995,0.0,0.0,0.0,0.0,0.0,0.0,0.0
Andhra Pradesh,Vizianagaram,Bobbili,0.0,0.0,0.0,0.0,0.0,0.0,0.0,0.0,0.0,0.0,252.18689837512153,0.0,0.0
Andhra Pradesh,Vizianagaram,Bondapalle,0.0,0.0,0.0,0.0,0.0,113.94547560242897,0.0,0.0,0.0,0.0,59.27674096252668,0.0,0.0
Andhra Pradesh,Vizianagaram,Cheepurupalle,0.0,0.0,0.0,0.0,0.0,136.7540347561915,0.0,0.0,0.0,0.0,0.0,0.0,0.0
Andhra Pradesh,Vizianagaram,Dattirajeru,0.0,0.0,0.0,0.0,0.0,12.886980347311058,0.0,0.0,0.0,0.0,150.95538967007954,0.0,0.0
Andhra Pradesh,Vizianagaram,Denkada,0.0,0.0,0.0,0.0,0.0,155.55664902292582,0.0,0.0,0.0,0.0,0.0,0.0,0.0
Andhra Pradesh,Vizianagaram,Gajapathinagaram,0.0,0.0,0.0,0.0,0.0,58.82176419389537,0.0,0.0,0.0,0.0,78.20753887490542,0.0,0.0
Andhra Pradesh,Vizianagaram,Gantyada,0.0,0.0,0.0,0.0,0.0,174.89333939796757,0.0,0.0,0.0,0.0,36.62352940135614,0.0,0.0
Andhra Pradesh,Vizianagaram,Garividi,0.0,0.0,0.0,0.0,0.0,160.46212853424632,0.0,0.0,0.0,0.0,0.0,0.0,0.0
Andhra Pradesh,Vizianagaram,Gurla,0.0,0.0,0.0,0.0,0.0,180.110131459423,0.0,0.0,0.0,0.0,0.0,0.0,0.0
Andhra Pradesh,Vizianagaram,Jami,0.0,0.0,0.0,0.0,0.0,140.94414897380554,0.0,0.0,0.0,0.0,0.0,0.0,0.0
Andhra Pradesh,Vizianagaram,Kothavalasa,0.0,0.0,0.0,0.0,0.0,148.2624561003251,0.0,0.0,0.0,0.0,0.0,0.0,0.0
Andhra Pradesh,Vizianagaram,Lakkavarapukota,0.0,0.0,0.0,0.0,0.0,135.50152629254808,0.0,0.0,0.0,0.0,0.0,0.0,0.0
Andhra Pradesh,Vizianagaram,Mentada,0.0,0.0,0.0,0.0,0.0,0.0,0.0,0.0,0.0,0.0,172.11789448851147,0.0,0.0
Andhra Pradesh,Vizianagaram,Merakamudidam,0.0,0.0,0.0,0.0,0.0,132.7833534576978,0.0,0.0,0.0,0.0,60.54014189409387,0.0,0.0
Andhra Pradesh,Vizianagaram,Nellimarla,0.0,0.0,0.0,0.0,0.0,148.72675929061836,0.0,0.0,0.0,0.0,0.0,0.0,0.0
Andhra Pradesh,Vizianagaram,Pusapatirega,0.0,0.0,0.0,0.0,0.0,180.55507835042394,0.0,0.0,0.0,0.0,0.0,0.0,0.0
Andhra Pradesh,Vizianagaram,Rajam,0.0,0.0,0.0,0.0,0.0,142.29571818717912,0.0,0.0,0.0,0.0,0.0,0.0,0.0
Andhra Pradesh,Vizianagaram,Ramabhadrapuram,0.0,0.0,0.0,0.0,0.0,0.0,0.0,0.0,0.0,0.0,143.29035194264975,0.0,0.0
Andhra Pradesh,Vizianagaram,Regidiamadalavalasa,0.0,0.0,0.0,0.0,0.0,157.47965754638162,0.0,0.0,0.0,0.0,9.320907210459149,0.0,0.0
Andhra Pradesh,Vizianagaram,Santhakaviti,0.0,0.0,0.0,0.0,0.0,160.04078532408573,0.0,0.0,0.0,0.0,0.0,0.0,0.0
Andhra Pradesh,Vizianagaram,Srungavarapukota,0.0,0.0,0.0,0.0,0.0,71.72245355279217,0.0,0.0,0.0,0.0,66.43401807533026,0.0,0.0
Andhra Pradesh,Vizianagaram,Therlam,0.0,0.0,0.0,0.0,0.0,62.8460026994192,0.0,0.0,0.0,0.0,118.41593279078752,0.0,0.0
Andhra Pradesh,Vizianagaram,Vangara,0.0,0.0,0.0,0.0,0.0,7.237292469208309,0.0,0.0,0.0,0.0,119.57774446880015,0.0,0.0
Andhra Pradesh,Vizianagaram,Vepada,0.0,0.0,0.0,0.0,0.0,127.41965330914135,0.0,0.0,0.0,0.0,51.86001237185655,0.0,0.0
Andhra Pradesh,Vizianagaram,Vizianagaram,0.0,0.0,0.0,0.0,0.0,128.01083047655158,0.0,0.0,0.0,0.0,0.0,0.0,0.0
Andhra Pradesh,West Godavari,Achanta,0.0,0.0,0.0,0.0,0.0,73.85587766782827,0.0,0.0,0.0,0.0,0.0,0.0,0.0
Andhra Pradesh,West Godavari,Akividu,0.0,0.0,0.0,3.5681790189416858,0.0,128.63144027400563,0.0,0.0,0.0,0.0,0.0,0.0,0.0
Andhra Pradesh,West Godavari,Attili,0.0,0.0,0.0,0.0,0.0,94.76216643656954,0.0,0.0,0.0,0.0,0.0,0.0,0.0
Andhra Pradesh,West Godavari,Bhimavaram,0.0,0.0,0.0,0.0,0.0,234.26991501253258,0.0,0.0,0.0,0.0,0.0,0.0,0.0
Andhra Pradesh,West Godavari,Iragavaram,0.0,0.0,0.0,0.0,0.0,85.73288717635961,0.0,0.0,0.0,0.0,0.0,0.0,0.0
Andhra Pradesh,West Godavari,Kalla,0.0,0.0,0.0,0.0,0.0,152.47075947805095,0.0,0.0,0.0,0.0,0.0,0.0,0.0
Andhra Pradesh,West Godavari,Mogalthur,0.0,0.0,0.0,0.0,0.0,135.41328514131482,0.0,0.0,0.0,0.0,0.0,0.0,0.0
Andhra Pradesh,West Godavari,Narasapuram,0.0,0.0,0.0,0.0,0.0,172.28524077912272,0.0,0.0,0.0,0.0,0.0,0.0,0.0
Andhra Pradesh,West Godavari,Palacoderu,0.0,0.0,0.0,0.0,0.0,104.5213516872564,0.0,0.0,0.0,0.0,0.0,0.0,0.0
Andhra Pradesh,West Godavari,Palacole,0.0,0.0,0.0,0.0,0.0,94.8007511026707,0.0,0.0,0.0,0.0,0.0,0.0,0.0
Andhra Pradesh,West Godavari,Pentapadu,0.0,0.0,0.0,86.83112997787077,0.0,42.26959434602118,0.0,0.0,0.0,0.0,0.0,0.0,0.0
Andhra Pradesh,West Godavari,Penugonda,0.0,0.0,0.0,0.0,0.0,74.8120217837442,0.0,0.0,0.0,0.0,0.0,0.0,0.0
Andhra Pradesh,West Godavari,Penumantra,0.0,0.0,0.0,0.0,0.0,92.29140348562042,0.0,0.0,0.0,0.0,0.0,0.0,0.0
Andhra Pradesh,West Godavari,Poduru,0.0,0.0,0.0,0.0,0.0,101.32817563351452,0.0,0.0,0.0,0.0,0.0,0.0,0.0
Andhra Pradesh,West Godavari,Tadepalligudem,0.0,0.0,0.0,236.11382950052354,0.0,2.675547082630123,0.0,0.0,0.0,0.0,0.0,0.0,0.0
Andhra Pradesh,West Godavari,Tanuku,0.0,0.0,0.0,1.1626808360899503,0.0,84.04621960807079,0.0,0.0,0.0,0.0,0.0,0.0,0.0
Andhra Pradesh,West Godavari,Undi,0.0,0.0,0.0,0.0,0.0,145.19883950960502,0.0,0.0,0.0,0.0,0.0,0.0,0.0
Andhra Pradesh,West Godavari,Veeravasaram,0.0,0.0,0.0,0.0,0.0,101.90683539068414,0.0,0.0,0.0,0.0,0.0,0.0,0.0
Andhra Pradesh,West Godavari,Yelamanchili,0.0,0.0,0.0,0.0,0.0,88.0159168001963,0.0,0.0,0.0,0.0,0.0,0.0,0.0
Andhra Pradesh,Y.S.R.Kadapa,Atlur,0.0,0.0,0.0,172.08574909679515,0.0,0.0,0.0,0.0,0.0,0.0,0.0,0.0,0.0
Andhra Pradesh,Y.S.R.Kadapa,B.Kodur,0.0,0.0,0.0,142.3476982191795,0.0,0.0,0.0,0.0,0.0,0.0,0.0,0.0,0.0
Andhra Pradesh,Y.S.R.Kadapa,Badvel,0.0,0.0,0.0,153.58105478207878,0.0,0.0,0.0,0.0,0.0,0.0,0.0,0.0,0.0
Andhra Pradesh,Y.S.R.Kadapa,Brahmamgarimattam,0.0,0.0,0.0,467.8314369608209,0.0,0.0,0.0,0.0,0.0,0.0,0.0,0.0,0.0
Andhra Pradesh,Y.S.R.Kadapa,Chakrayapet,0.0,0.0,0.0,285.0931992574043,0.0,0.0,0.0,0.0,0.0,0.0,0.0,6.134014487419459,0.0
Andhra Pradesh,Y.S.R.Kadapa,Chapad,0.0,0.0,0.0,134.85562246654237,0.0,0.0,0.0,0.0,0.0,0.0,0.0,0.0,0.0
Andhra Pradesh,Y.S.R.Kadapa,Chennur,0.0,0.0,0.0,105.46118091437228,0.0,0.0,0.0,0.0,0.0,0.0,0.0,0.0,0.0
Andhra Pradesh,Y.S.R.Kadapa,Chinthakommadinne,0.0,0.0,0.0,357.11995065845116,0.0,0.0,0.0,0.0,0.0,0.0,0.0,0.0,0.0
Andhra Pradesh,Y.S.R.Kadapa,Duvvur,0.0,0.0,0.0,219.3008763330795,0.0,0.0,0.0,0.0,0.0,0.0,0.0,0.0,0.0
Andhra Pradesh,Y.S.R.Kadapa,Gopavaram,0.0,0.0,0.0,630.052367816676,0.0,0.0,0.0,0.0,0.0,0.0,0.0,0.0,0.0
Andhra Pradesh,Y.S.R.Kadapa,Jammalamadugu,0.0,0.0,0.0,311.76723032810185,0.0,0.0,0.0,0.0,0.0,0.0,0.0,0.0,0.0
Andhra Pradesh,Y.S.R.Kadapa,Kalasapadu,0.0,0.0,0.0,228.30179399776426,0.0,0.0,0.0,0.0,0.0,0.0,0.0,0.0,0.0
Andhra Pradesh,Y.S.R.Kadapa,Kamalapuram,0.0,0.0,0.0,196.3907011015251,0.0,0.0,0.0,0.0,0.0,0.0,0.0,0.0,0.0
Andhra Pradesh,Y.S.R.Kadapa,Khajipet,0.0,0.0,0.0,257.07511322906777,0.0,0.0,0.0,0.0,0.0,0.0,0.0,0.0,0.0
Andhra Pradesh,Y.S.R.Kadapa,Kondapuram,0.0,0.0,0.0,387.56130341338223,0.0,0.0,0.0,0.0,0.0,0.0,0.0,12.327377611021399,0.0
Andhra Pradesh,Y.S.R.Kadapa,Lingala,0.0,0.0,0.0,234.3668423472679,0.0,0.0,0.0,0.0,0.0,0.0,0.0,84.55501491693389,0.0
Andhra Pradesh,Y.S.R.Kadapa,Muddanur,0.0,0.0,0.0,351.7675144556523,0.0,0.0,0.0,0.0,0.0,0.0,0.0,0.0,0.0
Andhra Pradesh,Y.S.R.Kadapa,Mylavaram,0.0,0.0,0.0,385.054673231355,0.0,0.0,0.0,0.0,0.0,0.0,0.0,0.0,0.0
Andhra Pradesh,Y.S.R.Kadapa,Peddamudium,0.0,0.0,0.0,328.04658009032846,0.0,0.0,0.0,0.0,0.0,0.0,0.0,0.0,0.0
Andhra Pradesh,Y.S.R.Kadapa,Pendlimarri,0.0,0.0,0.0,610.0058266085006,0.0,0.0,0.0,0.0,0.0,0.0,0.0,0.0,0.0
Andhra Pradesh,Y.S.R.Kadapa,Porumamilla,0.0,0.0,0.0,391.30907866369125,0.0,0.0,0.0,0.0,0.0,0.0,0.0,0.0,0.0
Andhra Pradesh,Y.S.R.Kadapa,Proddatur,0.0,0.0,0.0,191.75777137727783,0.0,0.0,0.0,0.0,0.0,0.0,0.0,0.0,0.0
Andhra Pradesh,Y.S.R.Kadapa,Pulivendla,0.0,0.0,0.0,176.45617352757031,0.0,0.0,0.0,0.0,0.0,0.0,0.0,17.12309969476785,0.0
Andhra Pradesh,Y.S.R.Kadapa,Rajupalem,0.0,0.0,0.0,213.23958145331616,0.0,0.0,0.0,0.0,0.0,0.0,0.0,0.0,0.0
Andhra Pradesh,Y.S.R.Kadapa,S.Mydukur,0.0,0.0,0.0,765.6323923443438,0.0,0.0,0.0,0.0,0.0,0.0,0.0,0.0,0.0
Andhra Pradesh,Y.S.R.Kadapa,Sidhout,0.0,0.0,0.0,419.2172647729413,0.0,0.0,0.0,0.0,0.0,0.0,0.0,0.0,0.0
Andhra Pradesh,Y.S.R.Kadapa,Simhadripuram,0.0,0.0,0.0,322.2238870207998,0.0,0.0,0.0,0.0,0.0,0.0,0.0,0.0,0.0
Andhra Pradesh,Y.S.R.Kadapa,Sri Avadhutha Kasinayana,0.0,0.0,0.0,249.4565896674026,0.0,0.0,0.0,0.0,0.0,0.0,0.0,0.0,0.0
Andhra Pradesh,Y.S.R.Kadapa,Thondur,0.0,0.0,0.0,281.44582076153273,0.0,0.0,0.0,0.0,0.0,0.0,0.0,0.0,0.0
Andhra Pradesh,Y.S.R.Kadapa,Vallur,0.0,0.0,0.0,153.42573578758552,0.0,0.0,0.0,0.0,0.0,0.0,0.0,0.0,0.0
Andhra Pradesh,Y.S.R.Kadapa,Veerapunayunipalle,0.0,0.0,0.0,315.221511195346,0.0,0.0,0.0,0.0,0.0,0.0,0.0,0.0,0.0
Andhra Pradesh,Y.S.R.Kadapa,Vempalle,0.0,0.0,0.0,179.2140771317017,0.0,0.0,0.0,0.0,0.0,0.0,0.0,0.0,0.0
Andhra Pradesh,Y.S.R.Kadapa,Vemula,0.0,0.0,0.0,289.4388950805359,0.0,0.0,0.0,0.0,0.0,0.0,0.0,31.602547476396897,0.0
Andhra Pradesh,Y.S.R.Kadapa,Vontimitta,0.0,0.0,0.0,465.5611425223772,0.0,0.0,0.0,0.0,0.0,0.0,0.0,0.0,0.0
Andhra Pradesh,Y.S.R.Kadapa,Y.S.R.Kadapa,0.0,0.0,0.0,94.18705599020544,0.0,0.0,0.0,0.0,0.0,0.0,0.0,0.0,0.0
Andhra Pradesh,Y.S.R.Kadapa,Yerraguntla,0.0,0.0,0.0,255.54215628291738,0.0,0.0,0.0,0.0,0.0,0.0,0.0,0.0,0.0
Andhra Pradesh,Yanam,Yanam,0.0,0.0,0.0,0.0,0.0,32.8765833283601,0.0,0.0,0.0,0.0,0.0,0.0,0.0
CG,Balod,Balod,0.0,0.0,0.0,0.0,0.0,0.0,0.0,0.0,0.0,453.6666567310975,0.0,0.0,0.0
CG,Balod,Dondi,0.0,0.0,0.0,0.0,0.0,0.0,0.0,0.0,0.0,782.4792234488137,110.65131123646775,0.0,0.0
CG,Balod,Dondi Luhara,0.0,0.0,0.0,0.0,0.0,0.0,0.0,0.0,0.0,1108.4949984110083,0.0,0.0,0.0
CG,Balod,Gunderdehi,0.0,0.0,0.0,0.0,0.0,0.0,0.0,0.0,0.0,789.1094463087464,0.0,0.0,0.0
CG,Balod,Gurur,0.0,0.0,0.0,0.0,0.0,0.0,0.0,0.0,0.0,627.2858265787999,0.0,0.0,0.0
CG,Baloda Bazar,Baloda Bazar,0.0,0.0,0.0,0.0,0.0,0.0,0.0,0.0,0.0,720.5879837828885,0.0,0.0,0.0
CG,Baloda Bazar,Bhatapara,0.0,0.0,0.0,0.0,0.0,0.0,0.0,0.0,0.0,546.566956416378,0.0,0.0,0.0
CG,Baloda Bazar,Bilaigarh,0.0,0.0,0.0,0.0,0.0,0.0,0.0,0.0,0.0,817.1418790692578,0.0,0.0,0.0
CG,Baloda Bazar,Kasdol,0.0,0.0,0.0,0.0,0.0,0.0,0.0,0.0,0.0,1938.7570442326116,0.0,0.0,0.0
CG,Baloda Bazar,Palari,0.0,0.0,0.0,0.0,0.0,0.0,0.0,0.0,0.0,691.1064671665345,0.0,0.0,0.0
CG,Baloda Bazar,Simga,0.0,0.0,0.0,0.0,0.0,0.0,0.0,0.0,0.0,710.2605329825592,0.0,0.0,0.0
CG,Balrampur,Balrampur,0.0,0.0,0.0,0.0,0.0,0.0,0.0,0.0,0.0,1287.4356962014558,0.0,0.0,0.0
CG,Balrampur,Rajpur,0.0,0.0,0.0,0.0,0.0,0.0,0.0,0.0,0.0,904.1650212085384,0.0,0.0,0.0
CG,Balrampur,Ramanujganj,0.0,0.0,0.0,0.0,0.0,0.0,0.0,0.0,0.0,1585.9369940183847,0.0,0.0,0.0
CG,Balrampur,Samri(Kusmi),0.0,0.0,0.0,0.0,0.0,0.0,0.0,0.0,0.0,1372.8399838437144,0.0,0.0,0.0
CG,Balrampur,Shankargarh,0.0,0.0,0.0,0.0,0.0,0.0,0.0,0.0,0.0,805.1516383247524,0.0,0.0,0.0
CG,Balrampur,Wadrafnagar,0.0,0.0,2.2497099116431185,0.0,0.0,0.0,0.0,0.0,0.0,1533.9911481329125,0.0,0.0,0.0
CG,Bastar,Bakavand,0.0,0.0,0.0,0.0,0.0,0.0,0.0,0.0,0.0,0.0,998.1616315470517,0.0,0.0
CG,Bastar,Bastanar,0.0,0.0,0.0,0.0,0.0,0.0,0.0,0.0,0.0,0.0,555.0006910396029,0.0,0.0
CG,Bastar,Bastar,0.0,0.0,0.0,0.0,0.0,0.0,0.0,0.0,0.0,0.0,1155.7534244689152,0.0,0.0
CG,Bastar,Darbha,0.0,0.0,0.0,0.0,0.0,0.0,0.0,0.0,0.0,0.0,1271.0497336501812,0.0,0.0
CG,Bastar,Jagdalpur,0.0,0.0,0.0,0.0,0.0,0.0,0.0,0.0,0.0,0.0,907.2013924258403,0.0,0.0
CG,Bastar,Lohandiguda,0.0,0.0,0.0,0.0,0.0,0.0,0.0,0.0,0.0,0.0,789.0809554391678,0.0,0.0
CG,Bastar,Tokapal,0.0,0.0,0.0,0.0,0.0,0.0,0.0,0.0,0.0,0.0,398.7204134806624,0.0,0.0
CG,Bemetara,Bemetara,0.0,0.0,0.0,0.0,0.0,0.0,0.0,0.0,0.0,854.6795164419302,0.0,0.0,0.0
CG,Bemetara,Berla,0.0,0.0,0.0,0.0,0.0,0.0,0.0,0.0,0.0,905.8633723052047,0.0,0.0,0.0
CG,Bemetara,Nawagarh_1,0.0,0.0,0.0,0.0,0.0,0.0,0.0,0.0,0.0,729.8004248517409,0.0,0.0,0.0
CG,Bemetara,Saja,0.0,0.0,0.0,0.0,0.0,0.0,0.0,0.0,0.0,526.8646304567152,0.0,0.0,0.0
CG,Bemetara,Thanakhamria,0.0,0.0,0.0,0.0,0.0,0.0,0.0,0.0,0.0,318.1167044530969,0.0,0.0,0.0
CG,Bijapur,Bhairamgarh,0.0,0.0,0.0,0.0,0.0,0.0,0.0,0.0,0.0,0.0,2588.6828467710047,0.0,0.0
CG,Bijapur,Bhopalpattnam,0.0,0.0,0.0,3.811524330419468,0.0,0.0,0.0,0.0,0.0,0.0,2395.0350830016964,0.0,0.0
CG,Bijapur,Bijapur,0.0,0.0,0.0,0.0,0.0,0.0,0.0,0.0,0.0,0.0,1694.8627672186083,0.0,0.0
CG,Bijapur,Usur,0.0,0.0,0.0,30.54763534619496,0.0,0.0,0.0,0.0,0.0,0.0,2703.974331516514,0.0,0.0
CG,Bilaspur,Bilaspur,0.0,0.0,0.0,0.0,0.0,0.0,0.0,0.0,0.0,528.0865521548841,0.0,0.0,0.0
CG,Bilaspur,Bilha,0.0,0.0,0.0,0.0,0.0,0.0,0.0,0.0,0.0,426.85499767533304,0.0,0.0,0.0
CG,Bilaspur,Kota,0.0,0.0,0.0,0.0,0.0,0.0,0.0,0.0,0.0,1388.8557249747114,0.0,0.0,0.0
CG,Bilaspur,Masturi,0.0,0.0,0.0,0.0,0.0,0.0,0.0,0.0,0.0,1003.1593825726545,0.0,0.0,0.0
CG,Bilaspur,Takhatpur,0.0,0.0,0.0,0.0,0.0,0.0,0.0,0.0,0.0,840.9562231941253,0.0,0.0,0.0
CG,Dantewada,Bade Bacheli,0.0,0.0,0.0,0.0,0.0,0.0,0.0,0.0,0.0,0.0,806.3245316668625,0.0,0.0
CG,Dantewada,Dantewada,0.0,0.0,0.0,0.0,0.0,0.0,0.0,0.0,0.0,0.0,571.4925832723885,0.0,0.0
CG,Dantewada,Gidam,0.0,0.0,0.0,0.0,0.0,0.0,0.0,0.0,0.0,0.0,867.4780985609218,0.0,0.0
CG,Dantewada,Katekalyan,0.0,0.0,0.0,0.0,0.0,0.0,0.0,0.0,0.0,0.0,630.8959281370867,0.0,0.0
CG,Dantewada,Kuakonda,0.0,0.0,0.0,0.0,0.0,0.0,0.0,0.0,0.0,0.0,292.9298807245244,0.0,0.0
CG,Dhamtari,Dhamtari,0.0,0.0,0.0,0.0,0.0,0.0,0.0,0.0,0.0,734.6120175836978,56.358649324189415,0.0,0.0
CG,Dhamtari,Kurud,0.0,0.0,0.0,0.0,0.0,0.0,0.0,0.0,0.0,683.7699118241825,0.0,0.0,0.0
CG,Dhamtari,Magarlod,0.0,0.0,0.0,0.0,0.0,0.0,0.0,0.0,0.0,850.7722669025109,0.0,0.0,0.0
CG,Dhamtari,Nagri,0.0,0.0,0.0,0.0,0.0,0.0,0.0,0.0,0.0,2169.21441415995,190.3493931746512,0.0,0.0
CG,Durg,Dhamdha,0.0,0.0,0.0,0.0,0.0,0.0,0.0,0.0,0.0,1026.624739561318,0.0,0.0,0.0
CG,Durg,Durg,0.0,0.0,0.0,0.0,0.0,0.0,0.0,0.0,0.0,743.9913396409734,0.0,0.0,0.0
CG,Durg,Patan,0.0,0.0,0.0,0.0,0.0,0.0,0.0,0.0,0.0,886.5570284881559,0.0,0.0,0.0
CG,Gariyaband,Bindranavagarh(Gariyaband),0.0,0.0,0.0,0.0,0.0,0.0,0.0,0.0,0.0,1524.1830241448797,5.444722762905314,0.0,0.0
CG,Gariyaband,Chhura,0.0,0.0,0.0,0.0,0.0,0.0,0.0,0.0,0.0,1147.39570887739,1.825678683143436,0.0,0.0
CG,Gariyaband,Deobhog,0.0,0.0,0.0,0.0,0.0,0.0,0.0,0.0,0.0,352.6227068951792,3.7316716703308894,0.0,0.0
CG,Gariyaband,Mainpur,0.0,0.0,0.0,0.0,0.0,0.0,0.0,0.0,0.0,1845.4591129650962,6.23516310992389,0.0,0.0
CG,Gariyaband,Rajim,0.0,0.0,0.0,0.0,0.0,0.0,0.0,0.0,0.0,654.6827890669376,0.0,0.0,0.0
CG,Gaurella Pendra Marwahi,Marwahi,0.0,0.0,8.24167303419334,0.0,0.0,0.0,0.0,0.0,0.0,831.1757987042876,0.0,0.0,0.0
CG,Gaurella Pendra Marwahi,Pendra,0.0,0.0,0.0,0.0,0.0,0.0,0.0,0.0,0.0,444.12989650631295,0.0,0.0,0.0
CG,Gaurella Pendra Marwahi,Pendra Road Gorella,0.0,0.0,6.6305269828255495,0.0,0.0,0.0,0.0,0.0,0.0,1037.420618610698,0.0,0.0,0.0
CG,Janjgir-Champa,Akaltara,0.0,0.0,0.0,0.0,0.0,0.0,0.0,0.0,0.0,462.99148624609137,0.0,0.0,0.0
CG,Janjgir-Champa,Baloda,0.0,0.0,0.0,0.0,0.0,0.0,0.0,0.0,0.0,403.37400630104645,0.0,0.0,0.0
CG,Janjgir-Champa,Champa,0.0,0.0,0.0,0.0,0.0,0.0,0.0,0.0,0.0,453.7478491751088,0.0,0.0,0.0
CG,Janjgir-Champa,Dabhra,0.0,0.0,0.0,0.0,0.0,0.0,0.0,0.0,0.0,510.3205982150596,0.0,0.0,0.0
CG,Janjgir-Champa,Jaijaipur,0.0,0.0,0.0,0.0,0.0,0.0,0.0,0.0,0.0,522.686262813417,0.0,0.0,0.0
CG,Janjgir-Champa,Janjgir,0.0,0.0,0.0,0.0,0.0,0.0,0.0,0.0,0.0,320.77135945938096,0.0,0.0,0.0
CG,Janjgir-Champa,Malkharoda,0.0,0.0,0.0,0.0,0.0,0.0,0.0,0.0,0.0,403.362762878016,0.0,0.0,0.0
CG,Janjgir-Champa,Nawagarh,0.0,0.0,0.0,0.0,0.0,0.0,0.0,0.0,0.0,430.15559238884646,0.0,0.0,0.0
CG,Janjgir-Champa,Pamgarh,0.0,0.0,0.0,0.0,0.0,0.0,0.0,0.0,0.0,529.1823641344984,0.0,0.0,0.0
CG,Janjgir-Champa,Sakti,0.0,0.0,0.0,0.0,0.0,0.0,0.0,0.0,0.0,473.7590679019338,0.0,0.0,0.0
CG,Jashpur,Bagicha,0.0,0.0,0.0,0.0,0.0,0.0,0.0,0.0,0.0,1885.9731708548916,0.0,0.0,0.0
CG,Jashpur,Duldula,0.0,0.0,0.0,0.0,0.0,0.0,0.0,0.0,0.0,525.3219886082952,0.0,0.0,0.0
CG,Jashpur,Farsabahar,0.0,0.0,0.0,0.0,0.0,0.0,0.0,0.0,0.0,786.7217905366113,6.6844537204546075,0.0,0.0
CG,Jashpur,Jashpur,0.0,0.0,0.0,0.0,0.0,0.0,0.0,0.0,0.0,651.9926425412507,0.0,0.0,0.0
CG,Jashpur,Kansabel,0.0,0.0,0.0,0.0,0.0,0.0,0.0,0.0,0.0,541.3375061905552,0.0,0.0,0.0
CG,Jashpur,Kunkuri,0.0,0.0,0.0,0.0,0.0,0.0,0.0,0.0,0.0,583.1523992204231,0.0,0.0,0.0
CG,Jashpur,Manora,0.0,0.0,0.0,0.0,0.0,0.0,0.0,0.0,0.0,982.2997566442083,0.0,0.0,0.0
CG,Jashpur,Pathalgaon,0.0,0.0,0.0,0.0,0.0,0.0,0.0,0.0,0.0,952.2570951531587,0.0,0.0,0.0
CG,Kabirdham,Bodla,0.0,0.0,16.9782841025217,0.0,0.0,0.0,0.0,0.0,0.0,2203.3315813871613,0.0,0.0,0.0
CG,Kabirdham,Kawardha,0.0,0.0,0.0,0.0,0.0,0.0,0.0,0.0,0.0,621.1910006038379,0.0,0.0,0.0
CG,Kabirdham,Pandariya,0.0,0.0,6.163322509375292,0.0,0.0,0.0,0.0,0.0,0.0,1326.1464796221462,0.0,0.0,0.0
CG,Kabirdham,Sahaspur Lohara,0.0,0.0,0.0,0.0,0.0,0.0,0.0,0.0,0.0,738.2085137220716,0.0,0.0,0.0
CG,Kanker,Antagarh,0.0,0.0,0.0,0.0,0.0,0.0,0.0,0.0,0.0,0.0,1825.061017305307,0.0,0.0
CG,Kanker,Bhanupratappur,0.0,0.0,0.0,0.0,0.0,0.0,0.0,0.0,0.0,0.0,940.5728455687569,0.0,0.0
CG,Kanker,Charama,0.0,0.0,0.0,0.0,0.0,0.0,0.0,0.0,0.0,49.77684657407745,545.9857439230522,0.0,0.0
CG,Kanker,Durgkondal,0.0,0.0,0.0,0.0,0.0,0.0,0.0,0.0,0.0,50.27238968011531,872.8122087834853,0.0,0.0
CG,Kanker,Kanker,0.0,0.0,0.0,0.0,0.0,0.0,0.0,0.0,0.0,0.0,688.5133350316164,0.0,0.0
CG,Kanker,Narharpur,0.0,0.0,0.0,0.0,0.0,0.0,0.0,0.0,0.0,6.596328484570075,1031.8262276699147,0.0,0.0
CG,Kanker,Pakhanjur,0.0,0.0,0.0,0.0,0.0,0.0,0.0,0.0,0.0,0.0,2185.7245276034396,0.0,0.0
CG,Kondagaon,Bade Rajpur,0.0,0.0,0.0,0.0,0.0,0.0,0.0,0.0,0.0,0.0,746.2297403518243,0.0,0.0
CG,Kondagaon,Farasgaon,0.0,0.0,0.0,0.0,0.0,0.0,0.0,0.0,0.0,0.0,1003.0973796454122,0.0,0.0
CG,Kondagaon,Keskal,0.0,0.0,0.0,0.0,0.0,0.0,0.0,0.0,0.0,0.0,898.89288523757,0.0,0.0
CG,Kondagaon,Kondagaon,0.0,0.0,0.0,0.0,0.0,0.0,0.0,0.0,0.0,0.0,1965.3482229679921,0.0,0.0
CG,Kondagaon,Makdi,0.0,0.0,0.0,0.0,0.0,0.0,0.0,0.0,0.0,0.0,1148.6195543469787,0.0,0.0
CG,Korba,Kartala,0.0,0.0,0.0,0.0,0.0,0.0,0.0,0.0,0.0,783.2398739313884,0.0,0.0,0.0
CG,Korba,Katghora,0.0,0.0,0.0,0.0,0.0,0.0,0.0,0.0,0.0,564.9685531059972,0.0,0.0,0.0
CG,Korba,Korba,0.0,0.0,0.0,0.0,0.0,0.0,0.0,0.0,0.0,2340.994049583063,0.0,0.0,0.0
CG,Korba,Pali,0.0,0.0,0.0,0.0,0.0,0.0,0.0,0.0,0.0,1347.243427846668,0.0,0.0,0.0
CG,Korba,Poundi-Uproda,0.0,0.0,0.0,0.0,0.0,0.0,0.0,0.0,0.0,2734.183545500375,0.0,0.0,0.0
CG,Korea,Baikunthpur,0.0,0.0,0.0,0.0,0.0,0.0,0.0,0.0,0.0,863.3172455462797,0.0,0.0,0.0
CG,Korea,Bharatpur,0.0,0.0,2814.692910538757,0.0,0.0,0.0,0.0,0.0,0.0,0.3183116817828187,0.0,0.0,0.0
CG,Korea,Khadganva,0.0,0.0,0.0,0.0,0.0,0.0,0.0,0.0,0.0,1136.5614781842992,0.0,0.0,0.0
CG,Korea,Manendragarh,0.0,0.0,638.7814341602559,0.0,0.0,0.0,0.0,0.0,0.0,811.3543966157869,0.0,0.0,0.0
CG,Korea,Sonhat,0.0,0.0,299.5651554693619,0.0,0.0,0.0,0.0,0.0,0.0,1328.0709681377896,0.0,0.0,0.0
CG,Mahasamund,Bagbahra,0.0,0.0,0.0,0.0,0.0,0.0,0.0,0.0,0.0,1178.7601842415459,1.4478676369329924,0.0,0.0
CG,Mahasamund,Basna,0.0,0.0,0.0,0.0,0.0,0.0,0.0,0.0,0.0,765.352780508741,1.106840196942249,0.0,0.0
CG,Mahasamund,Mahasamund,0.0,0.0,0.0,0.0,0.0,0.0,0.0,0.0,0.0,1210.884878089682,0.0,0.0,0.0
CG,Mahasamund,Pithora,0.0,0.0,0.0,0.0,0.0,0.0,0.0,0.0,0.0,1226.4800324051134,0.36564987523994574,0.0,0.0
CG,Mahasamund,Saraipali,0.0,0.0,0.0,0.0,0.0,0.0,0.0,0.0,0.0,1110.6656029162239,6.6231670218010485,0.0,0.0
CG,Mungeli,Lormi,0.0,0.0,4.2015469991148375,0.0,0.0,0.0,0.0,0.0,0.0,1939.2973539097102,0.0,0.0,0.0
CG,Mungeli,Mungeli,0.0,0.0,0.0,0.0,0.0,0.0,0.0,0.0,0.0,715.3129176237293,0.0,0.0,0.0
CG,Mungeli,Pathariya,0.0,0.0,0.0,0.0,0.0,0.0,0.0,0.0,0.0,595.2188671582693,0.0,0.0,0.0
CG,Narayanpur,Narayanpur,0.0,0.0,0.0,0.0,0.0,0.0,0.0,0.0,0.0,0.0,1313.4296617568814,0.0,0.0
CG,Narayanpur,Orchha,0.0,0.0,0.0,0.0,0.0,0.0,0.0,0.0,0.0,0.0,4053.4002895015174,0.0,0.0
CG,Raigarh,Baramkela,0.0,0.0,0.0,0.0,0.0,0.0,0.0,0.0,0.0,770.2467001903404,2.8497380709136686,0.0,0.0
CG,Raigarh,Gharghoda,0.0,0.0,0.0,0.0,0.0,0.0,0.0,0.0,0.0,685.6541665757987,0.0,0.0,0.0
CG,Raigarh,Kharsia,0.0,0.0,0.0,0.0,0.0,0.0,0.0,0.0,0.0,601.8685509077684,0.0,0.0,0.0
CG,Raigarh,Lailunga,0.0,0.0,0.0,0.0,0.0,0.0,0.0,0.0,0.0,925.0324567304887,4.590101495283095,0.0,0.0
CG,Raigarh,Pusour,0.0,0.0,0.0,0.0,0.0,0.0,0.0,0.0,0.0,501.8232801003867,0.15922047416640706,0.0,0.0
CG,Raigarh,Raigarh,0.0,0.0,0.0,0.0,0.0,0.0,0.0,0.0,0.0,797.9545531414215,0.6007163540391103,0.0,0.0
CG,Raigarh,Sarangarh,0.0,0.0,0.0,0.0,0.0,0.0,0.0,0.0,0.0,964.8806637771082,0.0,0.0,0.0
CG,Raigarh,Tamnar,0.0,0.0,0.0,0.0,0.0,0.0,0.0,0.0,0.0,728.6502925780145,3.8076526664794823,0.0,0.0
CG,Raigarh,Udaipur (Dharamjaigarh),0.0,0.0,0.0,0.0,0.0,0.0,0.0,0.0,0.0,2263.0328367558072,0.0,0.0,0.0
CG,Raipur,Abhanpur,0.0,0.0,0.0,0.0,0.0,0.0,0.0,0.0,0.0,696.5832061247471,0.0,0.0,0.0
CG,Raipur,Arang,0.0,0.0,0.0,0.0,0.0,0.0,0.0,0.0,0.0,1045.4796196089897,0.0,0.0,0.0
CG,Raipur,Raipur,0.0,0.0,0.0,0.0,0.0,0.0,0.0,0.0,0.0,758.7362523145226,0.0,0.0,0.0
CG,Raipur,Tilda,0.0,0.0,0.0,0.0,0.0,0.0,0.0,0.0,0.0,861.2650477887489,0.0,0.0,0.0
CG,Rajnandgaon,Ambagarh,0.0,0.0,0.12078328534606624,0.0,0.0,0.0,0.0,0.0,0.0,632.0080995224824,1.9952993380378368,0.0,0.0
CG,Rajnandgaon,Chhuikhadan,0.0,0.0,2.45151488904467,0.0,0.0,0.0,0.0,0.0,0.0,1556.4891529100803,0.0,0.0,0.0
CG,Rajnandgaon,Chhuriya,0.0,0.0,6.729650778312292,0.0,0.0,0.0,0.0,0.0,0.0,1170.424259830932,0.0,0.0,0.0
CG,Rajnandgaon,Dongargaon,0.0,0.0,0.0,0.0,0.0,0.0,0.0,0.0,0.0,500.47885566290194,0.0,0.0,0.0
CG,Rajnandgaon,Dongargarh,0.0,0.0,2.1655909806413365,0.0,0.0,0.0,0.0,0.0,0.0,1204.1948306341928,0.0,0.0,0.0
CG,Rajnandgaon,Khairagarh,0.0,0.0,1.108864230401765,0.0,0.0,0.0,0.0,0.0,0.0,1154.5851274099764,0.0,0.0,0.0
CG,Rajnandgaon,Manpur,0.0,0.0,0.0,0.0,0.0,0.0,0.0,0.0,0.0,671.4321610694059,630.680298344334,0.0,0.0
CG,Rajnandgaon,Mohla,0.0,0.0,0.0,0.0,0.0,0.0,0.0,0.0,0.0,900.2919748243564,14.157974325051898,0.0,0.0
CG,Rajnandgaon,Rajnandgaon,0.0,0.0,0.0,0.0,0.0,0.0,0.0,0.0,0.0,860.8428454621736,0.0,0.0,0.0
CG,Sukma,Chhindgarh,0.0,0.0,0.0,0.0,0.0,0.0,0.0,0.0,0.0,0.0,951.7293873603456,0.0,0.0
CG,Sukma,Konta,0.0,0.0,0.0,46.1130636986913,0.0,0.0,0.0,0.0,0.0,0.0,4049.233453667235,0.0,0.0
CG,Sukma,Sukma,0.0,0.0,0.0,0.0,0.0,0.0,0.0,0.0,0.0,0.0,1059.1359007191093,0.0,0.0
CG,Surajpur,Bhaiyathan,0.0,0.0,0.0,0.0,0.0,0.0,0.0,0.0,0.0,590.5689863734782,0.0,0.0,0.0
CG,Surajpur,Oudgi,0.0,0.0,4.9649241539717615,0.0,0.0,0.0,0.0,0.0,0.0,2110.6114931585967,0.0,0.0,0.0
CG,Surajpur,Pratappur,0.0,0.0,0.0,0.0,0.0,0.0,0.0,0.0,0.0,1631.8744106120462,0.0,0.0,0.0
CG,Surajpur,Premnagar,0.0,0.0,0.0,0.0,0.0,0.0,0.0,0.0,0.0,745.5440552461631,0.0,0.0,0.0
CG,Surajpur,Ramanujnagar,0.0,0.0,0.0,0.0,0.0,0.0,0.0,0.0,0.0,601.8968580943986,0.0,0.0,0.0
CG,Surajpur,Surajpur,0.0,0.0,0.0,0.0,0.0,0.0,0.0,0.0,0.0,820.2175200026747,0.0,0.0,0.0
CG,Surguja,Ambikapur,0.0,0.0,0.0,0.0,0.0,0.0,0.0,0.0,0.0,694.4280827991595,0.0,0.0,0.0
CG,Surguja,Batouli,0.0,0.0,0.0,0.0,0.0,0.0,0.0,0.0,0.0,414.5736513530961,0.0,0.0,0.0
CG,Surguja,Lakhanpur,0.0,0.0,0.0,0.0,0.0,0.0,0.0,0.0,0.0,713.7179476950986,0.0,0.0,0.0
CG,Surguja,Lundra,0.0,0.0,0.0,0.0,0.0,0.0,0.0,0.0,0.0,714.686970229424,0.0,0.0,0.0
CG,Surguja,Mainpat,0.0,0.0,0.0,0.0,0.0,0.0,0.0,0.0,0.0,641.5623216586425,0.0,0.0,0.0
CG,Surguja,Sitapur,0.0,0.0,0.0,0.0,0.0,0.0,0.0,0.0,0.0,488.93060926154584,0.0,0.0,0.0
CG,Surguja,Udaypur,0.0,0.0,0.0,0.0,0.0,0.0,0.0,0.0,0.0,1078.804115108195,0.0,0.0,0.0
MH,Ahmednagar,Akola,0.0,0.0,0.0,0.0,1673.8991379263662,0.0,0.0,0.0,0.0,0.0,0.0,0.0,21.175431661313414
MH,Ahmednagar,Jamkhed,0.0,0.0,0.0,0.0,976.0982779834227,0.0,0.0,0.0,0.0,0.0,0.0,0.0,0.0
MH,Ahmednagar,Karjat,0.0,0.0,0.0,0.0,1696.3295338845728,0.0,0.0,0.0,0.0,0.0,0.0,0.0,0.0
MH,Ahmednagar,Kopargaon,0.0,0.0,0.0,0.0,806.20492191834,0.0,0.0,0.0,0.0,0.0,0.0,0.0,0.0
MH,Ahmednagar,Nagar,0.0,0.0,0.0,0.0,1622.3696723194141,0.0,0.0,0.0,0.0,0.0,0.0,0.0,0.0
MH,Ahmednagar,Nevasa,0.0,0.0,0.0,0.0,1606.14318704902,0.0,0.0,0.0,0.0,0.0,0.0,0.0,0.0
MH,Ahmednagar,Parner,0.0,0.0,0.0,0.0,2067.8149150041518,0.0,0.0,0.0,0.0,0.0,0.0,0.0,0.0
MH,Ahmednagar,Pathardi,0.0,0.0,0.0,0.0,1290.7877961024342,0.0,0.0,0.0,0.0,0.0,0.0,0.0,0.0
MH,Ahmednagar,Rahta,0.0,0.0,0.0,0.0,733.5780242385695,0.0,0.0,0.0,0.0,0.0,0.0,0.0,0.0
MH,Ahmednagar,Rahuri,0.0,0.0,0.0,0.0,1156.4801919597885,0.0,0.0,0.0,0.0,0.0,0.0,0.0,0.0
MH,Ahmednagar,Sangamner,0.0,0.0,0.0,0.0,1908.3040722743558,0.0,0.0,0.0,0.0,0.0,0.0,0.0,0.0
MH,Ahmednagar,Shevgaon,0.0,0.0,0.0,0.0,1211.7068860577808,0.0,0.0,0.0,0.0,0.0,0.0,0.0,0.0
MH,Ahmednagar,Shrigonda,0.0,0.0,0.0,0.0,1852.954790394643,0.0,0.0,0.0,0.0,0.0,0.0,0.0,0.0
MH,Ahmednagar,Shrirampur,0.0,0.0,0.0,0.0,653.0218332419848,0.0,0.0,0.0,0.0,0.0,0.0,0.0,0.0
MH,Akola,Akola,0.0,0.0,0.0,0.0,1236.6746072602152,0.0,0.0,0.0,0.0,0.0,0.0,0.0,0.0
MH,Akola,Akot,0.0,0.0,0.0,0.0,909.6973278359944,0.0,0.0,0.0,0.0,0.0,0.0,0.0,0.0
MH,Akola,Balapur,0.0,0.0,0.0,0.0,809.6037195220397,0.0,0.0,0.0,0.0,0.0,0.0,0.0,0.0
MH,Akola,Barshitakli,0.0,0.0,0.0,0.0,859.1332405907772,0.0,0.0,0.0,0.0,0.0,0.0,0.0,0.0
MH,Akola,Murtijapur,0.0,0.0,0.0,0.0,907.9337317620714,0.0,0.0,0.0,0.0,0.0,0.0,0.0,0.0
MH,Akola,Patur,0.0,0.0,0.0,0.0,813.1771945454078,0.0,0.0,0.0,0.0,0.0,0.0,0.0,0.0
MH,Akola,Telhara,0.0,0.0,0.0,0.0,703.3909211035626,0.0,0.0,0.0,0.0,0.0,0.0,0.0,0.0
MH,Amravati,Achalpur,0.0,0.0,0.0,0.0,746.0631257230251,0.0,0.0,0.0,0.0,0.0,0.0,0.0,0.0
MH,Amravati,Amravati,0.0,0.0,0.0,0.0,1052.394284994847,0.0,0.0,0.0,0.0,0.0,0.0,0.0,0.0
MH,Amravati,Anjangaon Surji,0.0,0.0,0.0,0.0,605.6801419315499,0.0,0.0,0.0,0.0,0.0,0.0,0.0,0.0
MH,Amravati,Bhatkuli,0.0,0.0,0.0,0.0,677.0284522897156,0.0,0.0,0.0,0.0,0.0,0.0,0.0,0.0
MH,Amravati,Chandur Railway,0.0,0.0,0.0,0.0,626.012525498154,0.0,0.0,0.0,0.0,0.0,0.0,0.0,0.0
MH,Amravati,Chandurbazar,0.0,0.0,0.0,0.0,740.1214796172646,0.0,0.0,0.0,0.0,0.0,0.0,0.0,0.0
MH,Amravati,Chikhaldara,0.0,0.0,966.9535486825384,0.0,1922.201183189673,0.0,0.0,0.0,0.0,0.0,0.0,0.0,0.0
MH,Amravati,Daryapur,0.0,0.0,0.0,0.0,1005.6726674572504,0.0,0.0,0.0,0.0,0.0,0.0,0.0,0.0
MH,Amravati,Dhamangaon Railway,0.0,0.0,357.32820419992413,0.0,359.61681034619033,0.0,0.0,0.0,0.0,0.0,0.0,0.0,0.0
MH,Amravati,Dharni,0.0,8.180290434498009,27.539127653666092,0.0,1689.9477551924026,0.0,0.0,0.0,0.0,0.0,0.0,0.0,0.0
MH,Amravati,Morshi,0.0,0.0,245.39516359489508,0.0,661.5179258429471,0.0,0.0,0.0,0.0,0.0,0.0,0.0,0.0
MH,Amravati,Nandgaon-Khandeshwar,0.0,0.0,0.0,0.0,930.335660051559,0.0,0.0,0.0,0.0,0.0,0.0,0.0,0.0
MH,Amravati,Teosa,0.0,0.0,141.87142875443973,0.0,487.00701731155107,0.0,0.0,0.0,0.0,0.0,0.0,0.0,0.0
MH,Amravati,Warud,0.0,0.0,859.4193862912139,0.0,0.0,0.0,0.0,0.0,0.0,0.0,0.0,0.0,0.0
MH,Aurangabad,Aurangabad,0.0,0.0,0.0,0.0,1532.9133656423955,0.0,0.0,0.0,0.0,0.0,0.0,0.0,0.0
MH,Aurangabad,Gangapur,0.0,0.0,0.0,0.0,1459.6807655373486,0.0,0.0,0.0,0.0,0.0,0.0,0.0,0.0
MH,Aurangabad,Kannad,0.0,0.0,0.0,0.0,1766.2046336106014,0.0,0.0,0.0,0.0,0.0,0.0,0.0,0.0
MH,Aurangabad,Khuldabad,0.0,0.0,0.0,0.0,570.4376355649571,0.0,0.0,0.0,0.0,0.0,0.0,0.0,0.0
MH,Aurangabad,Paithan,0.0,0.0,0.0,0.0,1586.4211358006896,0.0,0.0,0.0,0.0,0.0,0.0,0.0,0.0
MH,Aurangabad,Phulambri,0.0,0.0,0.0,0.0,753.1147214781616,0.0,0.0,0.0,0.0,0.0,0.0,0.0,0.0
MH,Aurangabad,Sillod,0.0,0.0,0.0,0.0,1290.1177203057528,0.0,0.0,0.0,0.0,0.0,0.0,0.0,0.0
MH,Aurangabad,Soegaon,0.0,0.0,0.0,0.0,792.1361025474341,0.0,0.0,0.0,0.0,0.0,0.0,0.0,0.0
MH,Aurangabad,Vaijapur,0.0,0.0,0.0,0.0,1838.6476359694027,0.0,0.0,0.0,0.0,0.0,0.0,0.0,0.0
MH,Beed,Ambejogai,0.0,0.0,0.0,0.0,1038.512911338834,0.0,0.0,0.0,0.0,0.0,0.0,0.0,0.0
MH,Beed,Ashti,0.0,0.0,0.0,0.0,1646.3131172032763,0.0,0.0,0.0,0.0,0.0,0.0,0.0,0.0
MH,Beed,Bid,0.0,0.0,0.0,0.0,1691.567784825519,0.0,0.0,0.0,0.0,0.0,0.0,0.0,0.0
MH,Beed,Dharur,0.0,0.0,0.0,0.0,683.8547175746575,0.0,0.0,0.0,0.0,0.0,0.0,0.0,0.0
MH,Beed,Georai,0.0,0.0,0.0,0.0,1480.7931612371012,0.0,0.0,0.0,0.0,0.0,0.0,0.0,0.0
MH,Beed,Kaij,0.0,0.0,0.0,0.0,1323.8845475152912,0.0,0.0,0.0,0.0,0.0,0.0,0.0,0.0
MH,Beed,Manjlegaon,0.0,0.0,0.0,0.0,1045.8049784812492,0.0,0.0,0.0,0.0,0.0,0.0,0.0,0.0
MH,Beed,Parli,0.0,0.0,0.0,0.0,928.2737307977944,0.0,0.0,0.0,0.0,0.0,0.0,0.0,0.0
MH,Beed,Patoda,0.0,0.0,0.0,0.0,866.2927101270045,0.0,0.0,0.0,0.0,0.0,0.0,0.0,0.0
MH,Beed,Shirur (Kasar),0.0,0.0,0.0,0.0,734.5722240096462,0.0,0.0,0.0,0.0,0.0,0.0,0.0,0.0
MH,Beed,Wadwani,0.0,0.0,0.0,0.0,476.3160310551021,0.0,0.0,0.0,0.0,0.0,0.0,0.0,0.0
MH,Bhandara,Bhandara,0.0,0.0,781.5306363331492,0.0,0.0,0.0,0.0,0.0,0.0,0.0,0.0,0.0,0.0
MH,Bhandara,Lakhandur,0.0,0.0,463.6045215935603,0.0,0.0,0.0,0.0,0.0,0.0,0.0,7.877849812838892,0.0,0.0
MH,Bhandara,Lakhani,0.0,0.0,513.5825893397689,0.0,0.0,0.0,0.0,0.0,0.0,0.0,0.0,0.0,0.0
MH,Bhandara,Mohadi,0.0,0.0,552.6851396773502,0.0,0.0,0.0,0.0,0.0,0.0,0.0,0.0,0.0,0.0
MH,Bhandara,Pauni,0.0,0.0,719.2126225508537,0.0,0.0,0.0,0.0,0.0,0.0,0.0,47.85104370731017,0.0,0.0
MH,Bhandara,Sakoli,0.0,0.0,676.4053698083292,0.0,0.0,0.0,0.0,0.0,0.0,0.0,0.0,0.0,0.0
MH,Bhandara,Tumsar,0.0,0.0,965.3797921375273,0.0,0.0,0.0,0.0,0.0,0.0,0.0,0.0,0.0,0.0
MH,Buldhana,Buldana,0.0,0.0,0.0,0.0,924.5874879127637,0.0,0.0,0.0,0.0,0.0,0.0,0.0,0.0
MH,Buldhana,Chikhli,0.0,0.0,0.0,0.0,1336.2739670715143,0.0,0.0,0.0,0.0,0.0,0.0,0.0,0.0
MH,Buldhana,Deolgaon Raja,0.0,0.0,0.0,0.0,540.7468148245614,0.0,0.0,0.0,0.0,0.0,0.0,0.0,0.0
MH,Buldhana,Jalgaon (Jamod),0.0,0.8726417982313178,0.0,0.0,724.7349817044238,0.0,0.0,0.0,0.0,0.0,0.0,0.0,0.0
MH,Buldhana,Khamgaon,0.0,0.0,0.0,0.0,1385.664697604501,0.0,0.0,0.0,0.0,0.0,0.0,0.0,0.0
MH,Buldhana,Lonar,0.0,0.0,0.0,0.0,802.7324442449338,0.0,0.0,0.0,0.0,0.0,0.0,0.0,0.0
MH,Buldhana,Malkapur,0.0,0.0,0.0,0.0,517.0763596305646,0.0,0.0,0.0,0.0,0.0,0.0,0.0,0.0
MH,Buldhana,Mehkar,0.0,0.0,0.0,0.0,1230.4031545086264,0.0,0.0,0.0,0.0,0.0,0.0,0.0,0.0
MH,Buldhana,Motala,0.0,0.0,0.0,0.0,857.6794478811844,0.0,0.0,0.0,0.0,0.0,0.0,0.0,0.0
MH,Buldhana,Nandura,0.0,0.0,0.0,0.0,607.3897588072782,0.0,0.0,0.0,0.0,0.0,0.0,0.0,0.0
MH,Buldhana,Sangrampur,0.0,0.0023953893250172223,0.0,0.0,722.9656516596351,0.0,0.0,0.0,0.0,0.0,0.0,0.0,0.0
MH,Buldhana,Shegaon,0.0,0.0,0.0,0.0,585.9163500311058,0.0,0.0,0.0,0.0,0.0,0.0,0.0,0.0
MH,Buldhana,Sindkhed Raja,0.0,0.0,0.0,0.0,927.0343416678287,0.0,0.0,0.0,0.0,0.0,0.0,0.0,0.0
MH,Chandrapur,Ballarpur,0.0,0.0,0.0,0.0,0.0,0.0,0.0,0.0,0.0,0.0,292.7167329698557,0.0,0.0
MH,Chandrapur,Bhadravati,0.0,0.0,0.0,0.0,0.0,0.0,0.0,0.0,0.0,0.0,1289.8768072608505,0.0,0.0
MH,Chandrapur,Brahmapuri,0.0,0.0,14.56584119493166,0.0,0.0,0.0,0.0,0.0,0.0,0.0,947.9290960609756,0.0,0.0
MH,Chandrapur,Chandrapur,0.0,0.0,0.0,0.0,0.0,0.0,0.0,0.0,0.0,0.0,1288.39962470326,0.0,0.0
MH,Chandrapur,Chimur,0.0,0.0,66.63732327993452,0.0,0.0,0.0,0.0,0.0,0.0,0.0,1260.1954586590166,0.0,0.0
MH,Chandrapur,Gondpipri,0.0,0.0,0.0,0.0,3.0187587898203203,0.0,0.0,0.0,0.0,0.0,811.4381963885406,0.0,0.0
MH,Chandrapur,Jiwati,0.0,0.0,0.0,0.0,37.516796306256516,0.0,0.0,0.0,0.0,0.0,590.3667533270466,0.0,0.0
MH,Chandrapur,Korpana,0.0,0.0,0.0,0.0,18.02508410375399,0.0,0.0,0.0,0.0,0.0,600.2167890539948,0.0,0.0
MH,Chandrapur,Mul,0.0,0.0,0.0,0.0,0.0,0.0,0.0,0.0,0.0,0.0,653.1383203320019,0.0,0.0
MH,Chandrapur,Nagbhir,0.0,0.0,0.5135312269945776,0.0,0.0,0.0,0.0,0.0,0.0,0.0,832.9405025464458,0.0,0.0
MH,Chandrapur,Pombhurna,0.0,0.0,0.0,0.0,0.0,0.0,0.0,0.0,0.0,0.0,473.37332609600367,0.0,0.0
MH,Chandrapur,Rajura,0.0,0.0,0.0,0.0,7.812144752392401,0.0,0.0,0.0,0.0,0.0,932.2368528666647,0.0,0.0
MH,Chandrapur,Sawali,0.0,0.0,0.0,0.0,0.0,0.0,0.0,0.0,0.0,0.0,804.7896604977722,0.0,0.0
MH,Chandrapur,Sindewahi,0.0,0.0,0.0,0.0,0.0,0.0,0.0,0.0,0.0,0.0,889.8247407296273,0.0,0.0
MH,Chandrapur,Warora,0.0,0.0,56.875686150436465,0.0,0.0,0.0,0.0,0.0,0.0,0.0,1073.0827304616523,0.0,0.0
MH,Dhule,Dhule,0.0,0.0,0.0,0.0,2212.096808703626,0.0,0.0,0.0,0.0,0.0,0.0,0.0,0.0
MH,Dhule,Sakri,0.0,0.0,0.0,0.0,2796.6911403307245,0.0,0.0,0.0,0.0,0.0,0.0,0.0,7.428905301298428
MH,Dhule,Shirpur,0.0,8.566968303305384,0.0,0.0,1746.0932377387785,0.0,0.0,0.0,0.0,0.0,0.0,0.0,0.0
MH,Dhule,Sindkhede,0.0,0.0,0.0,0.0,1530.6377550111463,0.0,0.0,0.0,0.0,0.0,0.0,0.0,0.0
MH,Gadchiroli,Aheri,0.0,0.0,0.0,0.0,12.325809933806623,0.0,0.0,0.0,0.0,0.0,2710.7575587548617,0.0,0.0
MH,Gadchiroli,Armori,0.0,0.0,0.0,0.0,0.0,0.0,0.0,0.0,0.0,0.0,832.7368846429562,0.0,0.0
MH,Gadchiroli,Bhamragad,0.0,0.0,0.0,0.0,0.0,0.0,0.0,0.0,0.0,0.0,1645.7056698565907,0.0,0.0
MH,Gadchiroli,Chamorshi,0.0,0.0,0.0,0.0,2.479771559862678,0.0,0.0,0.0,0.0,0.0,1484.02957625099,0.0,0.0
MH,Gadchiroli,Desaiganj (Vadasa),0.0,0.0,56.2178415296798,0.0,0.0,0.0,0.0,0.0,0.0,0.0,270.4075637138824,0.0,0.0
MH,Gadchiroli,Dhanora,0.0,0.0,0.0,0.0,0.0,0.0,0.0,0.0,0.0,2.555753568812374,2017.160342774447,0.0,0.0
MH,Gadchiroli,Etapalli,0.0,0.0,0.0,0.0,0.0,0.0,0.0,0.0,0.0,0.0,2488.8022582520393,0.0,0.0
MH,Gadchiroli,Gadchiroli,0.0,0.0,0.0,0.0,0.0,0.0,0.0,0.0,0.0,0.0,1061.9221532437232,0.0,0.0
MH,Gadchiroli,Korchi,0.0,0.0,115.73682401234723,0.0,0.0,0.0,0.0,0.0,0.0,10.23786290141025,672.8755805289537,0.0,0.0
MH,Gadchiroli,Kurkheda,0.0,0.0,31.068458152221513,0.0,0.0,0.0,0.0,0.0,0.0,0.0,857.9273483349443,0.0,0.0
MH,Gadchiroli,Mulchera,0.0,0.0,0.0,0.0,2.6496054542887593,0.0,0.0,0.0,0.0,0.0,770.8166913911797,0.0,0.0
MH,Gadchiroli,Sironcha,0.0,0.0,0.0,6.346157205171518,7.55332265645583,0.0,0.0,0.0,0.0,0.0,1428.8399904332448,0.0,0.0
MH,Gondia,Amgaon,0.0,0.0,377.1349442743543,0.0,0.0,0.0,0.0,0.0,0.0,0.0,0.0,0.0,0.0
MH,Gondia,Arjuni Morgaon,0.0,0.0,1072.9078899265717,0.0,0.0,0.0,0.0,0.0,0.0,0.0,9.874468619055499,0.0,0.0
MH,Gondia,Deori,0.0,0.0,1222.553513015181,0.0,0.0,0.0,0.0,0.0,0.0,1.046694958476821,0.0,0.0,0.0
MH,Gondia,Gondiya,0.0,0.0,787.5115264024504,0.0,0.0,0.0,0.0,0.0,0.0,0.0,0.0,0.0,0.0
MH,Gondia,Goregaon,0.0,0.0,549.479303319344,0.0,0.0,0.0,0.0,0.0,0.0,0.0,0.0,0.0,0.0
MH,Gondia,Sadak-Arjuni,0.0,0.0,773.2861279470467,0.0,0.0,0.0,0.0,0.0,0.0,0.0,0.0,0.0,0.0
MH,Gondia,Salekasa,0.0,0.0,519.0407299806478,0.0,0.0,0.0,0.0,0.0,0.0,2.163126677276992,0.0,0.0,0.0
MH,Gondia,Tirora,0.0,0.0,725.903915888363,0.0,0.0,0.0,0.0,0.0,0.0,0.0,0.0,0.0,0.0
MH,Hingoli,Aundha (Nagnath),0.0,0.0,0.0,0.0,951.7234216745488,0.0,0.0,0.0,0.0,0.0,0.0,0.0,0.0
MH,Hingoli,Basmath,0.0,0.0,0.0,0.0,976.5474290887299,0.0,0.0,0.0,0.0,0.0,0.0,0.0,0.0
MH,Hingoli,Hingoli,0.0,0.0,0.0,0.0,1084.520703562975,0.0,0.0,0.0,0.0,0.0,0.0,0.0,0.0
MH,Hingoli,Kalamnuri,0.0,0.0,0.0,0.0,967.7734005118101,0.0,0.0,0.0,0.0,0.0,0.0,0.0,0.0
MH,Hingoli,Sengaon,0.0,0.0,0.0,0.0,1249.210895512653,0.0,0.0,0.0,0.0,0.0,0.0,0.0,0.0
MH,Jalgaon,Amalner,0.0,0.0,0.0,0.0,981.7307099625639,0.0,0.0,0.0,0.0,0.0,0.0,0.0,0.0
MH,Jalgaon,Bhadgaon,0.0,0.0,0.0,0.0,557.0164135655386,0.0,0.0,0.0,0.0,0.0,0.0,0.0,0.0
MH,Jalgaon,Bhusawal,0.0,0.0,0.0,0.0,536.8306447038825,0.0,0.0,0.0,0.0,0.0,0.0,0.0,0.0
MH,Jalgaon,Bodvad,0.0,0.0,0.0,0.0,442.30314304153165,0.0,0.0,0.0,0.0,0.0,0.0,0.0,0.0
MH,Jalgaon,Chalisgaon,0.0,0.0,0.0,0.0,1444.49927143409,0.0,0.0,0.0,0.0,0.0,0.0,0.0,0.0
MH,Jalgaon,Chopda,0.0,0.9734928550900019,0.0,0.0,1327.4901457829947,0.0,0.0,0.0,0.0,0.0,0.0,0.0,0.0
MH,Jalgaon,Dharangaon,0.0,0.0,0.0,0.0,538.3128832090108,0.0,0.0,0.0,0.0,0.0,0.0,0.0,0.0
MH,Jalgaon,Erandol,0.0,0.0,0.0,0.0,540.8021679116011,0.0,0.0,0.0,0.0,0.0,0.0,0.0,0.0
MH,Jalgaon,Jalgaon,0.0,0.0,0.0,0.0,976.5798832086089,0.0,0.0,0.0,0.0,0.0,0.0,0.0,0.0
MH,Jalgaon,Jamner,0.0,0.0,0.0,0.0,1599.814171104031,0.0,0.0,0.0,0.0,0.0,0.0,0.0,0.0
MH,Jalgaon,Muktainagar (Edlabad),0.0,2.179630851688809,0.0,0.0,738.6460598570974,0.0,0.0,0.0,0.0,0.0,0.0,0.0,0.0
MH,Jalgaon,Pachora,0.0,0.0,0.0,0.0,973.418789518623,0.0,0.0,0.0,0.0,0.0,0.0,0.0,0.0
MH,Jalgaon,Parola,0.0,0.0,0.0,0.0,852.3219733761811,0.0,0.0,0.0,0.0,0.0,0.0,0.0,0.0
MH,Jalgaon,Raver,0.0,0.5346233437003315,0.0,0.0,1018.1356737600468,0.0,0.0,0.0,0.0,0.0,0.0,0.0,0.0
MH,Jalgaon,Yawal,0.0,0.8523994600141319,0.0,0.0,1019.7955137622994,0.0,0.0,0.0,0.0,0.0,0.0,0.0,0.0
MH,Jalna,Ambad,0.0,0.0,0.0,0.0,1442.071306218351,0.0,0.0,0.0,0.0,0.0,0.0,0.0,0.0
MH,Jalna,Badnapur,0.0,0.0,0.0,0.0,857.0598359046045,0.0,0.0,0.0,0.0,0.0,0.0,0.0,0.0
MH,Jalna,Bhokardan,0.0,0.0,0.0,0.0,1383.7449154709727,0.0,0.0,0.0,0.0,0.0,0.0,0.0,0.0
MH,Jalna,Ghansawangi,0.0,0.0,0.0,0.0,1051.815640759236,0.0,0.0,0.0,0.0,0.0,0.0,0.0,0.0
MH,Jalna,Jafferabad,0.0,0.0,0.0,0.0,792.0838174317645,0.0,0.0,0.0,0.0,0.0,0.0,0.0,0.0
MH,Jalna,Jalna,0.0,0.0,0.0,0.0,1372.4146239865945,0.0,0.0,0.0,0.0,0.0,0.0,0.0,0.0
MH,Jalna,Mantha,0.0,0.0,0.0,0.0,875.9424294701587,0.0,0.0,0.0,0.0,0.0,0.0,0.0,0.0
MH,Jalna,Partur,0.0,0.0,0.0,0.0,912.2403713543064,0.0,0.0,0.0,0.0,0.0,0.0,0.0,0.0
MH,Kolhapur,Ajra,0.0,0.0,0.0,0.0,286.8997569965659,0.0,0.0,0.0,0.0,0.0,0.0,0.0,270.2634748742543
MH,Kolhapur,Bavda,0.0,0.0,0.0,0.0,16.40550339556912,0.0,0.0,0.0,0.0,0.0,0.0,0.0,289.93524176716795
MH,Kolhapur,Bhudargad,0.0,0.0,0.0,0.0,209.97608214805126,0.0,0.0,0.0,0.0,0.0,0.0,0.0,523.0349171444418
MH,Kolhapur,Chandgad,0.0,0.0,0.0,0.0,322.06879490408494,0.0,0.0,0.0,0.0,0.0,0.0,0.0,686.5235754724314
MH,Kolhapur,Gadhinglaj,0.0,0.0,0.0,0.0,495.923715839483,0.0,0.0,0.0,0.0,0.0,0.0,0.0,0.0
MH,Kolhapur,Hatkanangle,0.0,0.0,0.0,0.0,666.4494200056116,0.0,0.0,0.0,0.0,0.0,0.0,0.0,0.0
MH,Kolhapur,Kagal,0.0,0.0,0.0,0.0,594.8845106696444,0.0,0.0,0.0,0.0,0.0,0.0,0.0,0.0
MH,Kolhapur,Karvir,0.0,0.0,0.0,0.0,706.4742912923256,0.0,0.0,0.0,0.0,0.0,0.0,0.0,0.4913122079057866
MH,Kolhapur,Panhala,0.0,0.0,0.0,0.0,467.1419994529181,0.0,0.0,0.0,0.0,0.0,0.0,0.0,144.5552395096558
MH,Kolhapur,Radhanagari,0.0,0.0,0.0,0.0,175.66000084016696,0.0,0.0,0.0,0.0,0.0,0.0,0.0,854.8768589699469
MH,Kolhapur,Shahuwadi,0.0,0.0,0.0,0.0,540.3242996808127,0.0,0.0,0.0,0.0,0.0,0.0,0.0,599.4241177816398
MH,Kolhapur,Shirol,0.0,0.0,0.0,0.0,554.0090465676863,0.0,0.0,0.0,0.0,0.0,0.0,0.0,0.0
MH,Latur,Ahmadpur,0.0,0.0,0.0,0.0,835.0730165687772,0.0,0.0,0.0,0.0,0.0,0.0,0.0,0.0
MH,Latur,Ausa,0.0,0.0,0.0,0.0,1443.5792522272159,0.0,0.0,0.0,0.0,0.0,0.0,0.0,0.0
MH,Latur,Chakur,0.0,0.0,0.0,0.0,703.250495167466,0.0,0.0,0.0,0.0,0.0,0.0,0.0,0.0
MH,Latur,Deoni,0.0,0.0,0.0,0.0,464.76547636899085,0.0,0.0,0.0,0.0,0.0,0.0,0.0,0.0
MH,Latur,Jalkot,0.0,0.0,0.0,0.0,397.94214654046164,0.0,0.0,0.0,0.0,0.0,0.0,0.0,0.0
MH,Latur,Latur,0.0,0.0,0.0,0.0,1178.6897491762936,0.0,0.0,0.0,0.0,0.0,0.0,0.0,0.0
MH,Latur,Nilanga,0.0,0.0,0.0,0.0,1203.368979247078,0.0,0.0,0.0,0.0,0.0,0.0,0.0,0.0
MH,Latur,Renapur,0.0,0.0,0.0,0.0,676.9546071731608,0.0,0.0,0.0,0.0,0.0,0.0,0.0,0.0
MH,Latur,Shirur-Anantpal,0.0,0.0,0.0,0.0,355.08053435858096,0.0,0.0,0.0,0.0,0.0,0.0,0.0,0.0
MH,Latur,Udgir,0.0,0.0,0.0,0.0,786.2311236715868,0.0,0.0,0.0,0.0,0.0,0.0,0.0,0.0
MH,Mumbai Suburban,Mumbai Suburban,0.0,0.0,0.0,0.0,0.0,0.0,0.0,0.0,0.0,0.0,0.0,0.0,549.7078871370215
MH,Nagpur,Bhiwapur,0.0,0.0,672.8561978364428,0.0,0.0,0.0,0.0,0.0,0.0,0.0,22.38862104604519,0.0,0.0
MH,Nagpur,Hingna,0.0,0.0,896.4075659808141,0.0,0.0,0.0,0.0,0.0,0.0,0.0,0.0,0.0,0.0
MH,Nagpur,Kalameshwar,0.0,0.0,668.5058855035498,0.0,0.0,0.0,0.0,0.0,0.0,0.0,0.0,0.0,0.0
MH,Nagpur,Kamptee,0.0,0.0,490.5797595030179,0.0,0.0,0.0,0.0,0.0,0.0,0.0,0.0,0.0,0.0
MH,Nagpur,Katol,0.0,0.0,1007.5126649022884,0.0,0.0,0.0,0.0,0.0,0.0,0.0,0.0,0.0,0.0
MH,Nagpur,Kuhi,0.0,0.0,928.8873272763917,0.0,0.0,0.0,0.0,0.0,0.0,0.0,0.0,0.0,0.0
MH,Nagpur,Mauda,0.0,0.0,681.1953856751675,0.0,0.0,0.0,0.0,0.0,0.0,0.0,0.0,0.0,0.0
MH,Nagpur,Nagpur (Rural),0.0,0.0,786.9617821307908,0.0,0.0,0.0,0.0,0.0,0.0,0.0,0.0,0.0,0.0
MH,Nagpur,Nagpur (Urban),0.0,0.0,254.43193586146904,0.0,0.0,0.0,0.0,0.0,0.0,0.0,0.0,0.0,0.0
MH,Nagpur,Narkhed,0.0,0.0,868.9886055445743,0.0,0.0,0.0,0.0,0.0,0.0,0.0,0.0,0.0,0.0
MH,Nagpur,Parseoni,0.0,0.0,1002.2758220410551,0.0,0.0,0.0,0.0,0.0,0.0,0.0,0.0,0.0,0.0
MH,Nagpur,Ramtek,0.0,0.0,1328.5864495899718,0.0,0.0,0.0,0.0,0.0,0.0,0.0,0.0,0.0,0.0
MH,Nagpur,Savner,0.0,0.0,786.0123653712675,0.0,0.0,0.0,0.0,0.0,0.0,0.0,0.0,0.0,0.0
MH,Nagpur,Umred,0.0,0.0,1042.5373749340897,0.0,0.0,0.0,0.0,0.0,0.0,0.0,0.0,0.0,0.0
MH,Nanded,Ardhapur,0.0,0.0,0.0,0.0,330.3804338131315,0.0,0.0,0.0,0.0,0.0,0.0,0.0,0.0
MH,Nanded,Bhokar,0.0,0.0,0.0,0.0,749.6117352711602,0.0,0.0,0.0,0.0,0.0,0.0,0.0,0.0
MH,Nanded,Biloli,0.0,0.0,0.0,0.0,588.4265475501606,0.0,0.0,0.0,0.0,0.0,0.0,0.0,0.0
MH,Nanded,Deglur,0.0,0.0,0.0,0.0,687.6189582404363,0.0,0.0,0.0,0.0,0.0,0.0,0.0,0.0
MH,Nanded,Dharmabad,0.0,0.0,0.0,0.0,393.4859504868894,0.0,0.0,0.0,0.0,0.0,0.0,0.0,0.0
MH,Nanded,Hadgaon,0.0,0.0,0.0,0.0,1205.9066298038063,0.0,0.0,0.0,0.0,0.0,0.0,0.0,0.0
MH,Nanded,Himayatnagar,0.0,0.0,0.0,0.0,541.4656036677825,0.0,0.0,0.0,0.0,0.0,0.0,0.0,0.0
MH,Nanded,Kandhar,0.0,0.0,0.0,0.0,957.2715832072681,0.0,0.0,0.0,0.0,0.0,0.0,0.0,0.0
MH,Nanded,Kinwat,0.0,0.0,0.0,0.0,1740.5630845988105,0.0,0.0,0.0,0.0,0.0,0.0,0.0,0.0
MH,Nanded,Loha,0.0,0.0,0.0,0.0,976.6561924690876,0.0,0.0,0.0,0.0,0.0,0.0,0.0,0.0
MH,Nanded,Mahoor,0.0,0.0,0.0,0.0,586.1456418634973,0.0,0.0,0.0,0.0,0.0,0.0,0.0,0.0
MH,Nanded,Mudkhed,0.0,0.0,0.0,0.0,375.5252800268911,0.0,0.0,0.0,0.0,0.0,0.0,0.0,0.0
MH,Nanded,Mukhed,0.0,0.0,0.0,0.0,1057.6641966847874,0.0,0.0,0.0,0.0,0.0,0.0,0.0,0.0
MH,Nanded,Naigaon (Khairgaon),0.0,0.0,0.0,0.0,688.0712480924055,0.0,0.0,0.0,0.0,0.0,0.0,0.0,0.0
MH,Nanded,Nanded,0.0,0.0,0.0,0.0,454.49587430487276,0.0,0.0,0.0,0.0,0.0,0.0,0.0,0.0
MH,Nanded,Umri,0.0,0.0,0.0,0.0,522.6001041025794,0.0,0.0,0.0,0.0,0.0,0.0,0.0,0.0
MH,Nandurbar,Akkalkuwa,0.0,1073.5208771755676,0.0,0.0,0.0,0.0,0.0,0.0,0.0,0.0,0.0,0.0,0.0
MH,Nandurbar,Akrani,0.0,1550.3251818707056,0.0,0.0,0.0,0.0,0.0,0.0,0.0,0.0,0.0,0.0,0.0
MH,Nandurbar,Nandurbar,0.0,29.02433201981684,0.0,0.0,1283.9208572357106,0.0,0.0,0.0,0.0,0.0,0.0,0.0,0.0
MH,Nandurbar,Nawapur,0.0,23.733289360931604,0.0,0.0,970.0299078355174,0.0,0.0,0.0,0.0,0.0,0.0,0.0,119.36818546952892
MH,Nandurbar,Shahade,0.0,263.0299672465205,0.0,0.0,1107.5471692643418,0.0,0.0,0.0,0.0,0.0,0.0,0.0,0.0
MH,Nandurbar,Talode,0.0,491.1938067903034,0.0,0.0,15.986281743351269,0.0,0.0,0.0,0.0,0.0,0.0,0.0,0.0
MH,Nashik,Baglan,0.0,0.0,0.0,0.0,1626.3720868399434,0.0,0.0,0.0,0.0,0.0,0.0,0.0,30.087194049161234
MH,Nashik,Chandvad,0.0,0.0,0.0,0.0,1020.4872440423369,0.0,0.0,0.0,0.0,0.0,0.0,0.0,0.0
MH,Nashik,Deola,0.0,0.0,0.0,0.0,584.0341459831806,0.0,0.0,0.0,0.0,0.0,0.0,0.0,0.0
MH,Nashik,Dindori,0.0,0.0,0.0,0.0,1552.4247611239405,0.0,0.0,0.0,0.0,0.0,0.0,0.0,0.0
MH,Nashik,Igatpuri,0.0,0.0,0.0,0.0,783.8481032442999,0.0,0.0,0.0,0.0,0.0,0.0,0.0,202.51317398069116
MH,Nashik,Kalwan,0.0,0.0,0.0,0.0,968.9216023885376,0.0,0.0,0.0,0.0,0.0,0.0,0.0,45.21709676337044
MH,Nashik,Malegaon,0.0,0.0,0.0,0.0,2089.143891634097,0.0,0.0,0.0,0.0,0.0,0.0,0.0,0.0
MH,Nashik,Nandgaon,0.0,0.0,0.0,0.0,1278.3113310108433,0.0,0.0,0.0,0.0,0.0,0.0,0.0,0.0
MH,Nashik,Nashik,0.0,0.0,0.0,0.0,1037.9637582760324,0.0,0.0,0.0,0.0,0.0,0.0,0.0,0.0
MH,Nashik,Niphad,0.0,0.0,0.0,0.0,1176.265255045449,0.0,0.0,0.0,0.0,0.0,0.0,0.0,0.0
MH,Nashik,Peth,0.0,0.0,0.0,0.0,553.5522372299469,0.0,0.0,0.0,0.0,0.0,0.0,0.0,86.1286846269899
MH,Nashik,Sinnar,0.0,0.0,0.0,0.0,1494.8059397371687,0.0,0.0,0.0,0.0,0.0,0.0,0.0,0.0
MH,Nashik,Surgana,0.0,0.0,0.0,0.0,419.9440042743169,0.0,0.0,0.0,0.0,0.0,0.0,0.0,533.2399660628889
MH,Nashik,Trimbakeshwar,0.0,0.0,0.0,0.0,421.44786617698077,0.0,0.0,0.0,0.0,0.0,0.0,0.0,636.4740664675483
MH,Nashik,Yevla,0.0,0.0,0.0,0.0,1199.6037258162319,0.0,0.0,0.0,0.0,0.0,0.0,0.0,0.0
MH,Osmanabad,Bhum,0.0,0.0,0.0,0.0,906.3591908684897,0.0,0.0,0.0,0.0,0.0,0.0,0.0,0.0
MH,Osmanabad,Kalamb,0.0,0.0,0.0,0.0,1058.0160407344028,0.0,0.0,0.0,0.0,0.0,0.0,0.0,0.0
MH,Osmanabad,Lohara,0.0,0.0,0.0,0.0,667.584648260795,0.0,0.0,0.0,0.0,0.0,0.0,0.0,0.0
MH,Osmanabad,Osmanabad,0.0,0.0,0.0,0.0,1482.2468349669284,0.0,0.0,0.0,0.0,0.0,0.0,0.0,0.0
MH,Osmanabad,Paranda,0.0,0.0,0.0,0.0,962.0644422836019,0.0,0.0,0.0,0.0,0.0,0.0,0.0,0.0
MH,Osmanabad,Tuljapur,0.0,0.0,0.0,0.0,1657.9719684580948,0.0,0.0,0.0,0.0,0.0,0.0,0.0,0.0
MH,Osmanabad,Umarga,0.0,0.0,0.0,0.0,1081.1739193963945,0.0,0.0,0.0,0.0,0.0,0.0,0.0,0.0
MH,Osmanabad,Washi,0.0,0.0,0.0,0.0,624.0010710973543,0.0,0.0,0.0,0.0,0.0,0.0,0.0,0.0
MH,Palghar,Dahanu,0.0,0.0,0.0,0.0,0.0,0.0,0.0,0.0,0.0,0.0,0.0,0.0,1089.2688861258976
MH,Palghar,Jawhar,0.0,0.0,0.0,0.0,0.0,0.0,0.0,0.0,0.0,0.0,0.0,0.0,735.8367983523201
MH,Palghar,Mokhada,0.0,0.0,0.0,0.0,0.0,0.0,0.0,0.0,0.0,0.0,0.0,0.0,598.0144820520416
MH,Palghar,Palghar,0.0,0.0,0.0,0.0,0.0,0.0,0.0,0.0,0.0,0.0,0.0,0.0,1064.2025604880596
MH,Palghar,Talasari,0.0,0.0,0.0,0.0,0.0,0.0,0.0,0.0,0.0,0.0,0.0,0.0,302.30713270579986
MH,Palghar,Vada,0.0,0.0,0.0,0.0,0.0,0.0,0.0,0.0,0.0,0.0,0.0,0.0,903.1359488680215
MH,Palghar,Vasai,0.0,0.0,0.0,0.0,0.0,0.0,0.0,0.0,0.0,0.0,0.0,0.0,633.8405194627951
MH,Palghar,Vikramgad,0.0,0.0,0.0,0.0,0.0,0.0,0.0,0.0,0.0,0.0,0.0,0.0,577.1422491014456
MH,Parbhani,Gangakhed,0.0,0.0,0.0,0.0,786.2085821883662,0.0,0.0,0.0,0.0,0.0,0.0,0.0,0.0
MH,Parbhani,Jintur,0.0,0.0,0.0,0.0,1304.9231742046202,0.0,0.0,0.0,0.0,0.0,0.0,0.0,0.0
MH,Parbhani,Manwath,0.0,0.0,0.0,0.0,633.5321989199714,0.0,0.0,0.0,0.0,0.0,0.0,0.0,0.0
MH,Parbhani,Palam,0.0,0.0,0.0,0.0,566.7928603916878,0.0,0.0,0.0,0.0,0.0,0.0,0.0,0.0
MH,Parbhani,Parbhani,0.0,0.0,0.0,0.0,1237.3570633834215,0.0,0.0,0.0,0.0,0.0,0.0,0.0,0.0
MH,Parbhani,Pathri,0.0,0.0,0.0,0.0,653.7906430448925,0.0,0.0,0.0,0.0,0.0,0.0,0.0,0.0
MH,Parbhani,Purna,0.0,0.0,0.0,0.0,732.736032694323,0.0,0.0,0.0,0.0,0.0,0.0,0.0,0.0
MH,Parbhani,Sailu,0.0,0.0,0.0,0.0,824.6497738509538,0.0,0.0,0.0,0.0,0.0,0.0,0.0,0.0
MH,Parbhani,Sonpeth,0.0,0.0,0.0,0.0,485.2159838397886,0.0,0.0,0.0,0.0,0.0,0.0,0.0,0.0
MH,Pune,Ambegaon,0.0,0.0,0.0,0.0,1035.384687272426,0.0,0.0,0.0,0.0,0.0,0.0,0.0,117.73698197713814
MH,Pune,Baramati,0.0,0.0,0.0,0.0,1562.2421962394976,0.0,0.0,0.0,0.0,0.0,0.0,0.0,0.0
MH,Pune,Bhor,0.0,0.0,0.0,0.0,991.7028257338308,0.0,0.0,0.0,0.0,0.0,0.0,0.0,2.8880844787790574
MH,Pune,Daund,0.0,0.0,0.0,0.0,1405.9195039496904,0.0,0.0,0.0,0.0,0.0,0.0,0.0,0.0
MH,Pune,Haveli,0.0,0.0,0.0,0.0,1427.7407592551688,0.0,0.0,0.0,0.0,0.0,0.0,0.0,0.0
MH,Pune,Indapur,0.0,0.0,0.0,0.0,1638.2885839189933,0.0,0.0,0.0,0.0,0.0,0.0,0.0,0.0
MH,Pune,Junnar,0.0,0.0,0.0,0.0,1485.2314895161571,0.0,0.0,0.0,0.0,0.0,0.0,0.0,0.0
MH,Pune,Khed,0.0,0.0,0.0,0.0,1520.0567759297999,0.0,0.0,0.0,0.0,0.0,0.0,0.0,71.7723189919225
MH,Pune,Mawal,0.0,0.0,0.0,0.0,679.0425338849179,0.0,0.0,0.0,0.0,0.0,0.0,0.0,719.036934323376
MH,Pune,Mulshi,0.0,0.0,0.0,0.0,568.3903276324974,0.0,0.0,0.0,0.0,0.0,0.0,0.0,561.3083588217166
MH,Pune,Pune City,0.0,0.0,0.0,0.0,139.20566446011614,0.0,0.0,0.0,0.0,0.0,0.0,0.0,0.0
MH,Pune,Purandhar,0.0,0.0,0.0,0.0,1204.204666073523,0.0,0.0,0.0,0.0,0.0,0.0,0.0,0.0
MH,Pune,Shirur,0.0,0.0,0.0,0.0,1745.200617696109,0.0,0.0,0.0,0.0,0.0,0.0,0.0,0.0
MH,Pune,Velhe,0.0,0.0,0.0,0.0,507.89939914405073,0.0,0.0,0.0,0.0,0.0,0.0,0.0,129.07373720188514
MH,Raigad,Alibag,0.0,0.0,0.0,0.0,0.0,0.0,0.0,0.0,0.0,0.0,0.0,0.0,583.0057341136786
MH,Raigad,Karjat,0.0,0.0,0.0,0.0,0.0,0.0,0.0,0.0,0.0,0.0,0.0,0.0,728.3134404191204
MH,Raigad,Khalapur,0.0,0.0,0.0,0.0,0.0,0.0,0.0,0.0,0.0,0.0,0.0,0.0,451.2155990884246
MH,Raigad,Mahad,0.0,0.0,0.0,0.0,40.10064723794372,0.0,0.0,0.0,0.0,0.0,0.0,0.0,869.1542890986059
MH,Raigad,Mangaon,0.0,0.0,0.0,0.0,0.0,0.0,0.0,0.0,0.0,0.0,0.0,0.0,769.8917257364508
MH,Raigad,Mhasla,0.0,0.0,0.0,0.0,0.0,0.0,0.0,0.0,0.0,0.0,0.0,0.0,380.08163619406884
MH,Raigad,Murud,0.0,0.0,0.0,0.0,0.0,0.0,0.0,0.0,0.0,0.0,0.0,0.0,288.68128017947527
MH,Raigad,Panvel,0.0,0.0,0.0,0.0,0.0,0.0,0.0,0.0,0.0,0.0,0.0,0.0,672.6254016057787
MH,Raigad,Pen,0.0,0.0,0.0,0.0,0.0,0.0,0.0,0.0,0.0,0.0,0.0,0.0,582.781426773219
MH,Raigad,Poladpur,0.0,0.0,0.0,0.0,31.684811974649776,0.0,0.0,0.0,0.0,0.0,0.0,0.0,371.65636627017983
MH,Raigad,Roha,0.0,0.0,0.0,0.0,0.0,0.0,0.0,0.0,0.0,0.0,0.0,0.0,694.4075438739214
MH,Raigad,Shrivardhan,0.0,0.0,0.0,0.0,0.0,0.0,0.0,0.0,0.0,0.0,0.0,0.0,286.2867890447309
MH,Raigad,Sudhagad,0.0,0.0,0.0,0.0,0.0,0.0,0.0,0.0,0.0,0.0,0.0,0.0,508.45445148286336
MH,Raigad,Tala,0.0,0.0,0.0,0.0,0.0,0.0,0.0,0.0,0.0,0.0,0.0,0.0,284.58219549672845
MH,Raigad,Uran,0.0,0.0,0.0,0.0,0.0,0.0,0.0,0.0,0.0,0.0,0.0,0.0,262.1953876163697
MH,Ratnagiri,Chiplun,0.0,0.0,0.0,0.0,4.725783263119635,0.0,0.0,0.0,0.0,0.0,0.0,0.0,1227.326057936597
MH,Ratnagiri,Dapoli,0.0,0.0,0.0,0.0,0.0,0.0,0.0,0.0,0.0,0.0,0.0,0.0,937.3646475273531
MH,Ratnagiri,Guhagar,0.0,0.0,0.0,0.0,0.0,0.0,0.0,0.0,0.0,0.0,0.0,0.0,660.0565565993836
MH,Ratnagiri,Khed,0.0,0.0,0.0,0.0,10.557181051045331,0.0,0.0,0.0,0.0,0.0,0.0,0.0,1154.2359990190118
MH,Ratnagiri,Lanja,0.0,0.0,0.0,0.0,0.0,0.0,0.0,0.0,0.0,0.0,0.0,0.0,832.5467046778954
MH,Ratnagiri,Mandangad,0.0,0.0,0.0,0.0,0.0,0.0,0.0,0.0,0.0,0.0,0.0,0.0,486.92354704937173
MH,Ratnagiri,Rajapur,0.0,0.0,0.0,0.0,0.0,0.0,0.0,0.0,0.0,0.0,0.0,0.0,1312.4217040851524
MH,Ratnagiri,Ratnagiri,0.0,0.0,0.0,0.0,0.0,0.0,0.0,0.0,0.0,0.0,0.0,0.0,1053.3886711686773
MH,Ratnagiri,Sangameshwar,0.0,0.0,0.0,0.0,0.0,0.0,0.0,0.0,0.0,0.0,0.0,0.0,1387.0743905067002
MH,Sangli,Atpadi,0.0,0.0,0.0,0.0,960.944092600052,0.0,0.0,0.0,0.0,0.0,0.0,0.0,0.0
MH,Sangli,Jat,0.0,0.0,0.0,0.0,2448.280419698495,0.0,0.0,0.0,0.0,0.0,0.0,1.619753277791214,0.0
MH,Sangli,Kadegaon,0.0,0.0,0.0,0.0,631.4058739518763,0.0,0.0,0.0,0.0,0.0,0.0,0.0,0.0
MH,Sangli,Kavathemahankal,0.0,0.0,0.0,0.0,830.4043260224549,0.0,0.0,0.0,0.0,0.0,0.0,0.0,0.0
MH,Sangli,Khanapur,0.0,0.0,0.0,0.0,771.1481283623486,0.0,0.0,0.0,0.0,0.0,0.0,0.0,0.0
MH,Sangli,Miraj,0.0,0.0,0.0,0.0,1093.9933173796019,0.0,0.0,0.0,0.0,0.0,0.0,0.0,0.0
MH,Sangli,Palus,0.0,0.0,0.0,0.0,303.36211129720743,0.0,0.0,0.0,0.0,0.0,0.0,0.0,0.0
MH,Sangli,Shirala,0.0,0.0,0.0,0.0,581.8422534603393,0.0,0.0,0.0,0.0,0.0,0.0,0.0,119.07426312673385
MH,Sangli,Tasgaon,0.0,0.0,0.0,0.0,870.1542703202658,0.0,0.0,0.0,0.0,0.0,0.0,0.0,0.0
MH,Sangli,Walwa,0.0,0.0,0.0,0.0,863.5629093624904,0.0,0.0,0.0,0.0,0.0,0.0,0.0,0.0
MH,Satara,Jaoli,0.0,0.0,0.0,0.0,648.8823110298357,0.0,0.0,0.0,0.0,0.0,0.0,0.0,6.2108734899678755
MH,Satara,Karad,0.0,0.0,0.0,0.0,1144.600598395767,0.0,0.0,0.0,0.0,0.0,0.0,0.0,0.0
MH,Satara,Khandala,0.0,0.0,0.0,0.0,561.0054114211944,0.0,0.0,0.0,0.0,0.0,0.0,0.0,0.0
MH,Satara,Khatav,0.0,0.0,0.0,0.0,1521.815807163673,0.0,0.0,0.0,0.0,0.0,0.0,0.0,0.0
MH,Satara,Koregaon,0.0,0.0,0.0,0.0,999.4506609327099,0.0,0.0,0.0,0.0,0.0,0.0,0.0,0.0
MH,Satara,Mahabaleshwar,0.0,0.0,0.0,0.0,498.58825308224544,0.0,0.0,0.0,0.0,0.0,0.0,0.0,78.54276271658577
MH,Satara,Man,0.0,0.0,0.0,0.0,1690.1762621737357,0.0,0.0,0.0,0.0,0.0,0.0,0.0,0.0
MH,Satara,Patan,0.0,0.0,0.0,0.0,1258.0516214199954,0.0,0.0,0.0,0.0,0.0,0.0,0.0,242.8496630637753
MH,Satara,Phaltan,0.0,0.0,0.0,0.0,1316.0531105165433,0.0,0.0,0.0,0.0,0.0,0.0,0.0,0.0
MH,Satara,Satara,0.0,0.0,0.0,0.0,957.7224223452337,0.0,0.0,0.0,0.0,0.0,0.0,0.0,0.0
MH,Satara,Wai,0.0,0.0,0.0,0.0,679.6744589586782,0.0,0.0,0.0,0.0,0.0,0.0,0.0,0.0
MH,Sindhudurg,Devgad,0.0,0.0,0.0,0.0,0.0,0.0,0.0,0.0,0.0,0.0,0.0,0.0,857.8000701324453
MH,Sindhudurg,Dodamarg,0.0,0.0,0.0,0.0,0.0,0.0,0.0,0.0,0.0,0.0,0.0,0.0,551.2218503451236
MH,Sindhudurg,Kankavli,0.0,0.0,0.0,0.0,0.0,0.0,0.0,0.0,0.0,0.0,0.0,0.0,872.3788335879993
MH,Sindhudurg,Kudal,0.0,0.0,0.0,0.0,0.0,0.0,0.0,0.0,0.0,0.0,0.0,0.0,921.7062623891477
MH,Sindhudurg,Malwan,0.0,0.0,0.0,0.0,0.0,0.0,0.0,0.0,0.0,0.0,0.0,0.0,646.0251587600136
MH,Sindhudurg,Sawantwadi,0.0,0.0,0.0,0.0,0.0,0.0,0.0,0.0,0.0,0.0,0.0,0.0,911.0825698400424
MH,Sindhudurg,Vaibhavvadi,0.0,0.0,0.0,0.0,0.0,0.0,0.0,0.0,0.0,0.0,0.0,0.0,453.4839685242324
MH,Sindhudurg,Vengurla,0.0,0.0,0.0,0.0,0.0,0.0,0.0,0.0,0.0,0.0,0.0,0.0,303.61359071720807
MH,Solapur,Akkalkot,0.0,0.0,0.0,0.0,1554.257547425424,0.0,0.0,0.0,0.0,0.0,0.0,0.0,0.0
MH,Solapur,Barshi,0.0,0.0,0.0,0.0,1728.6493776978841,0.0,0.0,0.0,0.0,0.0,0.0,0.0,0.0
MH,Solapur,Karmala,0.0,0.0,0.0,0.0,1782.6126369702122,0.0,0.0,0.0,0.0,0.0,0.0,0.0,0.0
MH,Solapur,Madha,0.0,0.0,0.0,0.0,1674.1160521095467,0.0,0.0,0.0,0.0,0.0,0.0,0.0,0.0
MH,Solapur,Malshiras,0.0,0.0,0.0,0.0,1772.5691206685146,0.0,0.0,0.0,0.0,0.0,0.0,0.0,0.0
MH,Solapur,Mangalvedhe,0.0,0.0,0.0,0.0,1255.9676499532561,0.0,0.0,0.0,0.0,0.0,0.0,0.0,0.0
MH,Solapur,Mohol,0.0,0.0,0.0,0.0,1443.2530441877066,0.0,0.0,0.0,0.0,0.0,0.0,0.0,0.0
MH,Solapur,Pandharpur,0.0,0.0,0.0,0.0,1443.9453679826872,0.0,0.0,0.0,0.0,0.0,0.0,0.0,0.0
MH,Solapur,Sangole,0.0,0.0,0.0,0.0,1764.144869104602,0.0,0.0,0.0,0.0,0.0,0.0,0.0,0.0
MH,Solapur,Solapur North,0.0,0.0,0.0,0.0,734.0205521138425,0.0,0.0,0.0,0.0,0.0,0.0,0.0,0.0
MH,Solapur,Solapur South,0.0,0.0,0.0,0.0,1333.483941381015,0.0,0.0,0.0,0.0,0.0,0.0,0.0,0.0
MH,Thane,Ambarnath,0.0,0.0,0.0,0.0,0.0,0.0,0.0,0.0,0.0,0.0,0.0,0.0,361.0245608995623
MH,Thane,Bhiwandi,0.0,0.0,0.0,0.0,0.0,0.0,0.0,0.0,0.0,0.0,0.0,0.0,782.4098197814695
MH,Thane,Kalyan,0.0,0.0,0.0,0.0,0.0,0.0,0.0,0.0,0.0,0.0,0.0,0.0,353.37042242688517
MH,Thane,Murbad,0.0,0.0,0.0,0.0,171.44970883140462,0.0,0.0,0.0,0.0,0.0,0.0,0.0,839.7814254019631
MH,Thane,Shahapur,0.0,0.0,0.0,0.0,20.065662664716672,0.0,0.0,0.0,0.0,0.0,0.0,0.0,1824.1176525501967
MH,Thane,Thane,0.0,0.0,0.0,0.0,0.0,0.0,0.0,0.0,0.0,0.0,0.0,0.0,443.9859592518168
MH,Thane,Ulhasnagar,0.0,0.0,0.0,0.0,0.0,0.0,0.0,0.0,0.0,0.0,0.0,0.0,12.132405862810668
MH,Wardha,Arvi,0.0,0.0,1001.881100244994,0.0,0.0,0.0,0.0,0.0,0.0,0.0,0.0,0.0,0.0
MH,Wardha,Ashti,0.0,0.0,624.5841465062535,0.0,0.0,0.0,0.0,0.0,0.0,0.0,0.0,0.0,0.0
MH,Wardha,Deoli,0.0,0.0,601.5580835468177,0.0,128.64919672502202,0.0,0.0,0.0,0.0,0.0,0.0,0.0,0.0
MH,Wardha,Hinganghat,0.0,0.0,987.9231515641294,0.0,19.087367105544534,0.0,0.0,0.0,0.0,0.0,6.939232812740101,0.0,0.0
MH,Wardha,Karanja,0.0,0.0,910.1548672423659,0.0,0.0,0.0,0.0,0.0,0.0,0.0,0.0,0.0,0.0
MH,Wardha,Samudrapur,0.0,0.0,1074.8295645873254,0.0,0.0,0.0,0.0,0.0,0.0,0.0,101.75060642122482,0.0,0.0
MH,Wardha,Seloo,0.0,0.0,952.2348112128717,0.0,0.0,0.0,0.0,0.0,0.0,0.0,0.0,0.0,0.0
MH,Wardha,Wardha,0.0,0.0,844.9925882978445,0.0,0.0,0.0,0.0,0.0,0.0,0.0,0.0,0.0,0.0
MH,Washim,Karanja,0.0,0.0,0.0,0.0,994.6812370441597,0.0,0.0,0.0,0.0,0.0,0.0,0.0,0.0
MH,Washim,Malegaon,0.0,0.0,0.0,0.0,1049.0617936528272,0.0,0.0,0.0,0.0,0.0,0.0,0.0,0.0
MH,Washim,Mangrulpir,0.0,0.0,0.0,0.0,866.9318994091984,0.0,0.0,0.0,0.0,0.0,0.0,0.0,0.0
MH,Washim,Manora,0.0,0.0,0.0,0.0,916.4319818426846,0.0,0.0,0.0,0.0,0.0,0.0,0.0,0.0
MH,Washim,Risod,0.0,0.0,0.0,0.0,978.3323224422955,0.0,0.0,0.0,0.0,0.0,0.0,0.0,0.0
MH,Washim,Washim,0.0,0.0,0.0,0.0,1070.1504780198886,0.0,0.0,0.0,0.0,0.0,0.0,0.0,0.0
MH,Yavatmal,Arni,0.0,0.0,0.0,0.0,947.4046782210736,0.0,0.0,0.0,0.0,0.0,0.0,0.0,0.0
MH,Yavatmal,Babulgaon,0.0,0.0,9.191743179774935,0.0,652.4001502101005,0.0,0.0,0.0,0.0,0.0,0.0,0.0,0.0
MH,Yavatmal,Darwha,0.0,0.0,0.0,0.0,1077.9399144169838,0.0,0.0,0.0,0.0,0.0,0.0,0.0,0.0
MH,Yavatmal,Digras,0.0,0.0,0.0,0.0,680.4992864721685,0.0,0.0,0.0,0.0,0.0,0.0,0.0,0.0
MH,Yavatmal,Ghatanji,0.0,0.0,0.0,0.0,1091.7849367025472,0.0,0.0,0.0,0.0,0.0,0.0,0.0,0.0
MH,Yavatmal,Kalamb,0.0,0.0,12.065683330660242,0.0,789.7659897156731,0.0,0.0,0.0,0.0,0.0,0.0,0.0,0.0
MH,Yavatmal,Kelapur,0.0,0.0,0.0,0.0,982.6474754326944,0.0,0.0,0.0,0.0,0.0,0.0,0.0,0.0
MH,Yavatmal,Mahagaon,0.0,0.0,0.0,0.0,1058.8911184044966,0.0,0.0,0.0,0.0,0.0,0.0,0.0,0.0
MH,Yavatmal,Maregaon,0.0,0.0,1.4870394516368781,0.0,418.30034047827314,0.0,0.0,0.0,0.0,0.0,248.46648625637505,0.0,0.0
MH,Yavatmal,Ner,0.0,0.0,0.0,0.0,847.5620728456943,0.0,0.0,0.0,0.0,0.0,0.0,0.0,0.0
MH,Yavatmal,Pusad,0.0,0.0,0.0,0.0,1391.6127610178828,0.0,0.0,0.0,0.0,0.0,0.0,0.0,0.0
MH,Yavatmal,Ralegaon,0.0,0.0,61.94803502962791,0.0,777.5166304568204,0.0,0.0,0.0,0.0,0.0,4.315680861396922,0.0,0.0
MH,Yavatmal,Umarkhed,0.0,0.0,0.0,0.0,1389.348286873296,0.0,0.0,0.0,0.0,0.0,0.0,0.0,0.0
MH,Yavatmal,Wani,0.0,0.0,0.0,0.0,136.75598498469563,0.0,0.0,0.0,0.0,0.0,801.530986468459,0.0,0.0
MH,Yavatmal,Yavatmal,0.0,0.0,0.0,0.0,1249.2470996555166,0.0,0.0,0.0,0.0,0.0,0.0,0.0,0.0
MH,Yavatmal,Zari-Jamani,0.0,0.0,0.0,0.0,791.1991771277255,0.0,0.0,0.0,0.0,0.0,57.79120919965933,0.0,0.0
OD,Anugul,Anugul,0.0,0.0,0.0,0.0,0.0,0.0,0.0,0.0,0.0,0.0,227.57771537127425,0.0,0.0
OD,Anugul,Athmallik,0.0,0.0,0.0,0.0,0.0,0.0,0.0,0.0,0.0,0.0,473.97725802228723,0.0,0.0
OD,Anugul,Banarpal,0.0,0.0,0.0,0.0,0.0,0.0,0.0,0.0,0.0,0.0,180.0558949990347,0.0,0.0
OD,Anugul,Bantala,0.0,0.0,0.0,0.0,0.0,0.0,0.0,0.0,0.0,0.0,379.24388156457906,0.0,0.0
OD,Anugul,Bikrampur,0.0,0.0,0.0,0.0,0.0,0.0,0.0,0.0,0.0,0.0,35.92862595630558,0.0,0.0
OD,Anugul,Chhendipada,0.0,0.0,0.0,0.0,0.0,0.0,0.0,0.0,0.0,0.0,587.6127625342344,0.0,0.0
OD,Anugul,Colliery,0.0,0.0,0.0,0.0,0.0,0.0,0.0,0.0,0.0,0.0,134.90816830465502,0.0,0.0
OD,Anugul,Handapa,0.0,0.0,0.0,0.0,0.0,0.0,0.0,0.0,0.0,0.0,499.1536619058551,0.0,0.0
OD,Anugul,Industrial,0.0,0.0,0.0,0.0,0.0,0.0,0.0,0.0,0.0,0.0,183.71859001144117,0.0,0.0
OD,Anugul,Jarapada,0.0,0.0,0.0,0.0,0.0,0.0,0.0,0.0,0.0,0.0,309.0954947261113,0.0,0.0
OD,Anugul,Kaniha,0.0,0.0,0.0,0.0,0.0,0.0,0.0,0.0,0.0,0.0,372.0562237778886,0.0,0.0
OD,Anugul,Khamar,0.0,0.0,0.0,0.0,0.0,0.0,0.0,0.0,0.0,0.0,539.4616740786215,0.0,0.0
OD,Anugul,Kiakata,0.0,0.0,0.0,0.0,0.0,0.0,0.0,0.0,0.0,0.0,186.7861749054004,0.0,0.0
OD,Anugul,Kishorenagar,0.0,0.0,0.0,0.0,0.0,0.0,0.0,0.0,0.0,0.0,471.89378484667174,0.0,0.0
OD,Anugul,N.T.P.C.,0.0,0.0,0.0,0.0,0.0,0.0,0.0,0.0,0.0,0.0,24.647193628019874,0.0,0.0
OD,Anugul,Nalco,0.0,0.0,0.0,0.0,0.0,0.0,0.0,0.0,0.0,0.0,47.18738671748668,0.0,0.0
OD,Anugul,Palalahada,0.0,0.0,0.0,0.0,0.0,0.0,0.0,0.0,0.0,0.0,827.0917110712408,0.0,0.0
OD,Anugul,Purunakot,0.0,0.0,0.0,0.0,0.0,0.0,0.0,0.0,0.0,0.0,763.3805022944149,0.0,0.0
OD,Anugul,Rengali Damsite,0.0,0.0,0.0,0.0,0.0,0.0,0.0,0.0,0.0,0.0,197.2495927232636,0.0,0.0
OD,Anugul,Samal Barrage,0.0,0.0,0.0,0.0,0.0,0.0,0.0,0.0,0.0,0.0,192.57274764148954,0.0,0.0
OD,Anugul,Talcher Sadar,0.0,0.0,0.0,0.0,0.0,0.0,0.0,0.0,0.0,0.0,203.07836101050216,0.0,0.0
OD,Anugul,Thakurgarh,0.0,0.0,0.0,0.0,0.0,0.0,0.0,0.0,0.0,0.0,520.6967983508947,0.0,0.0
OD,Balangir,Balangir,0.0,0.0,0.0,0.0,0.0,0.0,0.0,0.0,0.0,0.0,1035.3331504466607,0.0,0.0
OD,Balangir,Bangomunda,0.0,0.0,0.0,0.0,0.0,0.0,0.0,0.0,0.0,0.0,233.59022387420276,0.0,0.0
OD,Balangir,Belpara,0.0,0.0,0.0,0.0,0.0,0.0,0.0,0.0,0.0,0.0,581.5706066593139,0.0,0.0
OD,Balangir,Kantabanji,0.0,0.0,0.0,0.0,0.0,0.0,0.0,0.0,0.0,0.0,203.72568839533005,0.0,0.0
OD,Balangir,Khaprakhol,0.0,0.0,0.0,0.0,0.0,0.0,0.0,0.0,0.0,0.0,680.4271445067343,0.0,0.0
OD,Balangir,Loisinga,0.0,0.0,0.0,0.0,0.0,0.0,0.0,0.0,0.0,0.0,559.9047163471103,0.0,0.0
OD,Balangir,Patnagarh,0.0,0.0,0.0,0.0,0.0,0.0,0.0,0.0,0.0,0.0,869.2934170388903,0.0,0.0
OD,Balangir,Saintala,0.0,0.0,0.0,0.0,0.0,0.0,0.0,0.0,0.0,0.0,937.4966496891334,0.0,0.0
OD,Balangir,Sindhekela,0.0,0.0,0.0,0.0,0.0,0.0,0.0,0.0,0.0,0.0,331.8316475801092,0.0,0.0
OD,Balangir,Titlagarh,0.0,0.0,0.0,0.0,0.0,0.0,0.0,0.0,0.0,0.0,617.0881392104772,0.0,0.0
OD,Balangir,Turekela,0.0,0.0,0.0,0.0,0.0,0.0,0.0,0.0,0.0,0.0,480.0336981356991,0.0,0.0
OD,Balangir,Tushura,0.0,0.0,0.0,0.0,0.0,0.0,0.0,0.0,0.0,0.0,963.4084877636857,0.0,0.0
OD,Baleshwar,Balaramgadi Marine,0.0,0.0,0.0,0.0,0.0,33.90142064296334,0.0,0.0,0.0,0.0,0.0,0.0,0.0
OD,Baleshwar,Baleshwar (M),0.0,0.0,0.0,0.0,0.0,26.69171384007819,0.0,0.0,0.0,0.0,0.0,0.0,0.0
OD,Baleshwar,Baleshwar Sadar,0.0,0.0,0.0,0.0,0.0,381.2723960900674,0.0,0.0,0.0,0.0,20.66632521403341,0.0,0.0
OD,Baleshwar,Baliapal,0.0,0.0,0.0,0.0,0.0,262.5166798115279,0.0,0.0,0.0,0.0,0.0,0.0,0.0
OD,Baleshwar,Bampada,0.0,0.0,0.0,0.0,0.0,27.43609673832324,0.0,0.0,0.0,0.0,7.2840466372363215,0.0,0.0
OD,Baleshwar,Basta,0.0,0.0,0.0,0.0,0.0,230.8370072215676,0.0,0.0,0.0,0.0,54.32651791868418,0.0,0.0
OD,Baleshwar,Berhampur,0.0,0.0,0.0,0.0,0.0,0.0,0.0,0.0,0.0,0.0,274.0852924049578,0.0,0.0
OD,Baleshwar,Bhograi,0.0,0.0,0.0,0.0,0.0,241.10906876872156,0.0,0.0,0.0,0.0,0.0,0.0,0.0
OD,Baleshwar,Chandipur,0.0,0.0,0.0,0.0,0.0,83.37242577005358,0.0,0.0,0.0,0.0,0.0,0.0,0.0
OD,Baleshwar,Jaleswar,0.0,0.0,0.0,0.0,0.0,200.901207891197,0.0,0.0,0.0,0.0,23.851383026929383,0.0,0.0
OD,Baleshwar,Kamarda,0.0,0.0,0.0,0.0,0.0,163.92038769326552,0.0,0.0,0.0,0.0,0.0,0.0,0.0
OD,Baleshwar,Khaira,0.0,0.0,0.0,0.0,0.0,0.0,0.0,0.0,0.0,0.0,297.4282004302011,0.0,0.0
OD,Baleshwar,Nilagiri,0.0,0.0,0.0,0.0,0.0,5.710192455995867,0.0,0.0,0.0,0.0,314.4551390283174,0.0,0.0
OD,Baleshwar,Oupada,0.0,0.0,0.0,0.0,0.0,0.0,0.0,0.0,0.0,0.0,195.98209334332205,0.0,0.0
OD,Baleshwar,Raibania,1.138452872647739,0.0,0.0,0.0,0.0,0.04741446882987418,0.0,0.0,0.0,0.0,216.05726806433097,0.0,0.0
OD,Baleshwar,Remuna,0.0,0.0,0.0,0.0,0.0,8.235422769641307,0.0,0.0,0.0,0.0,125.02339871825839,0.0,0.0
OD,Baleshwar,Rupsa,0.0,0.0,0.0,0.0,0.0,25.253760193427016,0.0,0.0,0.0,0.0,11.527604171564123,0.0,0.0
OD,Baleshwar,Sahadevkhunta,0.0,0.0,0.0,0.0,0.0,13.863853171182488,0.0,0.0,0.0,0.0,0.0,0.0,0.0
OD,Baleshwar,Similia,0.0,0.0,0.0,0.0,0.0,39.73902512857242,0.0,0.0,0.0,0.0,292.4028688085745,0.0,0.0
OD,Baleshwar,Singla,0.0,0.0,0.0,0.0,0.0,246.01108214053247,0.0,0.0,0.0,0.0,0.0,0.0,0.0
OD,Baleshwar,Soro,0.0,0.0,0.0,0.0,0.0,387.4765767047207,0.0,0.0,0.0,0.0,202.10226688126133,0.0,0.0
OD,Bargarh,Ambabhona,0.0,0.0,0.0,0.0,0.0,0.0,0.0,0.0,0.0,12.33157405232716,646.87434415526,0.0,0.0
OD,Bargarh,Attabira,0.0,0.0,0.0,0.0,0.0,0.0,0.0,0.0,0.0,0.0,731.1692374422099,0.0,0.0
OD,Bargarh,Barapali,0.0,0.0,0.0,0.0,0.0,0.0,0.0,0.0,0.0,0.0,329.43868250295054,0.0,0.0
OD,Bargarh,Bargarh,0.0,0.0,0.0,0.0,0.0,0.0,0.0,0.0,0.0,0.0,199.81625689405507,0.0,0.0
OD,Bargarh,Bargarh Sadar,0.0,0.0,0.0,0.0,0.0,0.0,0.0,0.0,0.0,0.0,244.42321427499374,0.0,0.0
OD,Bargarh,Bhatli,0.0,0.0,0.0,0.0,0.0,0.0,0.0,0.0,0.0,1.918567160168796,538.8634222939972,0.0,0.0
OD,Bargarh,Bheden,0.0,0.0,0.0,0.0,0.0,0.0,0.0,0.0,0.0,0.0,430.7143894841389,0.0,0.0
OD,Bargarh,Bijepur,0.0,0.0,0.0,0.0,0.0,0.0,0.0,0.0,0.0,0.0,380.1550644806407,0.0,0.0
OD,Bargarh,Burdenp.S.,0.0,0.0,0.0,0.0,0.0,0.0,0.0,0.0,0.0,0.0,267.2077670507382,0.0,0.0
OD,Bargarh,Gaisilet,0.0,0.0,0.0,0.0,0.0,0.0,0.0,0.0,0.0,0.0,375.3642602652372,0.0,0.0
OD,Bargarh,Jharbandha,0.0,0.0,0.0,0.0,0.0,0.0,0.0,0.0,0.0,20.685768317762744,739.6646132102684,0.0,0.0
OD,Bargarh,Melchhamunda,0.0,0.0,0.0,0.0,0.0,0.0,0.0,0.0,0.0,4.178434600548944,348.0867019623669,0.0,0.0
OD,Bargarh,Padmapur,0.0,0.0,0.0,0.0,0.0,0.0,0.0,0.0,0.0,3.623559044593316,341.2351385616221,0.0,0.0
OD,Bargarh,Paikamal,0.0,0.0,0.0,0.0,0.0,0.0,0.0,0.0,0.0,0.0,657.0713514147164,0.0,0.0
OD,Bargarh,Sohela,0.0,0.0,0.0,0.0,0.0,0.0,0.0,0.0,0.0,10.106929988171883,475.9285286056187,0.0,0.0
OD,Bhadrak,Agarpada,0.0,0.0,0.0,0.0,0.0,0.0,0.0,0.0,0.0,0.0,107.51823540140882,0.0,0.0
OD,Bhadrak,Bansada,2.390926720467198,0.0,0.0,0.0,0.0,356.2349337507834,0.0,0.0,0.0,0.0,0.0,0.0,0.0
OD,Bhadrak,Bant,0.0,0.0,0.0,0.0,0.0,0.0,0.0,0.0,0.0,0.0,116.39018068369634,0.0,0.0
OD,Bhadrak,Basudebpur,0.0,0.0,0.0,0.0,0.0,289.9043460410719,0.0,0.0,0.0,0.0,0.0,0.0,0.0
OD,Bhadrak,Bhadrak Rural,0.0,0.0,0.0,0.0,0.0,6.204087566090825,0.0,0.0,0.0,0.0,465.45815118540855,0.0,0.0
OD,Bhadrak,Bhandari Pokhari,0.0,0.0,0.0,0.0,0.0,0.0,0.0,0.0,0.0,0.0,256.55133455735734,0.0,0.0
OD,Bhadrak,Chandabali,0.0,0.0,0.0,0.0,0.0,219.6162215356633,0.0,0.0,0.0,0.0,0.0,0.0,0.0
OD,Bhadrak,Dhamanagar,0.0,0.0,0.0,0.0,0.0,0.0,0.0,0.0,0.0,0.0,172.29284546063303,0.0,0.0
OD,Bhadrak,Dhamara Marine,0.0,0.0,0.0,0.0,0.0,7.629891115233608,0.0,0.0,0.0,0.0,0.0,0.0,0.0
OD,Bhadrak,Dhusuri,0.0,0.0,0.0,0.0,0.0,51.830278423719996,0.0,0.0,0.0,0.0,145.75371883048953,0.0,0.0
OD,Bhadrak,Naikanidihi,0.0,0.0,0.0,0.0,0.0,261.08610517677795,0.0,0.0,0.0,0.0,0.0,0.0,0.0
OD,Bhadrak,Tihidi,0.0,0.0,0.0,0.0,0.0,247.9892236096706,0.0,0.0,0.0,0.0,107.70893283276696,0.0,0.0
OD,Boudh,Baudh Sadar,0.0,0.0,0.0,0.0,0.0,0.0,0.0,0.0,0.0,0.0,871.845693626386,0.0,0.0
OD,Boudh,Baunsuni,0.0,0.0,0.0,0.0,0.0,0.0,0.0,0.0,0.0,0.0,160.31292937736356,0.0,0.0
OD,Boudh,Harbhanga,0.0,0.0,0.0,0.0,0.0,0.0,0.0,0.0,0.0,0.0,655.1555222941579,0.0,0.0
OD,Boudh,Kantamal,0.0,0.0,0.0,0.0,0.0,0.0,0.0,0.0,0.0,0.0,696.0488828368849,0.0,0.0
OD,Boudh,Manamunda,0.0,0.0,0.0,0.0,0.0,0.0,0.0,0.0,0.0,0.0,757.6464942779539,0.0,0.0
OD,Boudh,Puruna Katak,0.0,0.0,0.0,0.0,0.0,0.0,0.0,0.0,0.0,0.0,421.4225141005157,0.0,0.0
OD,Cuttack,Athagad,0.0,0.0,0.0,0.0,0.0,0.0,0.0,0.0,0.0,0.0,174.76210282291692,0.0,0.0
OD,Cuttack,Badamba,0.0,0.0,0.0,0.0,0.0,0.0,0.0,0.0,0.0,0.0,419.7136512670237,0.0,0.0
OD,Cuttack,Baidyeswar,0.0,0.0,0.0,0.0,0.0,0.0,0.0,0.0,0.0,0.0,118.41889752505652,0.0,0.0
OD,Cuttack,Banki,0.0,0.0,0.0,0.0,0.0,0.0,0.0,0.0,0.0,0.0,475.21968223590557,0.0,0.0
OD,Cuttack,Barang,0.0,0.0,0.0,0.0,0.0,0.0,0.0,0.0,0.0,0.0,75.15601286593129,0.0,0.0
OD,Cuttack,C.R.R.I.,0.0,0.0,0.0,0.0,0.0,0.0,0.0,0.0,0.0,0.0,6.367359189908143,0.0,0.0
OD,Cuttack,Choudwar,0.0,0.0,0.0,0.0,0.0,0.0,0.0,0.0,0.0,0.0,237.38738151585648,0.0,0.0
OD,Cuttack,Cuttack (M.Corp.) P.S,0.0,0.0,0.0,0.0,0.0,0.0,0.0,0.0,0.0,0.0,140.21105669388885,0.0,0.0
OD,Cuttack,Cuttack Sadar,0.0,0.0,0.0,0.0,0.0,13.124501999326524,0.0,0.0,0.0,0.0,148.07053310156235,0.0,0.0
OD,Cuttack,Gobindpur,0.0,0.0,0.0,0.0,0.0,76.57053960725206,0.0,0.0,0.0,0.0,17.394401241146237,0.0,0.0
OD,Cuttack,Gurudijhatia,0.0,0.0,0.0,0.0,0.0,0.0,0.0,0.0,0.0,0.0,173.91467893191853,0.0,0.0
OD,Cuttack,Jagatpur,0.0,0.0,0.0,0.0,0.0,0.0,0.0,0.0,0.0,0.0,102.4362757138577,0.0,0.0
OD,Cuttack,Kandarpur,0.0,0.0,0.0,0.0,0.0,0.0,0.0,0.0,0.0,0.0,42.02175126977168,0.0,0.0
OD,Cuttack,Kanpur,0.0,0.0,0.0,0.0,0.0,0.0,0.0,0.0,0.0,0.0,194.60543022764196,0.0,0.0
OD,Cuttack,Khuntuni,0.0,0.0,0.0,0.0,0.0,0.0,0.0,0.0,0.0,0.0,136.5158404187388,0.0,0.0
OD,Cuttack,Kishannagar,0.0,0.0,0.0,0.0,0.0,70.52141741887593,0.0,0.0,0.0,0.0,99.48147991896431,0.0,0.0
OD,Cuttack,Mahanga,0.0,0.0,0.0,0.0,0.0,1.553619815607659,0.0,0.0,0.0,0.0,230.92960327360635,0.0,0.0
OD,Cuttack,Narasinghpur,0.0,0.0,0.0,0.0,0.0,0.0,0.0,0.0,0.0,0.0,536.9854000544045,0.0,0.0
OD,Cuttack,Nemalo,0.0,0.0,0.0,0.0,0.0,66.48901408609466,0.0,0.0,0.0,0.0,38.56406649233322,0.0,0.0
OD,Cuttack,Niali,0.0,0.0,0.0,0.0,0.0,236.99284316021553,0.0,0.0,0.0,0.0,0.0,0.0,0.0
OD,Cuttack,Nischintakoili,0.0,0.0,0.0,0.0,0.0,13.87584726419107,0.0,0.0,0.0,0.0,44.57103760295255,0.0,0.0
OD,Cuttack,Olatapur,0.0,0.0,0.0,0.0,0.0,41.22216513708033,0.0,0.0,0.0,0.0,0.0,0.0,0.0
OD,Cuttack,Salepur,0.0,0.0,0.0,0.0,0.0,0.0,0.0,0.0,0.0,0.0,165.45470848985508,0.0,0.0
OD,Cuttack,Tangi,0.0,0.0,0.0,0.0,0.0,0.0,0.0,0.0,0.0,0.0,186.93439330593287,0.0,0.0
OD,Cuttack,Tigiria,0.0,0.0,0.0,0.0,0.0,0.0,0.0,0.0,0.0,0.0,130.24556662840112,0.0,0.0
OD,Deogarh,Barkot,0.0,0.0,0.0,0.0,0.0,0.0,0.0,0.0,0.0,0.0,740.0385361961486,0.0,0.0
OD,Deogarh,Debagarh,0.0,0.0,0.0,0.0,0.0,0.0,0.0,0.0,0.0,0.0,1137.274556371669,0.0,0.0
OD,Deogarh,Kundheigola,0.0,0.0,0.0,0.0,0.0,0.0,0.0,0.0,0.0,0.0,757.5609441782011,0.0,0.0
OD,Deogarh,Reamal,0.0,0.0,0.0,0.0,0.0,0.0,0.0,0.0,0.0,0.0,779.0470580115748,0.0,0.0
OD,Dhenkanal,Balimi,0.0,0.0,0.0,0.0,0.0,0.0,0.0,0.0,0.0,0.0,140.48568847187858,0.0,0.0
OD,Dhenkanal,Bhuban,0.0,0.0,0.0,0.0,0.0,0.0,0.0,0.0,0.0,0.0,261.1760439270595,0.0,0.0
OD,Dhenkanal,Bhusan Steel Limited,0.0,0.0,0.0,0.0,0.0,0.0,0.0,0.0,0.0,0.0,81.03227632798489,0.0,0.0
OD,Dhenkanal,Dhenkanal Sadar,0.0,0.0,0.0,0.0,0.0,0.0,0.0,0.0,0.0,0.0,749.4559719353167,0.0,0.0
OD,Dhenkanal,Gandia,0.0,0.0,0.0,0.0,0.0,0.0,0.0,0.0,0.0,0.0,588.3529074120323,0.0,0.0
OD,Dhenkanal,Hindol,0.0,0.0,0.0,0.0,0.0,0.0,0.0,0.0,0.0,0.0,251.4075275300718,0.0,0.0
OD,Dhenkanal,Kamakshyanagar,0.0,0.0,0.0,0.0,0.0,0.0,0.0,0.0,0.0,0.0,506.4568330727477,0.0,0.0
OD,Dhenkanal,Kankadahad,0.0,0.0,0.0,0.0,0.0,0.0,0.0,0.0,0.0,0.0,559.9050135719782,0.0,0.0
OD,Dhenkanal,Motunga,0.0,0.0,0.0,0.0,0.0,0.0,0.0,0.0,0.0,0.0,163.35507248961142,0.0,0.0
OD,Dhenkanal,Nihalprasad,0.0,0.0,0.0,0.0,0.0,0.0,0.0,0.0,0.0,0.0,186.66930290853503,0.0,0.0
OD,Dhenkanal,Parajang,0.0,0.0,0.0,0.0,0.0,0.0,0.0,0.0,0.0,0.0,939.9935638922551,0.0,0.0
OD,Dhenkanal,Rasol,0.0,0.0,0.0,0.0,0.0,0.0,0.0,0.0,0.0,0.0,463.9369116594147,0.0,0.0
OD,Dhenkanal,Tumusingha,0.0,0.0,0.0,0.0,0.0,0.0,0.0,0.0,0.0,0.0,235.48844850896336,0.0,0.0
OD,Gajapati,Adava,0.0,0.0,0.0,0.0,0.0,0.0,0.0,0.0,0.0,0.0,910.9617400903962,0.0,0.0
OD,Gajapati,Garabandha,0.0,0.0,0.0,0.0,0.0,286.1625428199781,0.0,0.0,0.0,0.0,0.0,0.0,0.0
OD,Gajapati,Gurandi,0.0,0.0,0.0,0.0,0.0,137.1640403903907,0.0,0.0,0.0,0.0,0.0,0.0,0.0
OD,Gajapati,Kasinagar,0.0,0.0,0.0,0.0,0.0,0.0,0.0,0.0,0.0,0.0,247.61004879733883,0.0,0.0
OD,Gajapati,Mohana,0.0,0.0,0.0,0.0,0.0,0.0,0.0,0.0,0.0,0.0,725.4408705461968,0.0,0.0
OD,Gajapati,Paralakhemundi,0.0,0.0,0.0,0.0,0.0,68.98343700054896,0.0,0.0,0.0,0.0,60.567097508359915,0.0,0.0
OD,Gajapati,R.Udayagiri,0.0,0.0,0.0,0.0,0.0,0.0,0.0,0.0,0.0,0.0,1060.285856272219,0.0,0.0
OD,Gajapati,Ramagiri,0.0,0.0,0.0,0.0,0.0,127.07200458967893,0.0,0.0,0.0,0.0,175.71780786176194,0.0,0.0
OD,Gajapati,Rayagada,0.0,0.0,0.0,0.0,0.0,135.09375577680578,0.0,0.0,0.0,0.0,175.99838562376166,0.0,0.0
OD,Gajapati,Serango,0.0,0.0,0.0,0.0,0.0,46.77236621420733,0.0,0.0,0.0,0.0,455.1914939303035,0.0,0.0
OD,Ganjam,Arjyapalli Marine,0.0,0.0,0.0,0.0,0.0,5.6392130731640275,0.0,0.0,0.0,0.0,0.0,0.0,0.0
OD,Ganjam,Asika,0.0,0.0,0.0,0.0,0.0,0.0,0.0,0.0,0.0,0.0,200.95915045157426,0.0,0.0
OD,Ganjam,Badagada,0.0,0.0,0.0,0.0,0.0,0.0,0.0,0.0,0.0,0.0,932.4065412394568,0.0,0.0
OD,Ganjam,Bhanjanagar,0.0,0.0,0.0,0.0,0.0,0.0,0.0,0.0,0.0,0.0,773.8902486086324,0.0,0.0
OD,Ganjam,Brahmapur (M.Corp.),0.0,0.0,0.0,0.0,0.0,38.9313035811335,0.0,0.0,0.0,0.0,0.0,0.0,0.0
OD,Ganjam,Brahmapur Sadar,0.0,0.0,0.0,0.0,0.0,203.63617373366887,0.0,0.0,0.0,0.0,8.401417679669835,0.0,0.0
OD,Ganjam,Buguda,0.0,0.0,0.0,0.0,0.0,0.0,0.0,0.0,0.0,0.0,518.9032754055886,0.0,0.0
OD,Ganjam,Chamakhandi,0.0,0.0,0.0,0.0,0.0,111.24498019595141,0.0,0.0,0.0,0.0,0.0,0.0,0.0
OD,Ganjam,Chhatrapur,0.0,0.0,0.0,0.0,0.0,147.09470093677996,0.0,0.0,0.0,0.0,0.0,0.0,0.0
OD,Ganjam,Dharakote,0.0,0.0,0.0,0.0,0.0,0.0,0.0,0.0,0.0,0.0,81.11098219836258,0.0,0.0
OD,Ganjam,Digapahandi,0.0,0.0,0.0,0.0,0.0,263.378171805921,0.0,0.0,0.0,0.0,170.74321129326339,0.0,0.0
OD,Ganjam,Gangapur,0.0,0.0,0.0,0.0,0.0,0.0,0.0,0.0,0.0,0.0,301.32678228493546,0.0,0.0
OD,Ganjam,Ganjam,0.0,0.0,0.0,0.0,0.0,80.21810219964041,0.0,0.0,0.0,0.0,0.0,0.0,0.0
OD,Ganjam,Golanthara,0.0,0.0,0.0,0.0,0.0,301.2542626248909,0.0,0.0,0.0,0.0,0.0,0.0,0.0
OD,Ganjam,Gopalpur,0.0,0.0,0.0,0.0,0.0,90.33638980843503,0.0,0.0,0.0,0.0,0.0,0.0,0.0
OD,Ganjam,Hinjili,0.0,0.0,0.0,0.0,0.0,137.24939757372078,0.0,0.0,0.0,0.0,72.3898562441352,0.0,0.0
OD,Ganjam,Jagannath Prasad,0.0,0.0,0.0,0.0,0.0,0.0,0.0,0.0,0.0,0.0,259.1971184500368,0.0,0.0
OD,Ganjam,Jarada,0.0,0.0,0.0,0.0,0.0,333.4622362409904,0.0,0.0,0.0,0.0,22.62897908165919,0.0,0.0
OD,Ganjam,Kabisuryanagar,0.0,0.0,0.0,0.0,0.0,37.030664557839565,0.0,0.0,0.0,0.0,256.2595238472992,0.0,0.0
OD,Ganjam,Khalikote,0.0,0.0,0.0,0.0,0.0,371.07253969788616,0.0,0.0,0.0,0.0,0.0,0.0,0.0
OD,Ganjam,Kodala,0.0,0.0,0.0,0.0,0.0,254.9018052962159,0.0,0.0,0.0,0.0,63.374724771078796,0.0,0.0
OD,Ganjam,Nuagaon,0.0,0.0,0.0,0.0,0.0,224.4606584046606,0.0,0.0,0.0,0.0,183.4364600859619,0.0,0.0
OD,Ganjam,Patapur,0.0,0.0,0.0,0.0,0.0,251.10818773907968,0.0,0.0,0.0,0.0,377.7044325555276,0.0,0.0
OD,Ganjam,Polasara,0.0,0.0,0.0,0.0,0.0,1.5168795175479406,0.0,0.0,0.0,0.0,408.163343544474,0.0,0.0
OD,Ganjam,Purusottampur,0.0,0.0,0.0,0.0,0.0,282.0716727258208,0.0,0.0,0.0,0.0,3.6045558669675164,0.0,0.0
OD,Ganjam,Rambha,0.0,0.0,0.0,0.0,0.0,278.7792728472007,0.0,0.0,0.0,0.0,0.0,0.0,0.0
OD,Ganjam,Seragad,0.0,0.0,0.0,0.0,0.0,0.2924187290013274,0.0,0.0,0.0,0.0,117.43663204089087,0.0,0.0
OD,Ganjam,Surada,0.0,0.0,0.0,0.0,0.0,0.0,0.0,0.0,0.0,0.0,563.7577175877234,0.0,0.0
OD,Ganjam,Tarasingi,0.0,0.0,0.0,0.0,0.0,0.0,0.0,0.0,0.0,0.0,803.4125368198406,0.0,0.0
OD,Jagatsinghapur,Abhyachandpur,0.0,0.0,0.0,0.0,0.0,94.67903516591245,0.0,0.0,0.0,0.0,0.0,0.0,0.0
OD,Jagatsinghapur,Balikuda,0.0,0.0,0.0,0.0,0.0,339.0365022690215,0.0,0.0,0.0,0.0,0.0,0.0,0.0
OD,Jagatsinghapur,Biridi,0.0,0.0,0.0,0.0,0.0,100.00061833475637,0.0,0.0,0.0,0.0,30.762881177699313,0.0,0.0
OD,Jagatsinghapur,Ersama,0.0,0.0,0.0,0.0,0.0,306.7233625399342,0.0,0.0,0.0,0.0,0.0,0.0,0.0
OD,Jagatsinghapur,Jagatsinghapur,0.0,0.0,0.0,0.0,0.0,321.5482066593662,0.0,0.0,0.0,0.0,0.0,0.0,0.0
OD,Jagatsinghapur,Kujang,0.0,0.0,0.0,0.0,0.0,172.45582615985674,0.0,0.0,0.0,0.0,0.0,0.0,0.0
OD,Jagatsinghapur,Naugaon,0.0,0.0,0.0,0.0,0.0,141.8262846326571,0.0,0.0,0.0,0.0,0.0,0.0,0.0
OD,Jagatsinghapur,Paradeep Lock,0.0,0.0,0.0,0.0,0.0,51.15962407809521,0.0,0.0,0.0,0.0,0.0,0.0,0.0
OD,Jagatsinghapur,Paradip,0.0,0.0,0.0,0.0,0.0,56.95348109060419,0.0,0.0,0.0,0.0,0.0,0.0,0.0
OD,Jagatsinghapur,Tirtol,0.0,0.0,0.0,0.0,0.0,354.6854183216868,0.0,0.0,0.0,0.0,0.0,0.0,0.0
OD,Jajapur,Badachana,0.0,0.0,0.0,0.0,0.0,0.0,0.0,0.0,0.0,0.0,293.2769280321996,0.0,0.0
OD,Jajapur,Balichandrapur,0.0,0.0,0.0,0.0,0.0,0.0,0.0,0.0,0.0,0.0,151.80868134158456,0.0,0.0
OD,Jajapur,Bari - Ramachandrapur,0.0,0.0,0.0,0.0,0.0,1.7150668776967608,0.0,0.0,0.0,0.0,156.41345585193446,0.0,0.0
OD,Jajapur,Binjharpur,0.0,0.0,0.0,0.0,0.0,31.865087906993086,0.0,0.0,0.0,0.0,238.30705063626885,0.0,0.0
OD,Jajapur,Dharmasala,0.0,0.0,0.0,0.0,0.0,0.0,0.0,0.0,0.0,0.0,208.40174898299875,0.0,0.0
OD,Jajapur,Jajapur,0.0,0.0,0.0,0.0,0.0,0.0,0.0,0.0,0.0,0.0,128.34437778458272,0.0,0.0
OD,Jajapur,Jajapur Road,0.0,0.0,0.0,0.0,0.0,0.0,0.0,0.0,0.0,0.0,128.93763230343768,0.0,0.0
OD,Jajapur,Jajpur Sadar,0.0,0.0,0.0,0.0,0.0,0.0,0.0,0.0,0.0,0.0,181.45664230030124,0.0,0.0
OD,Jajapur,Jakhapura,0.0,0.0,0.0,0.0,0.0,0.0,0.0,0.0,0.0,0.0,49.76345315435073,0.0,0.0
OD,Jajapur,Jenapur,0.0,0.0,0.0,0.0,0.0,0.0,0.0,0.0,0.0,0.0,180.9506438408877,0.0,0.0
OD,Jajapur,Kaliapani,0.0,0.0,0.0,0.0,0.0,0.0,0.0,0.0,0.0,0.0,254.33849996442967,0.0,0.0
OD,Jajapur,Kalinganagar,0.0,0.0,0.0,0.0,0.0,0.0,0.0,0.0,0.0,0.0,157.35140875894197,0.0,0.0
OD,Jajapur,Korai,0.0,0.0,0.0,0.0,0.0,0.0,0.0,0.0,0.0,0.0,233.23082085377206,0.0,0.0
OD,Jajapur,Kuakhia,0.0,0.0,0.0,0.0,0.0,0.0,0.0,0.0,0.0,0.0,120.72960588043658,0.0,0.0
OD,Jajapur,Mangalpur,0.0,0.0,0.0,0.0,0.0,11.323348818396722,0.0,0.0,0.0,0.0,200.9386221868688,0.0,0.0
OD,Jajapur,Panikoili,0.0,0.0,0.0,0.0,0.0,0.0,0.0,0.0,0.0,0.0,149.50875385042377,0.0,0.0
OD,Jajapur,Sukinda,0.0,0.0,0.0,0.0,0.0,0.0,0.0,0.0,0.0,0.0,293.7311278733113,0.0,0.0
OD,Jajapur,Tomka,0.0,0.0,0.0,0.0,0.0,0.0,0.0,0.0,0.0,0.0,161.18702862338702,0.0,0.0
OD,Jharsuguda,Badmal,0.0,0.0,0.0,0.0,0.0,0.0,0.0,0.0,0.0,0.0,113.69633665121387,0.0,0.0
OD,Jharsuguda,Banaharapali,0.0,0.0,0.0,0.0,0.0,0.0,0.0,0.0,0.0,0.0,231.99917357934626,0.0,0.0
OD,Jharsuguda,Belpahar,0.0,0.0,0.0,0.0,0.0,0.0,0.0,0.0,0.0,0.0,63.90923240893491,0.0,0.0
OD,Jharsuguda,Brajarajnagar,0.0,0.0,0.0,0.0,0.0,0.0,0.0,0.0,0.0,0.0,149.18927119060515,0.0,0.0
OD,Jharsuguda,Jharsuguda,0.0,0.0,0.0,0.0,0.0,0.0,0.0,0.0,0.0,0.0,181.55961367403611,0.0,0.0
OD,Jharsuguda,Kolabira,0.0,0.0,0.0,0.0,0.0,0.0,0.0,0.0,0.0,0.0,235.9948165241565,0.0,0.0
OD,Jharsuguda,Laikera,0.0,0.0,0.0,0.0,0.0,0.0,0.0,0.0,0.0,0.0,629.6260628623796,0.0,0.0
OD,Jharsuguda,Lakhanpur,0.0,0.0,0.0,0.0,0.0,0.0,0.0,0.0,0.0,0.0,466.4753954152719,0.0,0.0
OD,Jharsuguda,Orient,0.0,0.0,0.0,0.0,0.0,0.0,0.0,0.0,0.0,0.0,51.44383976657209,0.0,0.0
OD,Jharsuguda,Rengali,0.0,0.0,0.0,0.0,0.0,0.0,0.0,0.0,0.0,9.625302951620537,371.8915882861892,0.0,0.0
OD,Kalahandi,Biswanathpur,0.0,0.0,0.0,0.0,0.0,0.0,0.0,0.0,0.0,0.0,271.44814593468004,0.0,0.0
OD,Kalahandi,Dharamgarh,0.0,0.0,0.0,0.0,0.0,0.0,0.0,0.0,0.0,2.551860320157746,319.1774414965383,0.0,0.0
OD,Kalahandi,Golamunda,0.0,0.0,0.0,0.0,0.0,0.0,0.0,0.0,0.0,0.1971663264592352,336.0494631911935,0.0,0.0
OD,Kalahandi,Jayapatna,0.0,0.0,0.0,0.0,0.0,0.0,0.0,0.0,0.0,0.0,744.5365899557205,0.0,0.0
OD,Kalahandi,Junagarh,0.0,0.0,0.0,0.0,0.0,0.0,0.0,0.0,0.0,0.0,692.7273518474352,0.0,0.0
OD,Kalahandi,Kegaon,0.0,0.0,0.0,0.0,0.0,0.0,0.0,0.0,0.0,0.0,579.0798207023367,0.0,0.0
OD,Kalahandi,Kesinga,0.0,0.0,0.0,0.0,0.0,0.0,0.0,0.0,0.0,0.0,600.0893259479407,0.0,0.0
OD,Kalahandi,Kokasara,0.0,0.0,0.0,0.0,0.0,0.0,0.0,0.0,0.0,1.7946524479787083,700.5423370421864,0.0,0.0
OD,Kalahandi,Lanjigarh,0.0,0.0,0.0,0.0,0.0,0.0,0.0,0.0,0.0,0.0,508.0520667966909,0.0,0.0
OD,Kalahandi,Madanpur Rampur,0.0,0.0,0.0,0.0,0.0,0.0,0.0,0.0,0.0,0.0,1214.4991913896233,0.0,0.0
OD,Kalahandi,Narala,0.0,0.0,0.0,0.0,0.0,0.0,0.0,0.0,0.0,0.0,629.9179484509709,0.0,0.0
OD,Kalahandi,Sadar,0.0,0.0,0.0,0.0,0.0,0.0,0.0,0.0,0.0,0.0,1116.8916189040417,0.0,0.0
OD,Kalahandi,Thuamul Rampur,0.0,0.0,0.0,0.0,0.0,0.0,0.0,0.0,0.0,0.0,1262.2331650699743,0.0,0.0
OD,Kandhamal,Baliguda,0.0,0.0,0.0,0.0,0.0,0.0,0.0,0.0,0.0,0.0,1277.1506565020136,0.0,0.0
OD,Kandhamal,Belaghar,0.0,0.0,0.0,0.0,0.0,0.0,0.0,0.0,0.0,0.0,474.95609400913196,0.0,0.0
OD,Kandhamal,Brahmanigaon,0.0,0.0,0.0,0.0,0.0,0.0,0.0,0.0,0.0,0.0,483.7501185600333,0.0,0.0
OD,Kandhamal,Chakapada,0.0,0.0,0.0,0.0,0.0,0.0,0.0,0.0,0.0,0.0,271.18513950438984,0.0,0.0
OD,Kandhamal,Daringbadi,0.0,0.0,0.0,0.0,0.0,0.0,0.0,0.0,0.0,0.0,830.3888308180391,0.0,0.0
OD,Kandhamal,G.Udayagiri,0.0,0.0,0.0,0.0,0.0,0.0,0.0,0.0,0.0,0.0,355.9027642915158,0.0,0.0
OD,Kandhamal,Gochhapada,0.0,0.0,0.0,0.0,0.0,0.0,0.0,0.0,0.0,0.0,758.9278115616374,0.0,0.0
OD,Kandhamal,Khajuripada,0.0,0.0,0.0,0.0,0.0,0.0,0.0,0.0,0.0,0.0,375.4838884044219,0.0,0.0
OD,Kandhamal,Kotagarh,0.0,0.0,0.0,0.0,0.0,0.0,0.0,0.0,0.0,0.0,968.7287381590107,0.0,0.0
OD,Kandhamal,Nuagaon,0.0,0.0,0.0,0.0,0.0,0.0,0.0,0.0,0.0,0.0,298.4408512674561,0.0,0.0
OD,Kandhamal,Phiringia,0.0,0.0,0.0,0.0,0.0,0.0,0.0,0.0,0.0,0.0,617.6732148059865,0.0,0.0
OD,Kandhamal,Phulabani,0.0,0.0,0.0,0.0,0.0,0.0,0.0,0.0,0.0,0.0,686.387757009568,0.0,0.0
OD,Kandhamal,Phulabani Town,0.0,0.0,0.0,0.0,0.0,0.0,0.0,0.0,0.0,0.0,19.282174001547443,0.0,0.0
OD,Kandhamal,Raikia,0.0,0.0,0.0,0.0,0.0,0.0,0.0,0.0,0.0,0.0,569.621570758476,0.0,0.0
OD,Kandhamal,Sarangagarh,0.0,0.0,0.0,0.0,0.0,0.0,0.0,0.0,0.0,0.0,345.6765430876906,0.0,0.0
OD,Kandhamal,Tikabali,0.0,0.0,0.0,0.0,0.0,0.0,0.0,0.0,0.0,0.0,392.97463077147586,0.0,0.0
OD,Kandhamal,Tumudibandha,0.0,0.0,0.0,0.0,0.0,0.0,0.0,0.0,0.0,0.0,417.41222558903246,0.0,0.0
OD,Kendrapara,Aali,0.0,0.0,0.0,0.0,0.0,257.33549130059436,0.0,0.0,0.0,0.0,1.7046382040463457,0.0,0.0
OD,Kendrapara,Derabish,0.0,0.0,0.0,0.0,0.0,46.66993793190194,0.0,0.0,0.0,0.0,52.45027449545732,0.0,0.0
OD,Kendrapara,Jamboo Marine,0.0,0.0,0.0,0.0,0.0,79.56443703750283,0.0,0.0,0.0,0.0,0.0,0.0,0.0
OD,Kendrapara,Kendrapara,0.0,0.0,0.0,0.0,0.0,11.356160118783864,0.0,0.0,0.0,0.0,0.0,0.0,0.0
OD,Kendrapara,Kendrapara Sadar,0.0,0.0,0.0,0.0,0.0,256.97657518855505,0.0,0.0,0.0,0.0,0.0,0.0,0.0
OD,Kendrapara,Mahakalapada,0.0,0.0,0.0,0.0,0.0,378.8480301000272,0.0,0.0,0.0,0.0,0.0,0.0,0.0
OD,Kendrapara,Marsaghai,0.0,0.0,0.0,0.0,0.0,183.26711857479972,0.0,0.0,0.0,0.0,0.0,0.0,0.0
OD,Kendrapara,Nikirai,0.0,0.0,0.0,0.0,0.0,100.04900797134756,0.0,0.0,0.0,0.0,16.638687542572324,0.0,0.0
OD,Kendrapara,Patkura,0.0,0.0,0.0,0.0,0.0,251.16950491799804,0.0,0.0,0.0,0.0,0.0,0.0,0.0
OD,Kendrapara,Pattamundai,0.0,0.0,0.0,0.0,0.0,349.5626415782755,0.0,0.0,0.0,0.0,0.12863291825869064,0.0,0.0
OD,Kendrapara,Rajkanika,0.0,0.0,0.0,0.0,0.0,292.5702695179184,0.0,0.0,0.0,0.0,1.6252712607385082,0.0,0.0
OD,Kendrapara,Rajnagar,5.7335399771196,0.0,0.0,0.0,0.0,550.7858182811826,0.0,0.0,0.0,0.0,0.0,0.0,0.0
OD,Kendujhar,Anandapur,0.0,0.0,0.0,0.0,0.0,0.0,0.0,0.0,0.0,0.0,437.8982798120677,0.0,0.0
OD,Kendujhar,Bamebari,0.0,0.0,0.0,0.0,0.0,0.0,0.0,0.0,0.0,0.0,454.57639165753756,0.0,0.0
OD,Kendujhar,Barbil,0.0,0.0,0.0,0.0,0.0,0.0,0.0,0.0,0.0,0.0,225.75536954557225,0.0,0.0
OD,Kendujhar,Baria,0.0,0.0,0.0,0.0,0.0,0.0,0.0,0.0,0.0,0.0,305.4161839426212,0.0,0.0
OD,Kendujhar,Bolani,0.0,0.0,0.0,0.0,0.0,0.0,0.0,0.0,0.0,0.0,117.25059463814353,0.0,0.0
OD,Kendujhar,Champua,0.0,0.0,0.0,0.0,0.0,0.0,0.0,0.0,0.0,0.0,358.91474991966993,0.0,0.0
OD,Kendujhar,Daitari,0.0,0.0,0.0,0.0,0.0,0.0,0.0,0.0,0.0,0.0,293.3426475693697,0.0,0.0
OD,Kendujhar,Ghasipura,0.0,0.0,0.0,0.0,0.0,0.0,0.0,0.0,0.0,0.0,467.4445477215993,0.0,0.0
OD,Kendujhar,Ghatgaon,0.0,0.0,0.0,0.0,0.0,0.0,0.0,0.0,0.0,0.0,784.1732742158126,0.0,0.0
OD,Kendujhar,Harichandanpur,0.0,0.0,0.0,0.0,0.0,0.0,0.0,0.0,0.0,0.0,686.0920774464881,0.0,0.0
OD,Kendujhar,Jhumpura,0.0,0.0,0.0,0.0,0.0,0.0,0.0,0.0,0.0,0.0,169.40789631672908,0.0,0.0
OD,Kendujhar,Joda,0.0,0.0,0.0,0.0,0.0,0.0,0.0,0.0,0.0,0.0,195.08043431722828,0.0,0.0
OD,Kendujhar,Kanjipani,0.0,0.0,0.0,0.0,0.0,0.0,0.0,0.0,0.0,0.0,385.45159805977346,0.0,0.0
OD,Kendujhar,Kendujhar Sadar,0.0,0.0,0.0,0.0,0.0,0.0,0.0,0.0,0.0,0.0,810.1740195016639,0.0,0.0
OD,Kendujhar,Kendujhar Town,0.0,0.0,0.0,0.0,0.0,0.0,0.0,0.0,0.0,0.0,203.16323426862945,0.0,0.0
OD,Kendujhar,Nandipada,0.0,0.0,0.0,0.0,0.0,0.0,0.0,0.0,0.0,0.0,187.55932089334695,0.0,0.0
OD,Kendujhar,Nayakote,0.0,0.0,0.0,0.0,0.0,0.0,0.0,0.0,0.0,0.0,652.8887768213517,0.0,0.0
OD,Kendujhar,Pandapara,0.0,0.0,0.0,0.0,0.0,0.0,0.0,0.0,0.0,0.0,480.4379124719166,0.0,0.0
OD,Kendujhar,Patana,0.0,0.0,0.0,0.0,0.0,0.0,0.0,0.0,0.0,0.0,529.2434264015976,0.0,0.0
OD,Kendujhar,Rugudi,0.0,0.0,0.0,0.0,0.0,0.0,0.0,0.0,0.0,0.0,73.41161152063013,0.0,0.0
OD,Kendujhar,Sainkul,0.0,0.0,0.0,0.0,0.0,0.0,0.0,0.0,0.0,0.0,202.40065606047767,0.0,0.0
OD,Kendujhar,Soso,0.0,0.0,0.0,0.0,0.0,0.0,0.0,0.0,0.0,0.0,292.7034803815368,0.0,0.0
OD,Kendujhar,Telkoi,0.0,0.0,0.0,0.0,0.0,0.0,0.0,0.0,0.0,0.0,995.8037521601859,0.0,0.0
OD,Kendujhar,Turumunga,0.0,0.0,0.0,0.0,0.0,0.0,0.0,0.0,0.0,0.0,347.2215387564923,0.0,0.0
OD,Khordha,Airfield (Kapila Prasad),0.0,0.0,0.0,0.0,0.0,26.681433930666547,0.0,0.0,0.0,0.0,8.167663463156662,0.0,0.0
OD,Khordha,Balianta,0.0,0.0,0.0,0.0,0.0,95.69767308409203,0.0,0.0,0.0,0.0,35.271190270941375,0.0,0.0
OD,Khordha,Balipatna,0.0,0.0,0.0,0.0,0.0,189.08312957637116,0.0,0.0,0.0,0.0,0.0,0.0,0.0
OD,Khordha,Balugaon,0.0,0.0,0.0,0.0,0.0,181.91143308086686,0.0,0.0,0.0,0.0,0.13458072624761727,0.0,0.0
OD,Khordha,Banapur,0.0,0.0,0.0,0.0,0.0,196.79409096686547,0.0,0.0,0.0,0.0,306.70610657854496,0.0,0.0
OD,Khordha,Begunia,0.0,0.0,0.0,0.0,0.0,0.0,0.0,0.0,0.0,0.0,267.4718185263857,0.0,0.0
OD,Khordha,Bhubaneswar (M.Corp.),0.0,0.0,0.0,0.0,0.0,2.456530348456217,0.0,0.0,0.0,0.0,162.919967034952,0.0,0.0
OD,Khordha,Bolagad,0.0,0.0,0.0,0.0,0.0,0.0,0.0,0.0,0.0,0.0,187.09360930725768,0.0,0.0
OD,Khordha,Chandaka,0.0,0.0,0.0,0.0,0.0,0.0,0.0,0.0,0.0,0.0,286.01494127232974,0.0,0.0
OD,Khordha,Jankia,0.0,0.0,0.0,0.0,0.0,76.88630844955475,0.0,0.0,0.0,0.0,121.47393050605808,0.0,0.0
OD,Khordha,Jatani,0.0,0.0,0.0,0.0,0.0,47.161309592838315,0.0,0.0,0.0,0.0,110.56963458895562,0.0,0.0
OD,Khordha,Khandagiri,0.0,0.0,0.0,0.0,0.0,8.75995695271219,0.0,0.0,0.0,0.0,23.14342194647715,0.0,0.0
OD,Khordha,Khordha,0.0,0.0,0.0,0.0,0.0,0.0,0.0,0.0,0.0,0.0,282.6527727408708,0.0,0.0
OD,Khordha,Khordha Sadar,0.0,0.0,0.0,0.0,0.0,39.49817598086143,0.0,0.0,0.0,0.0,130.77063539174384,0.0,0.0
OD,Khordha,Lingaraj,0.0,0.0,0.0,0.0,0.0,0.0,0.0,0.0,0.0,0.0,2.159306443648015,0.0,0.0
OD,Khordha,Mancheswar,0.0,0.0,0.0,0.0,0.0,0.0,0.0,0.0,0.0,0.0,15.805226802787542,0.0,0.0
OD,Khordha,Nandankanan,0.0,0.0,0.0,0.0,0.0,0.0,0.0,0.0,0.0,0.0,24.412659383643582,0.0,0.0
OD,Khordha,Nirakarpur,0.0,0.0,0.0,0.0,0.0,69.62808082076316,0.0,0.0,0.0,0.0,0.0,0.0,0.0
OD,Khordha,Saheednagar,0.0,0.0,0.0,0.0,0.0,3.034004468922144,0.0,0.0,0.0,0.0,7.075483374851162,0.0,0.0
OD,Khordha,Tamando,0.0,0.0,0.0,0.0,0.0,0.0,0.0,0.0,0.0,0.0,24.26657609380898,0.0,0.0
OD,Khordha,Tangi,0.0,0.0,0.0,0.0,0.0,331.880513091389,0.0,0.0,0.0,0.0,1.5616907168109762,0.0,0.0
OD,Khordha,Uttara P.S,0.0,0.0,0.0,0.0,0.0,26.010344355446733,0.0,0.0,0.0,0.0,0.0,0.0,0.0
OD,Koraput,Bandhugaon,0.0,0.0,0.0,0.0,0.0,0.0,0.0,0.0,0.0,0.0,480.64228838704105,0.0,0.0
OD,Koraput,Bhairabsingipur,0.0,0.0,0.0,0.0,0.0,0.0,0.0,0.0,0.0,0.0,388.9115815383437,0.0,0.0
OD,Koraput,Boipariguda,0.0,0.0,0.0,0.0,0.0,0.0,0.0,0.0,0.0,0.0,1278.1000604880865,0.0,0.0
OD,Koraput,Boriguma,0.0,0.0,0.0,0.0,0.0,0.0,0.0,0.0,0.0,0.0,412.85425853365024,0.0,0.0
OD,Koraput,Damonjodi,0.0,0.0,0.0,0.0,0.0,0.0,0.0,0.0,0.0,0.0,100.70721906506569,0.0,0.0
OD,Koraput,Dasamantapur,0.0,0.0,0.0,0.0,0.0,0.0,0.0,0.0,0.0,0.0,693.9496816871133,0.0,0.0
OD,Koraput,Jeypore,0.0,0.0,0.0,0.0,0.0,0.0,0.0,0.0,0.0,0.0,411.9469473437024,0.0,0.0
OD,Koraput,Kakiriguma,0.0,0.0,0.0,0.0,0.0,0.0,0.0,0.0,0.0,0.0,201.31377365036863,0.0,0.0
OD,Koraput,Koraput,0.0,0.0,0.0,0.0,0.0,0.0,0.0,0.0,0.0,0.0,754.1741085455673,0.0,0.0
OD,Koraput,Koraput Town,0.0,0.0,0.0,0.0,0.0,0.0,0.0,0.0,0.0,0.0,108.36912540210865,0.0,0.0
OD,Koraput,Kotiya,0.0,0.0,0.0,0.0,0.0,0.0,0.0,0.0,0.0,0.0,48.28993688445301,0.0,0.0
OD,Koraput,Kotpad,0.0,0.0,0.0,0.0,0.0,0.0,0.0,0.0,0.0,0.0,579.9859973752017,0.0,0.0
OD,Koraput,Kundura,0.0,0.0,0.0,0.0,0.0,0.0,0.0,0.0,0.0,0.0,349.418495916428,0.0,0.0
OD,Koraput,Lakshmipur,0.0,0.0,0.0,0.0,0.0,0.0,0.0,0.0,0.0,0.0,351.0609304983668,0.0,0.0
OD,Koraput,Machh Kund,0.0,0.0,0.0,0.0,0.0,0.0,0.0,0.0,0.0,0.0,417.0576018525317,0.0,0.0
OD,Koraput,Nandapur,0.0,0.0,0.0,0.0,0.0,0.0,0.0,0.0,0.0,0.0,661.267310080635,0.0,0.0
OD,Koraput,Narayanpatana,0.0,0.0,0.0,0.0,0.0,0.0,0.0,0.0,0.0,0.0,571.2365453862438,0.0,0.0
OD,Koraput,Padua,0.0,0.0,0.0,0.0,0.0,0.0,0.0,0.0,0.0,0.0,496.7728332173329,0.0,0.0
OD,Koraput,Pottangi,0.0,0.0,0.0,0.0,0.0,0.0,0.0,0.0,0.0,0.0,782.4029183073773,0.0,0.0
OD,Koraput,Similiguda,0.0,0.0,0.0,0.0,0.0,0.0,0.0,0.0,0.0,0.0,157.55371813884645,0.0,0.0
OD,Koraput,Sunabeda,0.0,0.0,0.0,0.0,0.0,0.0,0.0,0.0,0.0,0.0,137.2248359505751,0.0,0.0
OD,Malkangiri,Chitrakonda,0.0,0.0,0.0,0.0,0.0,0.0,0.0,0.0,0.0,0.0,642.7979380298345,0.0,0.0
OD,Malkangiri,Jodamba,0.0,0.0,0.0,0.0,0.0,0.0,0.0,0.0,0.0,0.0,336.8757031786547,0.0,0.0
OD,Malkangiri,Kalimela,0.0,0.0,0.0,0.0,0.0,0.0,0.0,0.0,0.0,0.0,962.8503764211865,0.0,0.0
OD,Malkangiri,M.V. 79,0.0,0.0,0.0,0.0,0.0,0.0,0.0,0.0,0.0,0.0,371.6064154797918,0.0,0.0
OD,Malkangiri,Malkangiri,0.0,0.0,0.0,0.0,0.0,0.0,0.0,0.0,0.0,0.0,1353.4605868133444,0.0,0.0
OD,Malkangiri,Mathili,0.0,0.0,0.0,0.0,0.0,0.0,0.0,0.0,0.0,0.0,676.8706150948711,0.0,0.0
OD,Malkangiri,Motu,0.0,0.0,0.0,0.0,0.0,0.0,0.0,0.0,0.0,0.0,519.0024601653918,0.0,0.0
OD,Malkangiri,Mudulipada,0.0,0.0,0.0,0.0,0.0,0.0,0.0,0.0,0.0,0.0,441.53366248788274,0.0,0.0
OD,Malkangiri,Orkel,0.0,0.0,0.0,0.0,0.0,0.0,0.0,0.0,0.0,0.0,513.9199448744247,0.0,0.0
OD,Malkangiri,Paparmetla,0.0,0.0,0.0,0.0,0.0,0.0,0.0,0.0,0.0,0.0,251.52858232188905,0.0,0.0
OD,Malkangiri,Podia,0.0,0.0,0.0,0.0,0.0,0.0,0.0,0.0,0.0,0.0,342.4959625389725,0.0,0.0
OD,Mayurbhanj,Badampahar,0.0,0.0,0.0,0.0,0.0,0.0,0.0,0.0,0.0,0.0,237.3549122555665,0.0,0.0
OD,Mayurbhanj,Bahalda,0.0,0.0,0.0,0.0,0.0,0.0,0.0,0.0,0.0,0.0,178.32316341818736,0.0,0.0
OD,Mayurbhanj,Baisinga,0.0,0.0,0.0,0.0,0.0,20.39867413189411,0.0,0.0,0.0,0.0,286.466830503165,0.0,0.0
OD,Mayurbhanj,Bangiriposi,0.0,0.0,0.0,0.0,0.0,0.0,0.0,0.0,0.0,0.0,923.9903830422912,0.0,0.0
OD,Mayurbhanj,Baripada (M),0.0,0.0,0.0,0.0,0.0,0.0,0.0,0.0,0.0,0.0,37.6356407277305,0.0,0.0
OD,Mayurbhanj,Baripada Sadar,0.0,0.0,0.0,0.0,0.0,0.0,0.0,0.0,0.0,0.0,1052.5009607505508,0.0,0.0
OD,Mayurbhanj,Baripada Town,0.0,0.0,0.0,0.0,0.0,0.0,0.0,0.0,0.0,0.0,14.052949653772663,0.0,0.0
OD,Mayurbhanj,Barsahi,0.0,0.0,0.0,0.0,0.0,0.0,0.0,0.0,0.0,0.0,381.2825011145489,0.0,0.0
OD,Mayurbhanj,Betanati,0.0,0.0,0.0,0.0,0.0,0.0,0.0,0.0,0.0,0.0,306.094980400707,0.0,0.0
OD,Mayurbhanj,Bisoi,0.0,0.0,0.0,0.0,0.0,0.0,0.0,0.0,0.0,0.0,425.8530084424211,0.0,0.0
OD,Mayurbhanj,Chandua,0.0,0.0,0.0,0.0,0.0,0.0,0.0,0.0,0.0,0.0,285.0084216726729,0.0,0.0
OD,Mayurbhanj,Ghagarbeda,0.0,0.0,0.0,0.0,0.0,0.0,0.0,0.0,0.0,0.0,132.79148538755842,0.0,0.0
OD,Mayurbhanj,Gorumahisani,0.0,0.0,0.0,0.0,0.0,0.0,0.0,0.0,0.0,0.0,384.9115605081927,0.0,0.0
OD,Mayurbhanj,Jamda,0.0,0.0,0.0,0.0,0.0,0.0,0.0,0.0,0.0,0.0,233.95060560093995,0.0,0.0
OD,Mayurbhanj,Jashipur,0.0,0.0,0.0,0.0,0.0,0.0,0.0,0.0,0.0,0.0,1072.1972734459914,0.0,0.0
OD,Mayurbhanj,Jharpokharia,0.0,0.0,0.0,0.0,0.0,0.0,0.0,0.0,0.0,0.0,407.59060453565587,0.0,0.0
OD,Mayurbhanj,Kaptipada,0.0,0.0,0.0,0.0,0.0,0.0,0.0,0.0,0.0,0.0,199.73707313482777,0.0,0.0
OD,Mayurbhanj,Karanjia,0.0,0.0,0.0,0.0,0.0,0.0,0.0,0.0,0.0,0.0,801.2710804164657,0.0,0.0
OD,Mayurbhanj,Khunta,0.0,0.0,0.0,0.0,0.0,0.0,0.0,0.0,0.0,0.0,390.3151491460568,0.0,0.0
OD,Mayurbhanj,Koliana,0.0,0.0,0.0,0.0,0.0,0.0,0.0,0.0,0.0,0.0,256.6670527244878,0.0,0.0
OD,Mayurbhanj,Mahuldiha,0.0,0.0,0.0,0.0,0.0,0.0,0.0,0.0,0.0,0.0,426.16894973009147,0.0,0.0
OD,Mayurbhanj,Muruda,0.0,0.0,0.0,0.0,0.0,0.0,0.0,0.0,0.0,0.0,252.8151392290263,0.0,0.0
OD,Mayurbhanj,Rairangpur,0.0,0.0,0.0,0.0,0.0,0.0,0.0,0.0,0.0,0.0,310.76085142862684,0.0,0.0
OD,Mayurbhanj,Rairangpur Town,0.0,0.0,0.0,0.0,0.0,0.0,0.0,0.0,0.0,0.0,102.49232378595076,0.0,0.0
OD,Mayurbhanj,Raruan,0.0,0.0,0.0,0.0,0.0,0.0,0.0,0.0,0.0,0.0,301.1299347414233,0.0,0.0
OD,Mayurbhanj,Rasagobindapur,0.0,0.0,0.0,0.0,0.0,0.004893769835383232,0.0,0.0,0.0,0.0,273.64237917554505,0.0,0.0
OD,Mayurbhanj,Sharata,0.0,0.0,0.0,0.0,0.0,0.0,0.0,0.0,0.0,0.0,443.81543100697706,0.0,0.0
OD,Mayurbhanj,Suliapada,0.0,0.0,0.0,0.0,0.0,0.0,0.0,0.0,0.0,0.0,341.65522882203527,0.0,0.0
OD,Mayurbhanj,Thakurmunda,0.0,0.0,0.0,0.0,0.0,0.0,0.0,0.0,0.0,0.0,696.1740551294789,0.0,0.0
OD,Mayurbhanj,Tiring,0.0,0.0,0.0,0.0,0.0,0.0,0.0,0.0,0.0,0.0,371.8160031591953,0.0,0.0
OD,Mayurbhanj,Udala,0.0,0.0,0.0,0.0,0.0,0.0,0.0,0.0,0.0,0.0,588.3597247158508,0.0,0.0
OD,Nabarangpur,Chandahandi,0.0,0.0,0.0,0.0,0.0,0.0,0.0,0.0,0.0,4.223342953853224,282.58114463170983,0.0,0.0
OD,Nabarangpur,Dabugan,0.0,0.0,0.0,0.0,0.0,0.0,0.0,0.0,0.0,0.0,858.9563536312926,0.0,0.0
OD,Nabarangpur,Jharigan,0.0,0.0,0.0,0.0,0.0,0.0,0.0,0.0,0.0,0.4474826477130985,753.0789867940223,0.0,0.0
OD,Nabarangpur,Khatiguda,0.0,0.0,0.0,0.0,0.0,0.0,0.0,0.0,0.0,0.0,199.73704898282432,0.0,0.0
OD,Nabarangpur,Kodinga,0.0,0.0,0.0,0.0,0.0,0.0,0.0,0.0,0.0,0.0,451.66734744653553,0.0,0.0
OD,Nabarangpur,Kosagumuda,0.0,0.0,0.0,0.0,0.0,0.0,0.0,0.0,0.0,0.0,447.4918754721266,0.0,0.0
OD,Nabarangpur,Kundei,0.0,0.0,0.0,0.0,0.0,0.0,0.0,0.0,0.0,0.36644983152863697,284.85571903653465,0.0,0.0
OD,Nabarangpur,Nabarangapur P.S,0.0,0.0,0.0,0.0,0.0,0.0,0.0,0.0,0.0,0.0,306.2959630296334,0.0,0.0
OD,Nabarangpur,Paparahandi,0.0,0.0,0.0,0.0,0.0,0.0,0.0,0.0,0.0,0.0,538.7818041152566,0.0,0.0
OD,Nabarangpur,Raighar,0.0,0.0,0.0,0.0,0.0,0.0,0.0,0.0,0.0,4.54314761413187,646.1826805846578,0.0,0.0
OD,Nabarangpur,Tentulikhunti,0.0,0.0,0.0,0.0,0.0,0.0,0.0,0.0,0.0,0.0,304.93560843976223,0.0,0.0
OD,Nabarangpur,Umarkote,0.0,0.0,0.0,0.0,0.0,0.0,0.0,0.0,0.0,0.006713057019543373,1092.9042552448855,0.0,0.0
OD,Nayagarh,Banigochha,0.0,0.0,0.0,0.0,0.0,0.0,0.0,0.0,0.0,0.0,425.8476019802844,0.0,0.0
OD,Nayagarh,Dasapalla,0.0,0.0,0.0,0.0,0.0,0.0,0.0,0.0,0.0,0.0,619.5961875629832,0.0,0.0
OD,Nayagarh,Fategarh,0.0,0.0,0.0,0.0,0.0,0.0,0.0,0.0,0.0,0.0,293.28567217591205,0.0,0.0
OD,Nayagarh,Gania,0.0,0.0,0.0,0.0,0.0,0.0,0.0,0.0,0.0,0.0,461.0461259692895,0.0,0.0
OD,Nayagarh,Itamati,0.0,0.0,0.0,0.0,0.0,0.0,0.0,0.0,0.0,0.0,107.42392350741704,0.0,0.0
OD,Nayagarh,Khandapada,0.0,0.0,0.0,0.0,0.0,0.0,0.0,0.0,0.0,0.0,384.74038257493345,0.0,0.0
OD,Nayagarh,Nayagarh,0.0,0.0,0.0,0.0,0.0,0.0,0.0,0.0,0.0,0.0,71.16868327375664,0.0,0.0
OD,Nayagarh,Nayagarh Sadar,0.0,0.0,0.0,0.0,0.0,0.0,0.0,0.0,0.0,0.0,272.86383516171554,0.0,0.0
OD,Nayagarh,Nuagaon,0.0,0.0,0.0,0.0,0.0,0.0,0.0,0.0,0.0,0.0,289.42690906535034,0.0,0.0
OD,Nayagarh,Odagaon,0.0,0.0,0.0,0.0,0.0,0.0,0.0,0.0,0.0,0.0,581.525442032461,0.0,0.0
OD,Nayagarh,Ranapur,0.0,0.0,0.0,0.0,0.0,48.83354109205669,0.0,0.0,0.0,0.0,547.3901247115986,0.0,0.0
OD,Nayagarh,Sarankul,0.0,0.0,0.0,0.0,0.0,0.0,0.0,0.0,0.0,0.0,342.44823008735716,0.0,0.0
OD,Nuapada,Boden,0.0,0.0,0.0,0.0,0.0,0.0,0.0,0.0,0.0,1.936506450285117,698.0971002226667,0.0,0.0
OD,Nuapada,Jonk,0.0,0.0,0.0,0.0,0.0,0.0,0.0,0.0,0.0,8.15705109269874,407.5244936745254,0.0,0.0
OD,Nuapada,Khariar,0.0,0.0,0.0,0.0,0.0,0.0,0.0,0.0,0.0,0.0,469.2082084717788,0.0,0.0
OD,Nuapada,Komna,0.0,0.0,0.0,0.0,0.0,0.0,0.0,0.0,0.0,3.5486322053160313,1304.7119998962985,0.0,0.0
OD,Nuapada,Nuapada,0.0,0.0,0.0,0.0,0.0,0.0,0.0,0.0,0.0,4.5502403194439465,749.8363928569233,0.0,0.0
OD,Nuapada,Sinapali,0.0,0.0,0.0,0.0,0.0,0.0,0.0,0.0,0.0,6.9967225413189045,757.2538094388354,0.0,0.0
OD,Puri,Astaranga,0.0,0.0,0.0,0.0,0.0,146.48792248482766,0.0,0.0,0.0,0.0,0.0,0.0,0.0
OD,Puri,Brahmagiri,0.0,0.0,0.0,0.0,0.0,387.9391496140822,0.0,0.0,0.0,0.0,0.0,0.0,0.0
OD,Puri,Chandanpur,0.0,0.0,0.0,0.0,0.0,151.24031524830139,0.0,0.0,0.0,0.0,0.0,0.0,0.0
OD,Puri,Delanga,0.0,0.0,0.0,0.0,0.0,206.63901629901702,0.0,0.0,0.0,0.0,1.4204196334396422,0.0,0.0
OD,Puri,Gadisagada,0.0,0.0,0.0,0.0,0.0,137.81433386915913,0.0,0.0,0.0,0.0,0.0,0.0,0.0
OD,Puri,Gop,0.0,0.0,0.0,0.0,0.0,237.208965336527,0.0,0.0,0.0,0.0,0.0,0.0,0.0
OD,Puri,Kakatpur,0.0,0.0,0.0,0.0,0.0,129.7316601021152,0.0,0.0,0.0,0.0,0.0,0.0,0.0
OD,Puri,Konark,0.0,0.0,0.0,0.0,0.0,141.9565230288454,0.0,0.0,0.0,0.0,0.0,0.0,0.0
OD,Puri,Krushna Prasad,0.0,0.0,0.0,0.0,0.0,1064.59288700638,0.0,0.0,0.0,0.0,0.0,0.0,0.0
OD,Puri,Nimapada,0.0,0.0,0.0,0.0,0.0,361.9050019034745,0.0,0.0,0.0,0.0,0.0,0.0,0.0
OD,Puri,Pipili,0.0,0.0,0.0,0.0,0.0,235.14527150849082,0.0,0.0,0.0,0.0,0.0,0.0,0.0
OD,Puri,Puri (M),0.0,0.0,0.0,0.0,0.0,15.623582527630207,0.0,0.0,0.0,0.0,0.0,0.0,0.0
OD,Puri,Ramachandi,0.0,0.0,0.0,0.0,0.0,79.79685142185095,0.0,0.0,0.0,0.0,0.0,0.0,0.0
OD,Puri,Sadar,0.0,0.0,0.0,0.0,0.0,264.21226841650207,0.0,0.0,0.0,0.0,0.0,0.0,0.0
OD,Puri,Satyabadi,0.0,0.0,0.0,0.0,0.0,360.8755775316222,0.0,0.0,0.0,0.0,0.0,0.0,0.0
OD,Rayagada,Ambadala,0.0,0.0,0.0,0.0,0.0,0.0,0.0,0.0,0.0,0.0,546.571544317929,0.0,0.0
OD,Rayagada,Andirakanch,0.0,0.0,0.0,0.0,0.0,0.0,0.0,0.0,0.0,0.0,164.9041657619847,0.0,0.0
OD,Rayagada,Bishamakatak,0.0,0.0,0.0,0.0,0.0,0.0,0.0,0.0,0.0,0.0,805.0466637351966,0.0,0.0
OD,Rayagada,Chandrapur,0.0,0.0,0.0,0.0,0.0,0.0,0.0,0.0,0.0,0.0,687.6260159911069,0.0,0.0
OD,Rayagada,Doraguda,0.0,0.0,0.0,0.0,0.0,0.0,0.0,0.0,0.0,0.0,215.10446426679906,0.0,0.0
OD,Rayagada,Gudari,0.0,0.0,0.0,0.0,0.0,0.0,0.0,0.0,0.0,0.0,721.2168565559067,0.0,0.0
OD,Rayagada,Gunupur,0.0,0.0,0.0,0.0,0.0,0.0,0.0,0.0,0.0,0.0,660.9140132585034,0.0,0.0
OD,Rayagada,Kalyanasingpur,0.0,0.0,0.0,0.0,0.0,0.0,0.0,0.0,0.0,0.0,638.5323115247861,0.0,0.0
OD,Rayagada,Kashipur,0.0,0.0,0.0,0.0,0.0,0.0,0.0,0.0,0.0,0.0,928.8969092418841,0.0,0.0
OD,Rayagada,Muniguda,0.0,0.0,0.0,0.0,0.0,0.0,0.0,0.0,0.0,0.0,450.0607150732756,0.0,0.0
OD,Rayagada,Padmapur,0.0,0.0,0.0,0.0,0.0,0.0,0.0,0.0,0.0,0.0,380.6611095722045,0.0,0.0
OD,Rayagada,Puttasing,0.0,0.0,0.0,0.0,0.0,0.0,0.0,0.0,0.0,0.0,390.7260462205542,0.0,0.0
OD,Rayagada,Rayagada,0.0,0.0,0.0,0.0,0.0,0.0,0.0,0.0,0.0,0.0,1026.8060431743916,0.0,0.0
OD,Rayagada,Seskhal,0.0,0.0,0.0,0.0,0.0,0.0,0.0,0.0,0.0,0.0,412.75854450752496,0.0,0.0
OD,Rayagada,Tikiri,0.0,0.0,0.0,0.0,0.0,0.0,0.0,0.0,0.0,0.0,263.0790318241233,0.0,0.0
OD,Sambalpur,Ainthapali,0.0,0.0,0.0,0.0,0.0,0.0,0.0,0.0,0.0,0.0,29.973477342480116,0.0,0.0
OD,Sambalpur,Burla,0.0,0.0,0.0,0.0,0.0,0.0,0.0,0.0,0.0,0.0,191.2149267513838,0.0,0.0
OD,Sambalpur,Charamal,0.0,0.0,0.0,0.0,0.0,0.0,0.0,0.0,0.0,0.0,597.0475659533407,0.0,0.0
OD,Sambalpur,Dhama,0.0,0.0,0.0,0.0,0.0,0.0,0.0,0.0,0.0,0.0,368.57479664729397,0.0,0.0
OD,Sambalpur,Dhanupali,0.0,0.0,0.0,0.0,0.0,0.0,0.0,0.0,0.0,0.0,57.766120791439796,0.0,0.0
OD,Sambalpur,Govindpur,0.0,0.0,0.0,0.0,0.0,0.0,0.0,0.0,0.0,0.0,411.89609424360526,0.0,0.0
OD,Sambalpur,Hirakud,0.0,0.0,0.0,0.0,0.0,0.0,0.0,0.0,0.0,0.0,125.88747011064758,0.0,0.0
OD,Sambalpur,Jamankira,0.0,0.0,0.0,0.0,0.0,0.0,0.0,0.0,0.0,0.0,734.1208287448022,0.0,0.0
OD,Sambalpur,Jujomura,0.0,0.0,0.0,0.0,0.0,0.0,0.0,0.0,0.0,0.0,720.1838123323042,0.0,0.0
OD,Sambalpur,Katarbaga,0.0,0.0,0.0,0.0,0.0,0.0,0.0,0.0,0.0,0.0,184.48487948993844,0.0,0.0
OD,Sambalpur,Kisinda,0.0,0.0,0.0,0.0,0.0,0.0,0.0,0.0,0.0,0.0,593.1555516130995,0.0,0.0
OD,Sambalpur,Kochinda,0.0,0.0,0.0,0.0,0.0,0.0,0.0,0.0,0.0,0.0,559.5972632976805,0.0,0.0
OD,Sambalpur,Mahulpalli,0.0,0.0,0.0,0.0,0.0,0.0,0.0,0.0,0.0,0.0,704.5954903081991,0.0,0.0
OD,Sambalpur,Naktideul,0.0,0.0,0.0,0.0,0.0,0.0,0.0,0.0,0.0,0.0,512.9478466282959,0.0,0.0
OD,Sambalpur,Rairakhol,0.0,0.0,0.0,0.0,0.0,0.0,0.0,0.0,0.0,0.0,929.1784764160898,0.0,0.0
OD,Sambalpur,Rengali,0.0,0.0,0.0,0.0,0.0,0.0,0.0,0.0,0.0,0.0,159.63936446243397,0.0,0.0
OD,Sambalpur,Sadar,0.0,0.0,0.0,0.0,0.0,0.0,0.0,0.0,0.0,0.0,177.50698013730727,0.0,0.0
OD,Sambalpur,Sambalpur (M),0.0,0.0,0.0,0.0,0.0,0.0,0.0,0.0,0.0,0.0,59.29805228042053,0.0,0.0
OD,Sambalpur,Sasan,0.0,0.0,0.0,0.0,0.0,0.0,0.0,0.0,0.0,0.0,333.20128563187546,0.0,0.0
OD,Sambalpur,Thelkoloi,0.0,0.0,0.0,0.0,0.0,0.0,0.0,0.0,0.0,0.0,173.67594406148973,0.0,0.0
OD,Sonepur,Binika,0.0,0.0,0.0,0.0,0.0,0.0,0.0,0.0,0.0,0.0,329.7186159710343,0.0,0.0
OD,Sonepur,Biramaharajpur,0.0,0.0,0.0,0.0,0.0,0.0,0.0,0.0,0.0,0.0,497.825491253466,0.0,0.0
OD,Sonepur,Dunguripali,0.0,0.0,0.0,0.0,0.0,0.0,0.0,0.0,0.0,0.0,459.09744861681185,0.0,0.0
OD,Sonepur,Rampur,0.0,0.0,0.0,0.0,0.0,0.0,0.0,0.0,0.0,0.0,129.16808742809226,0.0,0.0
OD,Sonepur,Sonapur,0.0,0.0,0.0,0.0,0.0,0.0,0.0,0.0,0.0,0.0,178.0278268393366,0.0,0.0
OD,Sonepur,Subalaya,0.0,0.0,0.0,0.0,0.0,0.0,0.0,0.0,0.0,0.0,244.33416853227055,0.0,0.0
OD,Sonepur,Tarbha,0.0,0.0,0.0,0.0,0.0,0.0,0.0,0.0,0.0,0.0,449.47934246451376,0.0,0.0
OD,Sonepur,Ulunda,0.0,0.0,0.0,0.0,0.0,0.0,0.0,0.0,0.0,0.0,435.4318782087644,0.0,0.0
OD,Sundargarh,Banei,0.0,0.0,0.0,0.0,0.0,0.0,0.0,0.0,0.0,0.0,381.9067350835074,0.0,0.0
OD,Sundargarh,Baragaon,0.0,0.0,0.0,0.0,0.0,0.0,0.0,0.0,0.0,2.2272977891322476,526.222618966032,0.0,0.0
OD,Sundargarh,Bhasma,0.0,0.0,0.0,0.0,0.0,0.0,0.0,0.0,0.0,0.0,241.28155162043424,0.0,0.0
OD,Sundargarh,Biramitrapur,0.0,0.0,0.0,0.0,0.0,0.0,0.0,0.0,0.0,1.6722254190247055,393.50794521647356,0.0,0.0
OD,Sundargarh,Bisra,0.0,0.0,0.0,0.0,0.0,0.0,0.0,0.0,0.0,4.5352894093526395,482.2021172331052,0.0,0.0
OD,Sundargarh,Bondamunda,0.0,0.0,0.0,0.0,0.0,0.0,0.0,0.0,0.0,0.0,28.96828636374094,0.0,0.0
OD,Sundargarh,Brahmani Tarang,0.0,0.0,0.0,0.0,0.0,0.0,0.0,0.0,0.0,0.0,361.20379607656855,0.0,0.0
OD,Sundargarh,Chandiposh,0.0,0.0,0.0,0.0,0.0,0.0,0.0,0.0,0.0,0.0,390.5786591743773,0.0,0.0
OD,Sundargarh,Dharuadihi,0.0,0.0,0.0,0.0,0.0,0.0,0.0,0.0,0.0,0.0,223.4352159012915,0.0,0.0
OD,Sundargarh,Gurundia,0.0,0.0,0.0,0.0,0.0,0.0,0.0,0.0,0.0,0.0,965.9171214073116,0.0,0.0
OD,Sundargarh,Hatibari,0.0,0.0,0.0,0.0,0.0,0.0,0.0,0.0,0.0,8.952339883445735,269.5677780931966,0.0,0.0
OD,Sundargarh,Hemgir,0.0,0.0,0.0,0.0,0.0,0.0,0.0,0.0,0.0,13.514523372218656,1029.8642811201464,0.0,0.0
OD,Sundargarh,Kamarposh Balang,0.0,0.0,0.0,0.0,0.0,0.0,0.0,0.0,0.0,0.0,550.3906701021272,0.0,0.0
OD,Sundargarh,Kinjirkela,0.0,0.0,0.0,0.0,0.0,0.0,0.0,0.0,0.0,3.0410000276125815,531.2745614361179,0.0,0.0
OD,Sundargarh,Koida,0.0,0.0,0.0,0.0,0.0,0.0,0.0,0.0,0.0,0.0,382.72446196920833,0.0,0.0
OD,Sundargarh,Kutra,0.0,0.0,0.0,0.0,0.0,0.0,0.0,0.0,0.0,3.5449092899253722,360.72149972233586,0.0,0.0
OD,Sundargarh,Lahunipara,0.0,0.0,0.0,0.0,0.0,0.0,0.0,0.0,0.0,0.0,592.4307450278094,0.0,0.0
OD,Sundargarh,Lathikata,0.0,0.0,0.0,0.0,0.0,0.0,0.0,0.0,0.0,0.0,133.45199849697383,0.0,0.0
OD,Sundargarh,Lephripara,0.0,0.0,0.0,0.0,0.0,0.0,0.0,0.0,0.0,3.3646538398152854,635.2470411771295,0.0,0.0
OD,Sundargarh,Mahulapada,0.0,0.0,0.0,0.0,0.0,0.0,0.0,0.0,0.0,0.0,337.6841962629464,0.0,0.0
OD,Sundargarh,Raghunathapali,0.0,0.0,0.0,0.0,0.0,0.0,0.0,0.0,0.0,0.0,19.006831576141945,0.0,0.0
OD,Sundargarh,Raiboga,0.0,0.0,0.0,0.0,0.0,0.0,0.0,0.0,0.0,8.711373383134438,287.6116759542639,0.0,0.0
OD,Sundargarh,Rajagangapur,0.0,0.0,0.0,0.0,0.0,0.0,0.0,0.0,0.0,0.0,718.300125811113,0.0,0.0
OD,Sundargarh,Raurkela (ITS) P.S.,0.0,0.0,0.0,0.0,0.0,0.0,0.0,0.0,0.0,0.0,58.0013440721345,0.0,0.0
OD,Sundargarh,Raurkela (M),0.0,0.0,0.0,0.0,0.0,0.0,0.0,0.0,0.0,0.0,78.6657948987704,0.0,0.0
OD,Sundargarh,Sundargarh,0.0,0.0,0.0,0.0,0.0,0.0,0.0,0.0,0.0,0.0,433.756546632533,0.0,0.0
OD,Sundargarh,Sundargarh Town,0.0,0.0,0.0,0.0,0.0,0.0,0.0,0.0,0.0,0.0,49.60964257944487,0.0,0.0
OD,Sundargarh,Talasara,0.0,0.0,0.0,0.0,0.0,0.0,0.0,0.0,0.0,10.354875153031326,588.4687079556797,0.0,0.0
OD,Sundargarh,Tangarapali,0.0,0.0,0.0,0.0,0.0,0.0,0.0,0.0,0.0,0.0,20.917747546952853,0.0,0.0
OD,Sundargarh,Tikaetpali,0.0,0.0,0.0,0.0,0.0,0.0,0.0,0.0,0.0,0.0,268.50466887274587,0.0,0.0
TS,Adilabad,Adilabad Urban,0.0,0.0,0.0,0.0,420.7160739842689,0.0,0.0,0.0,0.0,0.0,0.0,0.0,0.0
TS,Adilabad,Bazarhatnoor,0.0,0.0,0.0,0.0,263.9598123921511,0.0,0.0,0.0,0.0,0.0,0.0,0.0,0.0
TS,Adilabad,Bela,0.0,0.0,0.0,0.0,310.72960721372874,0.0,0.0,0.0,0.0,0.0,0.0,0.0,0.0
TS,Adilabad,Boath,0.0,0.0,0.0,0.0,401.7141221773103,0.0,0.0,0.0,0.0,0.0,0.0,0.0,0.0
TS,Adilabad,Gudihatnoor,0.0,0.0,0.0,0.0,166.5417708060334,0.0,0.0,0.0,0.0,0.0,0.0,0.0,0.0
TS,Adilabad,Ichoda,0.0,0.0,0.0,0.0,321.67957418061536,0.0,0.0,0.0,0.0,0.0,0.0,0.0,0.0
TS,Adilabad,Inderavelly,0.0,0.0,0.0,0.0,247.68326246268677,0.0,0.0,0.0,0.0,0.0,0.0,0.0,0.0
TS,Adilabad,Jainath,0.0,0.0,0.0,0.0,327.2647087206816,0.0,0.0,0.0,0.0,0.0,0.0,0.0,0.0
TS,Adilabad,Narnoor,0.0,0.0,0.0,0.0,532.9760006751686,0.0,0.0,0.0,0.0,0.0,2.974111271090332,0.0,0.0
TS,Adilabad,Neradigonda,0.0,0.0,0.0,0.0,384.21542515516614,0.0,0.0,0.0,0.0,0.0,0.0,0.0,0.0
TS,Adilabad,Talamadugu,0.0,0.0,0.0,0.0,318.3469895950618,0.0,0.0,0.0,0.0,0.0,0.0,0.0,0.0
TS,Adilabad,Tamsi,0.0,0.0,0.0,0.0,328.28834265852595,0.0,0.0,0.0,0.0,0.0,0.0,0.0,0.0
TS,Adilabad,Utnoor,0.0,0.0,0.0,0.0,608.7759155289806,0.0,0.0,0.0,0.0,0.0,0.0,0.0,0.0
TS,Bhadradri Kothagudem,Aswapuram,0.0,0.0,0.0,259.09254228524645,0.0,0.0,0.0,0.0,0.0,0.0,0.0,0.0,0.0
TS,Bhadradri Kothagudem,Aswaraopeta,0.0,0.0,0.0,675.0117548785499,0.0,0.0,0.0,0.0,0.0,0.0,0.0,0.0,0.0
TS,Bhadradri Kothagudem,Burgampahad,0.0,0.0,0.0,185.4951331515887,0.0,0.0,0.0,0.0,0.0,0.0,0.0,0.0,0.0
TS,Bhadradri Kothagudem,Chandrugonda,0.0,0.0,0.0,473.4968594284266,0.0,0.0,0.0,0.0,0.0,0.0,0.0,0.0,0.0
TS,Bhadradri Kothagudem,Cherla,0.0,0.0,0.0,535.7874328361903,0.0,0.0,0.0,0.0,0.0,0.0,7.598535925901541,0.0,0.0
TS,Bhadradri Kothagudem,Dammapeta,0.0,0.0,0.0,558.0581893703444,0.0,0.0,0.0,0.0,0.0,0.0,0.0,0.0,0.0
TS,Bhadradri Kothagudem,Dummugudem,0.0,0.0,0.0,344.43535958334127,0.0,0.0,0.0,0.0,0.0,0.0,0.03754124810021026,0.0,0.0
TS,Bhadradri Kothagudem,Gundala,0.0,0.0,0.0,1102.6218074341125,0.0,0.0,0.0,0.0,0.0,0.0,0.0,0.0,0.0
TS,Bhadradri Kothagudem,Julurpadu,0.0,0.0,0.0,402.77786762979014,0.0,0.0,0.0,0.0,0.0,0.0,0.0,0.0,0.0
TS,Bhadradri Kothagudem,Kothagudem,0.0,0.0,0.0,614.6525147411294,0.0,0.0,0.0,0.0,0.0,0.0,0.0,0.0,0.0
TS,Bhadradri Kothagudem,Manuguru,0.0,0.0,0.0,375.6465031326121,0.0,0.0,0.0,0.0,0.0,0.0,0.0,0.0,0.0
TS,Bhadradri Kothagudem,Mulkalapally,0.0,0.0,0.0,485.43585273292365,0.0,0.0,0.0,0.0,0.0,0.0,0.0,0.0,0.0
TS,Bhadradri Kothagudem,Palvoncha,0.0,0.0,0.0,485.5248040879714,0.0,0.0,0.0,0.0,0.0,0.0,0.0,0.0,0.0
TS,Bhadradri Kothagudem,Pinapaka,0.0,0.0,0.0,490.49859210554285,0.0,0.0,0.0,0.0,0.0,0.0,0.0,0.0,0.0
TS,Bhadradri Kothagudem,Tekulapalli,0.0,0.0,0.0,444.51058142980884,0.0,0.0,0.0,0.0,0.0,0.0,0.0,0.0,0.0
TS,Bhadradri Kothagudem,Yellandu,0.0,0.0,0.0,509.27180165749655,0.0,0.0,0.0,0.0,0.0,0.0,0.0,0.0,0.0
TS,Hyderabad,Amberpet,0.0,0.0,0.0,11.912667873353799,0.0,0.0,0.0,0.0,0.0,0.0,0.0,0.0,0.0
TS,Hyderabad,Ameerpet,0.0,0.0,0.0,7.640559138482327,0.0,0.0,0.0,0.0,0.0,0.0,0.0,0.0,0.0
TS,Hyderabad,Asif Nagar,0.0,0.0,0.0,13.080044226487614,0.0,0.0,0.0,0.0,0.0,0.0,0.0,0.0,0.0
TS,Hyderabad,Bahadurpura,0.0,0.0,0.0,21.898350888432887,0.0,0.0,0.0,0.0,0.0,0.0,0.0,0.0,0.0
TS,Hyderabad,Bandlaguda,0.0,0.0,0.0,20.186858966849798,0.0,0.0,0.0,0.0,0.0,0.0,0.0,0.0,0.0
TS,Hyderabad,Charminar,0.0,0.0,0.0,7.979874873987109,0.0,0.0,0.0,0.0,0.0,0.0,0.0,0.0,0.0
TS,Hyderabad,Golconda,0.0,0.0,0.0,13.756971259540673,0.0,0.0,0.0,0.0,0.0,0.0,0.0,0.0,0.0
TS,Hyderabad,Himayatnagar,0.0,0.0,0.0,11.359349347936412,0.0,0.0,0.0,0.0,0.0,0.0,0.0,0.0,0.0
TS,Hyderabad,Khairatabad,0.0,0.0,0.0,19.333744184272156,0.0,0.0,0.0,0.0,0.0,0.0,0.0,0.0,0.0
TS,Hyderabad,Marredpally,0.0,0.0,0.0,12.10041905830289,0.0,0.0,0.0,0.0,0.0,0.0,0.0,0.0,0.0
TS,Hyderabad,Musheerabad,0.0,0.0,0.0,13.39098581452468,0.0,0.0,0.0,0.0,0.0,0.0,0.0,0.0,0.0
TS,Hyderabad,Nampally,0.0,0.0,0.0,8.19738551371954,0.0,0.0,0.0,0.0,0.0,0.0,0.0,0.0,0.0
TS,Hyderabad,Saidabad,0.0,0.0,0.0,5.278528889282738,0.0,0.0,0.0,0.0,0.0,0.0,0.0,0.0,0.0
TS,Hyderabad,Secunderabad,0.0,0.0,0.0,10.376783738026504,0.0,0.0,0.0,0.0,0.0,0.0,0.0,0.0,0.0
TS,Hyderabad,Shaikpet,0.0,0.0,0.0,28.45698276435092,0.0,0.0,0.0,0.0,0.0,0.0,0.0,0.0,0.0
TS,Hyderabad,Tirumalgiri,0.0,0.0,0.0,28.14471722685393,0.0,0.0,0.0,0.0,0.0,0.0,0.0,0.0,0.0
TS,Jagitial,Dharmapuri,0.0,0.0,0.0,257.09556520991646,35.585742393477574,0.0,0.0,0.0,0.0,0.0,0.0,0.0,0.0
TS,Jagitial,Gollapalli,0.0,0.0,0.0,173.71222920090193,0.0,0.0,0.0,0.0,0.0,0.0,0.0,0.0,0.0
TS,Jagitial,Ibrahimpatnam,0.0,0.0,0.0,12.477212936824955,165.01473302924106,0.0,0.0,0.0,0.0,0.0,0.0,0.0,0.0
TS,Jagitial,Jagitial,0.0,0.0,0.0,240.6262394286573,0.0,0.0,0.0,0.0,0.0,0.0,0.0,0.0,0.0
TS,Jagitial,Kathlapur,0.0,0.0,0.0,208.5598568773673,6.116852167832573,0.0,0.0,0.0,0.0,0.0,0.0,0.0,0.0
TS,Jagitial,Kodimial,0.0,0.0,0.0,188.0335037361278,0.0,0.0,0.0,0.0,0.0,0.0,0.0,0.0,0.0
TS,Jagitial,Korutla,0.0,0.0,0.0,178.9475908957139,0.0,0.0,0.0,0.0,0.0,0.0,0.0,0.0,0.0
TS,Jagitial,Mallapur,0.0,0.0,0.0,193.95429247170406,65.506991186256,0.0,0.0,0.0,0.0,0.0,0.0,0.0,0.0
TS,Jagitial,Mallial,0.0,0.0,0.0,170.07068752012162,0.0,0.0,0.0,0.0,0.0,0.0,0.0,0.0,0.0
TS,Jagitial,Medipalli,0.0,0.0,0.0,223.52126444803534,0.0,0.0,0.0,0.0,0.0,0.0,0.0,0.0,0.0
TS,Jagitial,Metpalli,0.0,0.0,0.0,77.22381756754113,80.95248831950752,0.0,0.0,0.0,0.0,0.0,0.0,0.0,0.0
TS,Jagitial,Pegadapalli,0.0,0.0,0.0,177.11602791525277,0.0,0.0,0.0,0.0,0.0,0.0,0.0,0.0,0.0
TS,Jagitial,Raikal,0.0,0.0,0.0,251.0985584982538,29.861674150493663,0.0,0.0,0.0,0.0,0.0,0.0,0.0,0.0
TS,Jagitial,Sarangapur,0.0,0.0,0.0,279.60296533510314,21.501269838348403,0.0,0.0,0.0,0.0,0.0,0.0,0.0,0.0
TS,Jagitial,Velgatur,0.0,0.0,0.0,194.18805714649395,0.0,0.0,0.0,0.0,0.0,0.0,0.0,0.0,0.0
TS,Jangoan,Bachannapet,0.0,0.0,0.0,231.21724137348045,0.0,0.0,0.0,0.0,0.0,0.0,0.0,0.0,0.0
TS,Jangoan,Devaruppula,0.0,0.0,0.0,208.0211299993098,0.0,0.0,0.0,0.0,0.0,0.0,0.0,0.0,0.0
TS,Jangoan,Ghanpur (Station),0.0,0.0,0.0,367.96180214564833,0.0,0.0,0.0,0.0,0.0,0.0,0.0,0.0,0.0
TS,Jangoan,Jangoan,0.0,0.0,0.0,228.4467421953119,0.0,0.0,0.0,0.0,0.0,0.0,0.0,0.0,0.0
TS,Jangoan,Kodakandla,0.0,0.0,0.0,206.02092935528864,0.0,0.0,0.0,0.0,0.0,0.0,0.0,0.0,0.0
TS,Jangoan,Lingalaghanpur,0.0,0.0,0.0,212.29955166235868,0.0,0.0,0.0,0.0,0.0,0.0,0.0,0.0,0.0
TS,Jangoan,Narmetta,0.0,0.0,0.0,239.11028416956208,0.0,0.0,0.0,0.0,0.0,0.0,0.0,0.0,0.0
TS,Jangoan,Palakurthy,0.0,0.0,0.0,281.2430726309905,0.0,0.0,0.0,0.0,0.0,0.0,0.0,0.0,0.0
TS,Jangoan,Ragunathpally,0.0,0.0,0.0,288.96388494593725,0.0,0.0,0.0,0.0,0.0,0.0,0.0,0.0,0.0
TS,Jangoan,Zaffergadh,0.0,0.0,0.0,211.3777687134001,0.0,0.0,0.0,0.0,0.0,0.0,0.0,0.0,0.0
TS,Jayashankar Bhupalapally,Bhupalpally,0.0,0.0,0.0,397.57491478934736,0.0,0.0,0.0,0.0,0.0,0.0,0.0,0.0,0.0
TS,Jayashankar Bhupalapally,Chityal,0.0,0.0,0.0,345.9015874669466,0.0,0.0,0.0,0.0,0.0,0.0,0.0,0.0,0.0
TS,Jayashankar Bhupalapally,Ghanpur (Mulug),0.0,0.0,0.0,127.71105024344588,0.0,0.0,0.0,0.0,0.0,0.0,0.0,0.0,0.0
TS,Jayashankar Bhupalapally,Kataram,0.0,0.0,0.0,313.464056788065,0.0,0.0,0.0,0.0,0.0,0.0,0.0,0.0,0.0
TS,Jayashankar Bhupalapally,Mahadevpur,0.0,0.0,0.0,572.4548994293783,36.68361577079861,0.0,0.0,0.0,0.0,0.0,9.343851956527542,0.0,0.0
TS,Jayashankar Bhupalapally,Malharrao,0.0,0.0,0.0,369.1117690675382,0.0,0.0,0.0,0.0,0.0,0.0,0.0,0.0,0.0
TS,Jayashankar Bhupalapally,Mogullapally,0.0,0.0,0.0,163.38376471170363,0.0,0.0,0.0,0.0,0.0,0.0,0.0,0.0,0.0
TS,Jayashankar Bhupalapally,Mutharam Mahadevpur,0.0,0.0,0.0,723.4359851535141,0.0,0.0,0.0,0.0,0.0,0.0,0.0,0.0,0.0
TS,Jayashankar Bhupalapally,Regonda,0.0,0.0,0.0,247.89603245674434,0.0,0.0,0.0,0.0,0.0,0.0,0.0,0.0,0.0
TS,Jogulamba Gadwal,Alampur,0.0,0.0,0.0,296.93668284678824,0.0,0.0,0.0,0.0,0.0,0.0,0.0,0.0,0.0
TS,Jogulamba Gadwal,Dharoor,0.0,0.0,0.0,350.1654474743034,0.0,0.0,0.0,0.0,0.0,0.0,0.0,0.0,0.0
TS,Jogulamba Gadwal,Gadwal,0.0,0.0,0.0,288.54626552345934,0.0,0.0,0.0,0.0,0.0,0.0,0.0,0.0,0.0
TS,Jogulamba Gadwal,Ghattu,0.0,0.0,0.0,369.49853555519945,0.0,0.0,0.0,0.0,0.0,0.0,0.0,0.0,0.0
TS,Jogulamba Gadwal,Ieeja,0.0,0.0,0.0,320.71147339504046,0.0,0.0,0.0,0.0,0.0,0.0,0.0,0.0,0.0
TS,Jogulamba Gadwal,Itikyala,0.0,0.0,0.0,305.95029417651165,0.0,0.0,0.0,0.0,0.0,0.0,0.0,0.0,0.0
TS,Jogulamba Gadwal,Maldakal,0.0,0.0,0.0,282.77365665897145,0.0,0.0,0.0,0.0,0.0,0.0,0.0,0.0,0.0
TS,Jogulamba Gadwal,Manopad,0.0,0.0,0.0,302.369789748992,0.0,0.0,0.0,0.0,0.0,0.0,0.0,0.0,0.0
TS,Jogulamba Gadwal,Waddepally,0.0,0.0,0.0,280.65777115626594,0.0,0.0,0.0,0.0,0.0,0.0,0.0,0.0,0.0
TS,Kamareddy,Banswada,0.0,0.0,0.0,0.0,164.01198721982823,0.0,0.0,0.0,0.0,0.0,0.0,0.0,0.0
TS,Kamareddy,Bhiknoor,0.0,0.0,0.0,55.861090473969604,156.0583672520306,0.0,0.0,0.0,0.0,0.0,0.0,0.0,0.0
TS,Kamareddy,Bichkunda,0.0,0.0,0.0,2.2528679465222328,294.3368846127768,0.0,0.0,0.0,0.0,0.0,0.0,0.0,0.0
TS,Kamareddy,Birkur,0.0,0.0,0.0,0.0,201.746946066172,0.0,0.0,0.0,0.0,0.0,0.0,0.0,0.0
TS,Kamareddy,Domakonda,0.0,0.0,0.0,17.227315876701248,159.3133702811714,0.0,0.0,0.0,0.0,0.0,0.0,0.0,0.0
TS,Kamareddy,Gandhari,0.0,0.0,0.0,0.0,367.75554464706573,0.0,0.0,0.0,0.0,0.0,0.0,0.0,0.0
TS,Kamareddy,Jukkal,0.0,0.0,0.0,1.8061659328505066,256.48832303601716,0.0,0.0,0.0,0.0,0.0,0.0,0.0,0.0
TS,Kamareddy,Kamareddy,0.0,0.0,0.0,0.0,141.58861937478494,0.0,0.0,0.0,0.0,0.0,0.0,0.0,0.0
TS,Kamareddy,Lingampet,0.0,0.0,0.0,0.0,276.7505572593151,0.0,0.0,0.0,0.0,0.0,0.0,0.0,0.0
TS,Kamareddy,Machareddy,0.0,0.0,0.0,0.0,355.19904953237005,0.0,0.0,0.0,0.0,0.0,0.0,0.0,0.0
TS,Kamareddy,Madnoor,0.0,0.0,0.0,0.0,254.08505920350746,0.0,0.0,0.0,0.0,0.0,0.0,0.0,0.0
TS,Kamareddy,Nagireddypet,0.0,0.0,0.0,36.03094587373693,128.85085310160315,0.0,0.0,0.0,0.0,0.0,0.0,0.0,0.0
TS,Kamareddy,Nizamsagar,0.0,0.0,0.0,12.648387566118553,263.21132585343577,0.0,0.0,0.0,0.0,0.0,0.0,0.0,0.0
TS,Kamareddy,Pitlam,0.0,0.0,0.0,20.810640677697474,188.56915642946134,0.0,0.0,0.0,0.0,0.0,0.0,0.0,0.0
TS,Kamareddy,Sadashivanagar,0.0,0.0,0.0,0.0,304.76299400777714,0.0,0.0,0.0,0.0,0.0,0.0,0.0,0.0
TS,Kamareddy,Tadwai,0.0,0.0,0.0,7.426353571987566,271.19577865968387,0.0,0.0,0.0,0.0,0.0,0.0,0.0,0.0
TS,Kamareddy,Yellareddy,0.0,0.0,0.0,0.0,218.45638222573947,0.0,0.0,0.0,0.0,0.0,0.0,0.0,0.0
TS,Karimnagar,Chigurumamidi,0.0,0.0,0.0,165.54948246793674,0.0,0.0,0.0,0.0,0.0,0.0,0.0,0.0,0.0
TS,Karimnagar,Choppadandi,0.0,0.0,0.0,159.20202367771083,0.0,0.0,0.0,0.0,0.0,0.0,0.0,0.0,0.0
TS,Karimnagar,Gangadhara,0.0,0.0,0.0,195.73027354750923,0.0,0.0,0.0,0.0,0.0,0.0,0.0,0.0,0.0
TS,Karimnagar,Huzurabad,0.0,0.0,0.0,148.98338889572307,0.0,0.0,0.0,0.0,0.0,0.0,0.0,0.0,0.0
TS,Karimnagar,Jammikunta,0.0,0.0,0.0,245.36817210759492,0.0,0.0,0.0,0.0,0.0,0.0,0.0,0.0,0.0
TS,Karimnagar,Karimnagar Rural,0.0,0.0,0.0,256.3089658250167,0.0,0.0,0.0,0.0,0.0,0.0,0.0,0.0,0.0
TS,Karimnagar,Manakondur,0.0,0.0,0.0,245.84093433505737,0.0,0.0,0.0,0.0,0.0,0.0,0.0,0.0,0.0
TS,Karimnagar,Ramadugu,0.0,0.0,0.0,147.57321702093154,0.0,0.0,0.0,0.0,0.0,0.0,0.0,0.0,0.0
TS,Karimnagar,Shankarapatnam,0.0,0.0,0.0,164.98013440592564,0.0,0.0,0.0,0.0,0.0,0.0,0.0,0.0,0.0
TS,Karimnagar,Thimmapur Lmd,0.0,0.0,0.0,162.35999161462203,0.0,0.0,0.0,0.0,0.0,0.0,0.0,0.0,0.0
TS,Karimnagar,V.Saidapur,0.0,0.0,0.0,152.384687301052,0.0,0.0,0.0,0.0,0.0,0.0,0.0,0.0,0.0
TS,Karimnagar,Veenavanka,0.0,0.0,0.0,162.0769608685255,0.0,0.0,0.0,0.0,0.0,0.0,0.0,0.0,0.0
TS,Khammam,Bonakal,0.0,0.0,0.0,176.14967451727262,0.0,0.0,0.0,0.0,0.0,0.0,0.0,0.0,0.0
TS,Khammam,Chinthakani,0.0,0.0,0.0,215.5004960760114,0.0,0.0,0.0,0.0,0.0,0.0,0.0,0.0,0.0
TS,Khammam,Enkoor,0.0,0.0,0.0,207.5958270481202,0.0,0.0,0.0,0.0,0.0,0.0,0.0,0.0,0.0
TS,Khammam,Kalluru,0.0,0.0,0.0,270.15369997475324,0.0,0.0,0.0,0.0,0.0,0.0,0.0,0.0,0.0
TS,Khammam,Kamepalli,0.0,0.0,0.0,202.67190620071992,0.0,0.0,0.0,0.0,0.0,0.0,0.0,0.0,0.0
TS,Khammam,Khammam (Rural),0.0,0.0,0.0,256.52958110734636,0.0,0.0,0.0,0.0,0.0,0.0,0.0,0.0,0.0
TS,Khammam,Konijerla,0.0,0.0,0.0,258.14251196945344,0.0,0.0,0.0,0.0,0.0,0.0,0.0,0.0,0.0
TS,Khammam,Kusumanchi,0.0,0.0,0.0,239.33611391266163,0.0,0.0,0.0,0.0,0.0,0.0,0.0,0.0,0.0
TS,Khammam,Madhira,0.0,0.0,0.0,234.39193916434843,0.0,0.0,0.0,0.0,0.0,0.0,0.0,0.0,0.0
TS,Khammam,Mudigonda,0.0,0.0,0.0,206.52685890857163,0.0,0.0,0.0,0.0,0.0,0.0,0.0,0.0,0.0
TS,Khammam,Nelakondapalli,0.0,0.0,0.0,209.48792518479684,0.0,0.0,0.0,0.0,0.0,0.0,0.0,0.0,0.0
TS,Khammam,Penuballi,0.0,0.0,0.0,280.59015524116313,0.0,0.0,0.0,0.0,0.0,0.0,0.0,0.0,0.0
TS,Khammam,Raghunadhapalem,0.0,0.0,0.0,255.15873394643717,0.0,0.0,0.0,0.0,0.0,0.0,0.0,0.0,0.0
TS,Khammam,Sathupalli,0.0,0.0,0.0,250.90315791597405,0.0,0.0,0.0,0.0,0.0,0.0,0.0,0.0,0.0
TS,Khammam,Singareni,0.0,0.0,0.0,307.24478288523113,0.0,0.0,0.0,0.0,0.0,0.0,0.0,0.0,0.0
TS,Khammam,Thallada,0.0,0.0,0.0,213.87906233497282,0.0,0.0,0.0,0.0,0.0,0.0,0.0,0.0,0.0
TS,Khammam,Tirumalayapalem,0.0,0.0,0.0,273.31199435684607,0.0,0.0,0.0,0.0,0.0,0.0,0.0,0.0,0.0
TS,Khammam,Vemsoor,0.0,0.0,0.0,229.74481831568087,0.0,0.0,0.0,0.0,0.0,0.0,0.0,0.0,0.0
TS,Khammam,Wyra,0.0,0.0,0.0,150.93357050043306,0.0,0.0,0.0,0.0,0.0,0.0,0.0,0.0,0.0
TS,Khammam,Yerrupalem,0.0,0.0,0.0,285.7964001769138,0.0,0.0,0.0,0.0,0.0,0.0,0.0,0.0,0.0
TS,Kumuram Bheem Asifabad,Asifabad,0.0,0.0,0.0,0.0,417.2153402215967,0.0,0.0,0.0,0.0,0.0,0.0,0.0,0.0
TS,Kumuram Bheem Asifabad,Bejjur,0.0,0.0,0.0,0.0,760.7420670887345,0.0,0.0,0.0,0.0,0.0,0.19516232009600243,0.0,0.0
TS,Kumuram Bheem Asifabad,Dahegoan,0.0,0.0,0.0,0.0,400.7035920337192,0.0,0.0,0.0,0.0,0.0,0.8782429655037343,0.0,0.0
TS,Kumuram Bheem Asifabad,Jainoor,0.0,0.0,0.0,0.0,227.85697275719662,0.0,0.0,0.0,0.0,0.0,0.0,0.0,0.0
TS,Kumuram Bheem Asifabad,Kagaznagar,0.0,0.0,0.0,0.0,509.46275452568455,0.0,0.0,0.0,0.0,0.0,0.3382654341502288,0.0,0.0
TS,Kumuram Bheem Asifabad,Kerameri,0.0,0.0,0.0,0.0,389.2988656830929,0.0,0.0,0.0,0.0,0.0,2.278834082005208,0.0,0.0
TS,Kumuram Bheem Asifabad,Koutala,0.0,0.0,0.0,0.0,332.9862922611807,0.0,0.0,0.0,0.0,0.0,5.2764482709534715,0.0,0.0
TS,Kumuram Bheem Asifabad,Rebbena,0.0,0.0,0.0,0.0,289.12357244176985,0.0,0.0,0.0,0.0,0.0,0.0,0.0,0.0
TS,Kumuram Bheem Asifabad,Sirpur (T),0.0,0.0,0.0,0.0,367.24997561222136,0.0,0.0,0.0,0.0,0.0,8.176179540027611,0.0,0.0
TS,Kumuram Bheem Asifabad,Sirpur U,0.0,0.0,0.0,0.0,365.47165486839884,0.0,0.0,0.0,0.0,0.0,0.0,0.0,0.0
TS,Kumuram Bheem Asifabad,Tiryani,0.0,0.0,0.0,0.0,636.3152241331031,0.0,0.0,0.0,0.0,0.0,0.0,0.0,0.0
TS,Kumuram Bheem Asifabad,Wankidi,0.0,0.0,0.0,0.0,392.15671601733544,0.0,0.0,0.0,0.0,0.0,12.584250762061957,0.0,0.0
TS,Mahabubabad,Bayyaram,0.0,0.0,0.0,372.3467641529118,0.0,0.0,0.0,0.0,0.0,0.0,0.0,0.0,0.0
TS,Mahabubabad,Dornakal,0.0,0.0,0.0,171.04746178664115,0.0,0.0,0.0,0.0,0.0,0.0,0.0,0.0,0.0
TS,Mahabubabad,Garla,0.0,0.0,0.0,150.12685051935688,0.0,0.0,0.0,0.0,0.0,0.0,0.0,0.0,0.0
TS,Mahabubabad,Gudur,0.0,0.0,0.0,416.8344892018353,0.0,0.0,0.0,0.0,0.0,0.0,0.0,0.0,0.0
TS,Mahabubabad,Kesamudram,0.0,0.0,0.0,244.27669458475407,0.0,0.0,0.0,0.0,0.0,0.0,0.0,0.0,0.0
TS,Mahabubabad,Kothaguda,0.0,0.0,0.0,999.5405908336962,0.0,0.0,0.0,0.0,0.0,0.0,0.0,0.0,0.0
TS,Mahabubabad,Kuravi,0.0,0.0,0.0,291.08179085715415,0.0,0.0,0.0,0.0,0.0,0.0,0.0,0.0,0.0
TS,Mahabubabad,Mahabubabad,0.0,0.0,0.0,268.8952463334482,0.0,0.0,0.0,0.0,0.0,0.0,0.0,0.0,0.0
TS,Mahabubabad,Maripeda,0.0,0.0,0.0,293.61123789949403,0.0,0.0,0.0,0.0,0.0,0.0,0.0,0.0,0.0
TS,Mahabubabad,Narsimhulapet,0.0,0.0,0.0,239.3672747085742,0.0,0.0,0.0,0.0,0.0,0.0,0.0,0.0,0.0
TS,Mahabubabad,Nellikudur,0.0,0.0,0.0,227.6998694759171,0.0,0.0,0.0,0.0,0.0,0.0,0.0,0.0,0.0
TS,Mahabubabad,Thorrur,0.0,0.0,0.0,271.6518294775412,0.0,0.0,0.0,0.0,0.0,0.0,0.0,0.0,0.0
TS,Mahabubnagar,Addakal,0.0,0.0,0.0,218.8373675098355,0.0,0.0,0.0,0.0,0.0,0.0,0.0,0.0,0.0
TS,Mahabubnagar,Balanagar,0.0,0.0,0.0,323.89953785686646,0.0,0.0,0.0,0.0,0.0,0.0,0.0,0.0,0.0
TS,Mahabubnagar,Bhoothpur,0.0,0.0,0.0,189.22356482014223,0.0,0.0,0.0,0.0,0.0,0.0,0.0,0.0,0.0
TS,Mahabubnagar,Chinnachintakunta,0.0,0.0,0.0,213.01566992748582,0.0,0.0,0.0,0.0,0.0,0.0,0.0,0.0,0.0
TS,Mahabubnagar,Devarakadra,0.0,0.0,0.0,276.4699832537291,0.0,0.0,0.0,0.0,0.0,0.0,0.0,0.0,0.0
TS,Mahabubnagar,Gandeed,0.0,0.0,0.0,241.8352494720079,0.0,0.0,0.0,0.0,0.0,0.0,0.0,0.0,0.0
TS,Mahabubnagar,Hanwada,0.0,0.0,0.0,185.9505051070835,0.0,0.0,0.0,0.0,0.0,0.0,0.0,0.0,0.0
TS,Mahabubnagar,Jadcherla,0.0,0.0,0.0,304.8138208070968,0.0,0.0,0.0,0.0,0.0,0.0,0.0,0.0,0.0
TS,Mahabubnagar,Koilkonda,0.0,0.0,0.0,238.36331252691815,0.0,0.0,0.0,0.0,0.0,0.0,0.0,0.0,0.0
TS,Mahabubnagar,Mahabubnagar Urban,0.0,0.0,0.0,256.74166145166,0.0,0.0,0.0,0.0,0.0,0.0,0.0,0.0,0.0
TS,Mahabubnagar,Midjil,0.0,0.0,0.0,371.5521634575935,0.0,0.0,0.0,0.0,0.0,0.0,0.0,0.0,0.0
TS,Mahabubnagar,Nawabpet,0.0,0.0,0.0,244.38661927453748,0.0,0.0,0.0,0.0,0.0,0.0,0.0,0.0,0.0
TS,Mancherial,Bellampally,0.0,0.0,0.0,0.0,130.54328716758843,0.0,0.0,0.0,0.0,0.0,0.0,0.0,0.0
TS,Mancherial,Bheemini,0.0,0.0,0.0,0.0,276.22802219578296,0.0,0.0,0.0,0.0,0.0,0.0,0.0,0.0
TS,Mancherial,Chennur,0.0,0.0,0.0,26.671519419793356,395.86892483046785,0.0,0.0,0.0,0.0,0.0,0.0,0.0,0.0
TS,Mancherial,Dandepally,0.0,0.0,0.0,22.4831616224087,201.73994755356713,0.0,0.0,0.0,0.0,0.0,0.0,0.0,0.0
TS,Mancherial,Jaipur,0.0,0.0,0.0,60.74755118337723,416.1804094146585,0.0,0.0,0.0,0.0,0.0,0.0,0.0,0.0
TS,Mancherial,Jannaram,0.0,0.0,0.0,0.0,361.78033655368625,0.0,0.0,0.0,0.0,0.0,0.0,0.0,0.0
TS,Mancherial,Kasipet,0.0,0.0,0.0,0.0,336.4616338774458,0.0,0.0,0.0,0.0,0.0,0.0,0.0,0.0
TS,Mancherial,Kotapally,0.0,0.0,0.0,0.3213160483553164,439.0148485903535,0.0,0.0,0.0,0.0,0.0,20.931504246778484,0.0,0.0
TS,Mancherial,Luxettipet,0.0,0.0,0.0,18.45189760486788,162.71593767606407,0.0,0.0,0.0,0.0,0.0,0.0,0.0,0.0
TS,Mancherial,Mancherial,0.0,0.0,0.0,32.89678053248674,337.8624473068433,0.0,0.0,0.0,0.0,0.0,0.0,0.0,0.0
TS,Mancherial,Mandamarri,0.0,0.0,0.0,0.0,181.72942944986465,0.0,0.0,0.0,0.0,0.0,0.0,0.0,0.0
TS,Mancherial,Nennel,0.0,0.0,0.0,0.0,301.5498620129305,0.0,0.0,0.0,0.0,0.0,0.0,0.0,0.0
TS,Mancherial,Tandur,0.0,0.0,0.0,0.0,199.63703977049977,0.0,0.0,0.0,0.0,0.0,0.0,0.0,0.0
TS,Mancherial,Vemanpally,0.0,0.0,0.0,0.0,294.4483996823373,0.0,0.0,0.0,0.0,0.0,1.6795283982828368,0.0,0.0
TS,Medak,Alladurg,0.0,0.0,0.0,141.8434426733923,0.0,0.0,0.0,0.0,0.0,0.0,0.0,0.0,0.0
TS,Medak,Chegunta,0.0,0.0,0.0,225.41596647523642,0.0,0.0,0.0,0.0,0.0,0.0,0.0,0.0,0.0
TS,Medak,Kowdipally,0.0,0.0,0.0,253.48274613861608,0.0,0.0,0.0,0.0,0.0,0.0,0.0,0.0,0.0
TS,Medak,Kulcharam,0.0,0.0,0.0,151.54497405409847,0.0,0.0,0.0,0.0,0.0,0.0,0.0,0.0,0.0
TS,Medak,Medak,0.0,0.0,0.0,324.6890735268093,37.782556835493246,0.0,0.0,0.0,0.0,0.0,0.0,0.0,0.0
TS,Medak,Narsapur,0.0,0.0,0.0,216.82008892740987,0.0,0.0,0.0,0.0,0.0,0.0,0.0,0.0,0.0
TS,Medak,Papannapet,0.0,0.0,0.0,217.20361109983142,1.085262090127889,0.0,0.0,0.0,0.0,0.0,0.0,0.0,0.0
TS,Medak,Ramayampet,0.0,0.0,0.0,243.11767875713474,16.39996558662354,0.0,0.0,0.0,0.0,0.0,0.0,0.0,0.0
TS,Medak,Regode,0.0,0.0,0.0,187.65619268944815,0.0,0.0,0.0,0.0,0.0,0.0,0.0,0.0,0.0
TS,Medak,Shankarampet (A),0.0,0.0,0.0,180.46253164999231,1.2696022046399633,0.0,0.0,0.0,0.0,0.0,0.0,0.0,0.0
TS,Medak,Shankarampet (R),0.0,0.0,0.0,185.76399000388497,0.0,0.0,0.0,0.0,0.0,0.0,0.0,0.0,0.0
TS,Medak,Shivampet,0.0,0.0,0.0,212.84974435074702,0.0,0.0,0.0,0.0,0.0,0.0,0.0,0.0,0.0
TS,Medak,Tekmal,0.0,0.0,0.0,154.22387011834053,0.0,0.0,0.0,0.0,0.0,0.0,0.0,0.0,0.0
TS,Medak,Toopran,0.0,0.0,0.0,220.1674964328016,0.0,0.0,0.0,0.0,0.0,0.0,0.0,0.0,0.0
TS,Medak,Yeldurthy,0.0,0.0,0.0,234.7560225549292,0.0,0.0,0.0,0.0,0.0,0.0,0.0,0.0,0.0
TS,Medchal Malkajgiri,Balanagar,0.0,0.0,0.0,76.39440306446794,0.0,0.0,0.0,0.0,0.0,0.0,0.0,0.0,0.0
TS,Medchal Malkajgiri,Ghatkesar,0.0,0.0,0.0,167.85937790569125,0.0,0.0,0.0,0.0,0.0,0.0,0.0,0.0,0.0
TS,Medchal Malkajgiri,Keesara,0.0,0.0,0.0,172.80407829058854,0.0,0.0,0.0,0.0,0.0,0.0,0.0,0.0,0.0
TS,Medchal Malkajgiri,Malkajgiri,0.0,0.0,0.0,88.64671052723455,0.0,0.0,0.0,0.0,0.0,0.0,0.0,0.0,0.0
TS,Medchal Malkajgiri,Medchal,0.0,0.0,0.0,224.06909449346986,0.0,0.0,0.0,0.0,0.0,0.0,0.0,0.0,0.0
TS,Medchal Malkajgiri,Qutballapur,0.0,0.0,0.0,123.84319941962556,0.0,0.0,0.0,0.0,0.0,0.0,0.0,0.0,0.0
TS,Medchal Malkajgiri,Shamirpet,0.0,0.0,0.0,245.02717392122952,0.0,0.0,0.0,0.0,0.0,0.0,0.0,0.0,0.0
TS,Medchal Malkajgiri,Uppal,0.0,0.0,0.0,45.144560505572436,0.0,0.0,0.0,0.0,0.0,0.0,0.0,0.0,0.0
TS,Mulugu,Eturunagaram,0.0,0.0,0.0,923.4865715578319,0.0,0.0,0.0,0.0,0.0,0.0,1.4659341848938563,0.0,0.0
TS,Mulugu,Govindaraopet,0.0,0.0,0.0,223.79588921464037,0.0,0.0,0.0,0.0,0.0,0.0,0.0,0.0,0.0
TS,Mulugu,Mangapet,0.0,0.0,0.0,551.998781752632,0.0,0.0,0.0,0.0,0.0,0.0,0.0,0.0,0.0
TS,Mulugu,Mulug,0.0,0.0,0.0,413.65293152454615,0.0,0.0,0.0,0.0,0.0,0.0,0.0,0.0,0.0
TS,Mulugu,Tadvai,0.0,0.0,0.0,878.6953430587114,0.0,0.0,0.0,0.0,0.0,0.0,0.0,0.0,0.0
TS,Mulugu,Venkatapur,0.0,0.0,0.0,511.36286778800917,0.0,0.0,0.0,0.0,0.0,0.0,0.0,0.0,0.0
TS,Mulugu,Venkatapuram,0.0,0.0,0.0,688.2477549753941,0.0,0.0,0.0,0.0,0.0,0.0,0.43238762517375834,0.0,0.0
TS,Mulugu,Wajedu,0.0,0.0,0.0,651.1851855131002,0.0,0.0,0.0,0.0,0.0,0.0,0.6956144448361924,0.0,0.0
TS,Nagarkurnool,Achampet,0.0,0.0,0.0,455.8523602511827,0.0,0.0,0.0,0.0,0.0,0.0,0.0,0.0,0.0
TS,Nagarkurnool,Amrabad,0.0,0.0,0.0,2338.0946102678745,0.0,0.0,0.0,0.0,0.0,0.0,0.0,0.0,0.0
TS,Nagarkurnool,Balmoor,0.0,0.0,0.0,261.08034668641744,0.0,0.0,0.0,0.0,0.0,0.0,0.0,0.0,0.0
TS,Nagarkurnool,Bijinapally,0.0,0.0,0.0,295.99870214625753,0.0,0.0,0.0,0.0,0.0,0.0,0.0,0.0,0.0
TS,Nagarkurnool,Kalwakurthy,0.0,0.0,0.0,278.95738083913903,0.0,0.0,0.0,0.0,0.0,0.0,0.0,0.0,0.0
TS,Nagarkurnool,Kodair,0.0,0.0,0.0,227.93466327031427,0.0,0.0,0.0,0.0,0.0,0.0,0.0,0.0,0.0
TS,Nagarkurnool,Kollapur,0.0,0.0,0.0,463.15414218155644,0.0,0.0,0.0,0.0,0.0,0.0,0.0,0.0,0.0
TS,Nagarkurnool,Lingal,0.0,0.0,0.0,177.04774847396854,0.0,0.0,0.0,0.0,0.0,0.0,0.0,0.0,0.0
TS,Nagarkurnool,Nagarkurnool,0.0,0.0,0.0,216.8813372806756,0.0,0.0,0.0,0.0,0.0,0.0,0.0,0.0,0.0
TS,Nagarkurnool,Peddakothapally,0.0,0.0,0.0,325.17852175924264,0.0,0.0,0.0,0.0,0.0,0.0,0.0,0.0,0.0
TS,Nagarkurnool,Tadoor,0.0,0.0,0.0,238.34669747863663,0.0,0.0,0.0,0.0,0.0,0.0,0.0,0.0,0.0
TS,Nagarkurnool,Telkapally,0.0,0.0,0.0,261.6711925889371,0.0,0.0,0.0,0.0,0.0,0.0,0.0,0.0,0.0
TS,Nagarkurnool,Thimmajipet,0.0,0.0,0.0,237.98672734235868,0.0,0.0,0.0,0.0,0.0,0.0,0.0,0.0,0.0
TS,Nagarkurnool,Uppununthala,0.0,0.0,0.0,276.4729201435071,0.0,0.0,0.0,0.0,0.0,0.0,0.0,0.0,0.0
TS,Nagarkurnool,Vangoor,0.0,0.0,0.0,403.02535999156584,0.0,0.0,0.0,0.0,0.0,0.0,0.0,0.0,0.0
TS,Nagarkurnool,Veldanda,0.0,0.0,0.0,325.1066780383421,0.0,0.0,0.0,0.0,0.0,0.0,0.0,0.0,0.0
TS,Nalgonda,Anumula,0.0,0.0,0.0,379.63817012988187,0.0,0.0,0.0,0.0,0.0,0.0,0.0,0.0,0.0
TS,Nalgonda,Chandampeta,0.0,0.0,0.0,755.8169486797423,0.0,0.0,0.0,0.0,0.0,0.0,0.0,0.0,0.0
TS,Nalgonda,Chandur,0.0,0.0,0.0,265.11533333785536,0.0,0.0,0.0,0.0,0.0,0.0,0.0,0.0,0.0
TS,Nalgonda,Chinthapally,0.0,0.0,0.0,307.7680134628089,0.0,0.0,0.0,0.0,0.0,0.0,0.0,0.0,0.0
TS,Nalgonda,Chityal,0.0,0.0,0.0,292.6713275209404,0.0,0.0,0.0,0.0,0.0,0.0,0.0,0.0,0.0
TS,Nalgonda,Dameracherla,0.0,0.0,0.0,384.88814801353686,0.0,0.0,0.0,0.0,0.0,0.0,0.0,0.0,0.0
TS,Nalgonda,Devarakonda,0.0,0.0,0.0,378.5501384246296,0.0,0.0,0.0,0.0,0.0,0.0,0.0,0.0,0.0
TS,Nalgonda,Gundlapally,0.0,0.0,0.0,298.2217906194883,0.0,0.0,0.0,0.0,0.0,0.0,0.0,0.0,0.0
TS,Nalgonda,Gurrampode,0.0,0.0,0.0,329.2395618810539,0.0,0.0,0.0,0.0,0.0,0.0,0.0,0.0,0.0
TS,Nalgonda,Kanagal,0.0,0.0,0.0,284.7114980757074,0.0,0.0,0.0,0.0,0.0,0.0,0.0,0.0,0.0
TS,Nalgonda,Kattangur,0.0,0.0,0.0,198.45761562181073,0.0,0.0,0.0,0.0,0.0,0.0,0.0,0.0,0.0
TS,Nalgonda,Kethepally,0.0,0.0,0.0,166.6659494597294,0.0,0.0,0.0,0.0,0.0,0.0,0.0,0.0,0.0
TS,Nalgonda,Marriguda,0.0,0.0,0.0,248.68713396431232,0.0,0.0,0.0,0.0,0.0,0.0,0.0,0.0,0.0
TS,Nalgonda,Miryalaguda,0.0,0.0,0.0,273.64352727294465,0.0,0.0,0.0,0.0,0.0,0.0,0.0,0.0,0.0
TS,Nalgonda,Munugode,0.0,0.0,0.0,272.40061652248306,0.0,0.0,0.0,0.0,0.0,0.0,0.0,0.0,0.0
TS,Nalgonda,Nakrekal,0.0,0.0,0.0,150.55941600654114,0.0,0.0,0.0,0.0,0.0,0.0,0.0,0.0,0.0
TS,Nalgonda,Nalgonda,0.0,0.0,0.0,317.51747224778126,0.0,0.0,0.0,0.0,0.0,0.0,0.0,0.0,0.0
TS,Nalgonda,Nampally,0.0,0.0,0.0,321.04806681871906,0.0,0.0,0.0,0.0,0.0,0.0,0.0,0.0,0.0
TS,Nalgonda,Narketpally,0.0,0.0,0.0,239.09871321539606,0.0,0.0,0.0,0.0,0.0,0.0,0.0,0.0,0.0
TS,Nalgonda,Nidmanoor,0.0,0.0,0.0,292.14833369563826,0.0,0.0,0.0,0.0,0.0,0.0,0.0,0.0,0.0
TS,Nalgonda,Pedda Adesherlapally,0.0,0.0,0.0,294.0051977654121,0.0,0.0,0.0,0.0,0.0,0.0,0.0,0.0,0.0
TS,Nalgonda,Peddavoora,0.0,0.0,0.0,472.4828756445592,0.0,0.0,0.0,0.0,0.0,0.0,0.0,0.0,0.0
TS,Nalgonda,Shaligouraram,0.0,0.0,0.0,249.16529392016324,0.0,0.0,0.0,0.0,0.0,0.0,0.0,0.0,0.0
TS,Nalgonda,Thipparthy,0.0,0.0,0.0,311.6511595860844,0.0,0.0,0.0,0.0,0.0,0.0,0.0,0.0,0.0
TS,Nalgonda,Tripuraram,0.0,0.0,0.0,197.88734091318025,0.0,0.0,0.0,0.0,0.0,0.0,0.0,0.0,0.0
TS,Nalgonda,Vemulapally,0.0,0.0,0.0,226.62383805202643,0.0,0.0,0.0,0.0,0.0,0.0,0.0,0.0,0.0
TS,Narayanpet,Damargidda,0.0,0.0,0.0,230.62880059986733,3.9810466130286195,0.0,0.0,0.0,0.0,0.0,0.0,0.0,0.0
TS,Narayanpet,Dhanwada,0.0,0.0,0.0,295.7840395372305,0.0,0.0,0.0,0.0,0.0,0.0,0.0,0.0,0.0
TS,Narayanpet,Kosgi,0.0,0.0,0.0,211.66510241292914,0.0,0.0,0.0,0.0,0.0,0.0,0.0,0.0,0.0
TS,Narayanpet,Maddur,0.0,0.0,0.0,240.7349125024033,0.0,0.0,0.0,0.0,0.0,0.0,0.0,0.0,0.0
TS,Narayanpet,Maganoor,0.0,0.0,0.0,374.5149171440581,6.155344615840744,0.0,0.0,0.0,0.0,0.0,0.0,0.0,0.0
TS,Narayanpet,Makthal,0.0,0.0,0.0,398.5867228796992,0.0,0.0,0.0,0.0,0.0,0.0,0.0,0.0,0.0
TS,Narayanpet,Narayanpet,0.0,0.0,0.0,280.47348876324753,1.1762041736411395,0.0,0.0,0.0,0.0,0.0,0.0,0.0,0.0
TS,Narayanpet,Narwa,0.0,0.0,0.0,313.58617793203007,0.0,0.0,0.0,0.0,0.0,0.0,0.0,0.0,0.0
TS,Narayanpet,Utkoor,0.0,0.0,0.0,281.7799692180474,2.9786848372647725,0.0,0.0,0.0,0.0,0.0,0.0,0.0,0.0
TS,Nirmal,Bhainsa,0.0,0.0,0.0,0.0,270.221780447608,0.0,0.0,0.0,0.0,0.0,0.0,0.0,0.0
TS,Nirmal,Dilawarpur,0.0,0.0,0.0,0.0,237.7980163606083,0.0,0.0,0.0,0.0,0.0,0.0,0.0,0.0
TS,Nirmal,Kaddam Peddur,0.0,0.0,0.0,9.974752139843025,667.6828623764467,0.0,0.0,0.0,0.0,0.0,0.0,0.0,0.0
TS,Nirmal,Khanapur,0.0,0.0,0.0,0.0,617.4161744746727,0.0,0.0,0.0,0.0,0.0,0.0,0.0,0.0
TS,Nirmal,Kubeer,0.0,0.0,0.0,0.0,330.03644239375615,0.0,0.0,0.0,0.0,0.0,0.0,0.0,0.0
TS,Nirmal,Kuntala,0.0,0.0,0.0,0.0,253.12252420075697,0.0,0.0,0.0,0.0,0.0,0.0,0.0,0.0
TS,Nirmal,Laxmanchanda,0.0,0.0,0.0,0.0,132.78658907406253,0.0,0.0,0.0,0.0,0.0,0.0,0.0,0.0
TS,Nirmal,Lokeswaram,0.0,0.0,0.0,0.0,255.6606385906507,0.0,0.0,0.0,0.0,0.0,0.0,0.0,0.0
TS,Nirmal,Mamada,0.0,0.0,0.0,0.0,323.17473455099724,0.0,0.0,0.0,0.0,0.0,0.0,0.0,0.0
TS,Nirmal,Mudhole,0.0,0.0,0.0,0.0,337.37654768934345,0.0,0.0,0.0,0.0,0.0,0.0,0.0,0.0
TS,Nirmal,Nirmal U,0.0,0.0,0.0,0.0,259.13509760096827,0.0,0.0,0.0,0.0,0.0,0.0,0.0,0.0
TS,Nirmal,Sarangapur,0.0,0.0,0.0,0.0,266.75384803640316,0.0,0.0,0.0,0.0,0.0,0.0,0.0,0.0
TS,Nirmal,Tanoor,0.0,0.0,0.0,0.0,243.68800999900208,0.0,0.0,0.0,0.0,0.0,0.0,0.0,0.0
TS,Nizamabad,Armoor,0.0,0.0,0.0,0.0,251.66750541199085,0.0,0.0,0.0,0.0,0.0,0.0,0.0,0.0
TS,Nizamabad,Balkonda,0.0,0.0,0.0,0.0,235.6187318685652,0.0,0.0,0.0,0.0,0.0,0.0,0.0,0.0
TS,Nizamabad,Bheemgal,0.0,0.0,0.0,0.0,249.06505509897192,0.0,0.0,0.0,0.0,0.0,0.0,0.0,0.0
TS,Nizamabad,Bodhan,0.0,0.0,0.0,0.0,321.22112773432633,0.0,0.0,0.0,0.0,0.0,0.0,0.0,0.0
TS,Nizamabad,Dharpally,0.0,0.0,0.0,0.0,259.28745004649755,0.0,0.0,0.0,0.0,0.0,0.0,0.0,0.0
TS,Nizamabad,Dichpally,0.0,0.0,0.0,0.0,252.14104768001312,0.0,0.0,0.0,0.0,0.0,0.0,0.0,0.0
TS,Nizamabad,Jakranpally,0.0,0.0,0.0,0.0,167.4220111165182,0.0,0.0,0.0,0.0,0.0,0.0,0.0,0.0
TS,Nizamabad,Kammarpally,0.0,0.0,0.0,13.936727297351723,307.82373483192094,0.0,0.0,0.0,0.0,0.0,0.0,0.0,0.0
TS,Nizamabad,Kotagiri,0.0,0.0,0.0,0.0,207.2095616836266,0.0,0.0,0.0,0.0,0.0,0.0,0.0,0.0
TS,Nizamabad,Makloor,0.0,0.0,0.0,0.0,212.17934979504938,0.0,0.0,0.0,0.0,0.0,0.0,0.0,0.0
TS,Nizamabad,Morthad,0.0,0.0,0.0,0.0,201.53302723000604,0.0,0.0,0.0,0.0,0.0,0.0,0.0,0.0
TS,Nizamabad,Nandipet,0.0,0.0,0.0,0.0,328.77077960276716,0.0,0.0,0.0,0.0,0.0,0.0,0.0,0.0
TS,Nizamabad,Navipet,0.0,0.0,0.0,0.0,218.20706899740583,0.0,0.0,0.0,0.0,0.0,0.0,0.0,0.0
TS,Nizamabad,Nizamabad North,0.0,0.0,0.0,0.0,433.23816053781076,0.0,0.0,0.0,0.0,0.0,0.0,0.0,0.0
TS,Nizamabad,Renjal,0.0,0.0,0.0,0.0,123.17782581250823,0.0,0.0,0.0,0.0,0.0,0.0,0.0,0.0
TS,Nizamabad,Sirikonda,0.0,0.0,0.0,0.0,412.42409051295806,0.0,0.0,0.0,0.0,0.0,0.0,0.0,0.0
TS,Nizamabad,Vailpoor,0.0,0.0,0.0,0.0,138.85635775005818,0.0,0.0,0.0,0.0,0.0,0.0,0.0,0.0
TS,Nizamabad,Varni,0.0,0.0,0.0,0.0,298.7515473038659,0.0,0.0,0.0,0.0,0.0,0.0,0.0,0.0
TS,Nizamabad,Yedapally,0.0,0.0,0.0,0.0,108.30509375801992,0.0,0.0,0.0,0.0,0.0,0.0,0.0,0.0
TS,Peddapalli,Dharmaram,0.0,0.0,0.0,235.76814340158424,0.0,0.0,0.0,0.0,0.0,0.0,0.0,0.0,0.0
TS,Peddapalli,Eligaid,0.0,0.0,0.0,86.09721097122971,0.0,0.0,0.0,0.0,0.0,0.0,0.0,0.0,0.0
TS,Peddapalli,Julapalli,0.0,0.0,0.0,104.2690030463719,0.0,0.0,0.0,0.0,0.0,0.0,0.0,0.0,0.0
TS,Peddapalli,Kamanpur,0.0,0.0,0.0,253.67900304458541,0.0,0.0,0.0,0.0,0.0,0.0,0.0,0.0,0.0
TS,Peddapalli,Manthani,0.0,0.0,0.0,318.3245587698634,0.0,0.0,0.0,0.0,0.0,0.0,0.0,0.0,0.0
TS,Peddapalli,Mutharam (Manthani),0.0,0.0,0.0,176.98788740704362,0.0,0.0,0.0,0.0,0.0,0.0,0.0,0.0,0.0
TS,Peddapalli,Odela,0.0,0.0,0.0,169.9319681186592,0.0,0.0,0.0,0.0,0.0,0.0,0.0,0.0,0.0
TS,Peddapalli,Peddapalli,0.0,0.0,0.0,292.16609155547934,0.0,0.0,0.0,0.0,0.0,0.0,0.0,0.0,0.0
TS,Peddapalli,Ramagundam,0.0,0.0,0.0,373.74972173938625,18.89975336777463,0.0,0.0,0.0,0.0,0.0,0.0,0.0,0.0
TS,Peddapalli,Srirampur,0.0,0.0,0.0,220.26089055682522,0.0,0.0,0.0,0.0,0.0,0.0,0.0,0.0,0.0
TS,Peddapalli,Sulthanabad,0.0,0.0,0.0,188.77525242219912,0.0,0.0,0.0,0.0,0.0,0.0,0.0,0.0,0.0
TS,Rajanna Sircilla,Boinpalli,0.0,0.0,0.0,153.6467019825643,0.0,0.0,0.0,0.0,0.0,0.0,0.0,0.0,0.0
TS,Rajanna Sircilla,Chandurthi,0.0,0.0,0.0,205.870455532397,1.1250193531965036,0.0,0.0,0.0,0.0,0.0,0.0,0.0,0.0
TS,Rajanna Sircilla,Gambhiraopet,0.0,0.0,0.0,119.20770335979569,58.7092680395747,0.0,0.0,0.0,0.0,0.0,0.0,0.0,0.0
TS,Rajanna Sircilla,Illanthakunta,0.0,0.0,0.0,269.16374055181745,0.0,0.0,0.0,0.0,0.0,0.0,0.0,0.0,0.0
TS,Rajanna Sircilla,Konaraopet,0.0,0.0,0.0,215.63894361157986,2.8886178577106487,0.0,0.0,0.0,0.0,0.0,0.0,0.0,0.0
TS,Rajanna Sircilla,Mustabad,0.0,0.0,0.0,193.21190642585663,0.0,0.0,0.0,0.0,0.0,0.0,0.0,0.0,0.0
TS,Rajanna Sircilla,Sircilla,0.0,0.0,0.0,274.3235994418261,0.0,0.0,0.0,0.0,0.0,0.0,0.0,0.0,0.0
TS,Rajanna Sircilla,Vemulawada,0.0,0.0,0.0,209.44972006724882,0.0,0.0,0.0,0.0,0.0,0.0,0.0,0.0,0.0
TS,Rajanna Sircilla,Yellareddipet,0.0,0.0,0.0,257.0209864446228,56.62061709301341,0.0,0.0,0.0,0.0,0.0,0.0,0.0,0.0
TS,Ranga Reddy,Amangal,0.0,0.0,0.0,313.4948291395045,0.0,0.0,0.0,0.0,0.0,0.0,0.0,0.0,0.0
TS,Ranga Reddy,Chevella,0.0,0.0,0.0,315.14725291372605,0.0,0.0,0.0,0.0,0.0,0.0,0.0,0.0,0.0
TS,Ranga Reddy,Farooqnagar,0.0,0.0,0.0,280.1966695230286,0.0,0.0,0.0,0.0,0.0,0.0,0.0,0.0,0.0
TS,Ranga Reddy,Hayathnagar,0.0,0.0,0.0,330.99516902112043,0.0,0.0,0.0,0.0,0.0,0.0,0.0,0.0,0.0
TS,Ranga Reddy,Ibrahimpatnam,0.0,0.0,0.0,301.46043611617546,0.0,0.0,0.0,0.0,0.0,0.0,0.0,0.0,0.0
TS,Ranga Reddy,Kandukur,0.0,0.0,0.0,349.11622554149716,0.0,0.0,0.0,0.0,0.0,0.0,0.0,0.0,0.0
TS,Ranga Reddy,Keshampet,0.0,0.0,0.0,278.8546220481516,0.0,0.0,0.0,0.0,0.0,0.0,0.0,0.0,0.0
TS,Ranga Reddy,Kondurg,0.0,0.0,0.0,250.38421104270319,0.0,0.0,0.0,0.0,0.0,0.0,0.0,0.0,0.0
TS,Ranga Reddy,Kothur,0.0,0.0,0.0,195.67481128413343,0.0,0.0,0.0,0.0,0.0,0.0,0.0,0.0,0.0
TS,Ranga Reddy,Madgul,0.0,0.0,0.0,288.82169772887005,0.0,0.0,0.0,0.0,0.0,0.0,0.0,0.0,0.0
TS,Ranga Reddy,Maheshwaram,0.0,0.0,0.0,314.77762173254274,0.0,0.0,0.0,0.0,0.0,0.0,0.0,0.0,0.0
TS,Ranga Reddy,Manchal,0.0,0.0,0.0,248.5493943560885,0.0,0.0,0.0,0.0,0.0,0.0,0.0,0.0,0.0
TS,Ranga Reddy,Moinabad,0.0,0.0,0.0,202.7040178905487,0.0,0.0,0.0,0.0,0.0,0.0,0.0,0.0,0.0
TS,Ranga Reddy,Rajendranagar,0.0,0.0,0.0,199.66904002072891,0.0,0.0,0.0,0.0,0.0,0.0,0.0,0.0,0.0
TS,Ranga Reddy,Saroornagar,0.0,0.0,0.0,172.3664589343087,0.0,0.0,0.0,0.0,0.0,0.0,0.0,0.0,0.0
TS,Ranga Reddy,Serilingampally,0.0,0.0,0.0,82.48918459144578,0.0,0.0,0.0,0.0,0.0,0.0,0.0,0.0,0.0
TS,Ranga Reddy,Shabad,0.0,0.0,0.0,283.6556009371713,0.0,0.0,0.0,0.0,0.0,0.0,0.0,0.0,0.0
TS,Ranga Reddy,Shamshabad,0.0,0.0,0.0,194.31794812593677,0.0,0.0,0.0,0.0,0.0,0.0,0.0,0.0,0.0
TS,Ranga Reddy,Shankarpalle,0.0,0.0,0.0,234.6235308526429,0.0,0.0,0.0,0.0,0.0,0.0,0.0,0.0,0.0
TS,Ranga Reddy,Thalakondapally,0.0,0.0,0.0,341.56224825513635,0.0,0.0,0.0,0.0,0.0,0.0,0.0,0.0,0.0
TS,Ranga Reddy,Yacharam,0.0,0.0,0.0,339.04945221770157,0.0,0.0,0.0,0.0,0.0,0.0,0.0,0.0,0.0
TS,Sangareddy,Andole,0.0,0.0,0.0,195.7855043812659,0.0,0.0,0.0,0.0,0.0,0.0,0.0,0.0,0.0
TS,Sangareddy,Hathnoora,0.0,0.0,0.0,242.9520814781633,0.0,0.0,0.0,0.0,0.0,0.0,0.0,0.0,0.0
TS,Sangareddy,Jharasangam,0.0,0.0,0.0,233.23398026819808,0.0,0.0,0.0,0.0,0.0,0.0,0.0,0.0,0.0
TS,Sangareddy,Jinnaram,0.0,0.0,0.0,236.85579346343062,0.0,0.0,0.0,0.0,0.0,0.0,0.0,0.0,0.0
TS,Sangareddy,Kalher,0.0,0.0,0.0,217.71236180977743,22.722855847361384,0.0,0.0,0.0,0.0,0.0,0.0,0.0,0.0
TS,Sangareddy,Kangti,0.0,0.0,0.0,293.91476387893107,9.28174584593026,0.0,0.0,0.0,0.0,0.0,0.0,0.0,0.0
TS,Sangareddy,Kohir,0.0,0.0,0.0,237.5954980807557,1.2935712697532185,0.0,0.0,0.0,0.0,0.0,0.0,0.0,0.0
TS,Sangareddy,Kondapur,0.0,0.0,0.0,168.11980090191005,0.0,0.0,0.0,0.0,0.0,0.0,0.0,0.0,0.0
TS,Sangareddy,Manoor,0.0,0.0,0.0,321.1152964946488,7.161367222959729,0.0,0.0,0.0,0.0,0.0,0.0,0.0,0.0
TS,Sangareddy,Munipally,0.0,0.0,0.0,257.2104686767313,0.0,0.0,0.0,0.0,0.0,0.0,0.0,0.0,0.0
TS,Sangareddy,Narayankhed,0.0,0.0,0.0,230.5008983742955,0.0,0.0,0.0,0.0,0.0,0.0,0.0,0.0,0.0
TS,Sangareddy,Nyalkal,0.0,0.0,0.0,289.7719435364903,3.1014852187612214,0.0,0.0,0.0,0.0,0.0,0.0,0.0,0.0
TS,Sangareddy,Patancheru,0.0,0.0,0.0,246.6505168044628,0.0,0.0,0.0,0.0,0.0,0.0,0.0,0.0,0.0
TS,Sangareddy,Pulkal,0.0,0.0,0.0,277.7877773062342,0.0,0.0,0.0,0.0,0.0,0.0,0.0,0.0,0.0
TS,Sangareddy,Raikode,0.0,0.0,0.0,240.71522086873253,0.0,0.0,0.0,0.0,0.0,0.0,0.0,0.0,0.0
TS,Sangareddy,Ramchandrapuram,0.0,0.0,0.0,87.77836525944787,0.0,0.0,0.0,0.0,0.0,0.0,0.0,0.0,0.0
TS,Sangareddy,Sadasivpet,0.0,0.0,0.0,279.8084670649875,0.0,0.0,0.0,0.0,0.0,0.0,0.0,0.0,0.0
TS,Sangareddy,Sangareddy,0.0,0.0,0.0,239.63192389225512,0.0,0.0,0.0,0.0,0.0,0.0,0.0,0.0,0.0
TS,Sangareddy,Zahirabad,0.0,0.0,0.0,452.68791598285003,2.576817357383492,0.0,0.0,0.0,0.0,0.0,0.0,0.0,0.0
TS,Siddipet,Bejjanki,0.0,0.0,0.0,311.0953331328141,0.0,0.0,0.0,0.0,0.0,0.0,0.0,0.0,0.0
TS,Siddipet,Cherial,0.0,0.0,0.0,306.6404299032596,0.0,0.0,0.0,0.0,0.0,0.0,0.0,0.0,0.0
TS,Siddipet,Chinnakodur,0.0,0.0,0.0,284.95975319172885,0.0,0.0,0.0,0.0,0.0,0.0,0.0,0.0,0.0
TS,Siddipet,Doultabad,0.0,0.0,0.0,229.4384126540542,0.0,0.0,0.0,0.0,0.0,0.0,0.0,0.0,0.0
TS,Siddipet,Dubbak,0.0,0.0,0.0,268.42547258867063,0.0,0.0,0.0,0.0,0.0,0.0,0.0,0.0,0.0
TS,Siddipet,Gajwel,0.0,0.0,0.0,209.58814369312148,0.0,0.0,0.0,0.0,0.0,0.0,0.0,0.0,0.0
TS,Siddipet,Husnabad,0.0,0.0,0.0,319.1893985882806,0.0,0.0,0.0,0.0,0.0,0.0,0.0,0.0,0.0
TS,Siddipet,Jagdevpur,0.0,0.0,0.0,241.1163488734158,0.0,0.0,0.0,0.0,0.0,0.0,0.0,0.0,0.0
TS,Siddipet,Koheda,0.0,0.0,0.0,238.01018683532328,0.0,0.0,0.0,0.0,0.0,0.0,0.0,0.0,0.0
TS,Siddipet,Kondapak,0.0,0.0,0.0,242.24808471393044,0.0,0.0,0.0,0.0,0.0,0.0,0.0,0.0,0.0
TS,Siddipet,Maddur,0.0,0.0,0.0,200.85583511362,0.0,0.0,0.0,0.0,0.0,0.0,0.0,0.0,0.0
TS,Siddipet,Mirdoddi,0.0,0.0,0.0,195.03725225850556,0.0,0.0,0.0,0.0,0.0,0.0,0.0,0.0,0.0
TS,Siddipet,Mulug,0.0,0.0,0.0,227.70406508351388,0.0,0.0,0.0,0.0,0.0,0.0,0.0,0.0,0.0
TS,Siddipet,Nangnoor,0.0,0.0,0.0,205.77563142093925,0.0,0.0,0.0,0.0,0.0,0.0,0.0,0.0,0.0
TS,Siddipet,Siddipet Urban,0.0,0.0,0.0,289.36358078899025,0.0,0.0,0.0,0.0,0.0,0.0,0.0,0.0,0.0
TS,Siddipet,Thoguta,0.0,0.0,0.0,196.52308464495854,0.0,0.0,0.0,0.0,0.0,0.0,0.0,0.0,0.0
TS,Siddipet,Wargal,0.0,0.0,0.0,217.70808762379949,0.0,0.0,0.0,0.0,0.0,0.0,0.0,0.0,0.0
TS,Suryapet,Atmakur (S),0.0,0.0,0.0,231.12035386458317,0.0,0.0,0.0,0.0,0.0,0.0,0.0,0.0,0.0
TS,Suryapet,Chilkur,0.0,0.0,0.0,138.8484368853251,0.0,0.0,0.0,0.0,0.0,0.0,0.0,0.0,0.0
TS,Suryapet,Chivemla,0.0,0.0,0.0,171.0848892695024,0.0,0.0,0.0,0.0,0.0,0.0,0.0,0.0,0.0
TS,Suryapet,Garidepally,0.0,0.0,0.0,242.30553694196786,0.0,0.0,0.0,0.0,0.0,0.0,0.0,0.0,0.0
TS,Suryapet,Huzurnagar,0.0,0.0,0.0,137.29660621539443,0.0,0.0,0.0,0.0,0.0,0.0,0.0,0.0,0.0
TS,Suryapet,Jajireddygudem,0.0,0.0,0.0,210.2441208043644,0.0,0.0,0.0,0.0,0.0,0.0,0.0,0.0,0.0
TS,Suryapet,Kodad,0.0,0.0,0.0,248.45855457426768,0.0,0.0,0.0,0.0,0.0,0.0,0.0,0.0,0.0
TS,Suryapet,Mattampally,0.0,0.0,0.0,243.6116790335803,0.0,0.0,0.0,0.0,0.0,0.0,0.0,0.0,0.0
TS,Suryapet,Mellachervu,0.0,0.0,0.0,374.98532477717004,0.0,0.0,0.0,0.0,0.0,0.0,0.0,0.0,0.0
TS,Suryapet,Mothey,0.0,0.0,0.0,206.9300327870738,0.0,0.0,0.0,0.0,0.0,0.0,0.0,0.0,0.0
TS,Suryapet,Munagala,0.0,0.0,0.0,162.31333071696758,0.0,0.0,0.0,0.0,0.0,0.0,0.0,0.0,0.0
TS,Suryapet,Nadigudem,0.0,0.0,0.0,180.52107318279863,0.0,0.0,0.0,0.0,0.0,0.0,0.0,0.0,0.0
TS,Suryapet,Nereducherla,0.0,0.0,0.0,284.1906367261941,0.0,0.0,0.0,0.0,0.0,0.0,0.0,0.0,0.0
TS,Suryapet,Nuthanakal,0.0,0.0,0.0,248.73884643894192,0.0,0.0,0.0,0.0,0.0,0.0,0.0,0.0,0.0
TS,Suryapet,Penpahad,0.0,0.0,0.0,197.11653648548696,0.0,0.0,0.0,0.0,0.0,0.0,0.0,0.0,0.0
TS,Suryapet,Suryapet,0.0,0.0,0.0,230.07980335683922,0.0,0.0,0.0,0.0,0.0,0.0,0.0,0.0,0.0
TS,Suryapet,Thirumalagiri,0.0,0.0,0.0,194.46430822325587,0.0,0.0,0.0,0.0,0.0,0.0,0.0,0.0,0.0
TS,Suryapet,Thungaturthy,0.0,0.0,0.0,250.97298308528192,0.0,0.0,0.0,0.0,0.0,0.0,0.0,0.0,0.0
TS,Vikarabad,Bantwaram,0.0,0.0,0.0,194.0804751449951,0.3956513406396146,0.0,0.0,0.0,0.0,0.0,0.0,0.0,0.0
TS,Vikarabad,Basheerabad,0.0,0.0,0.0,231.0280333941115,3.503748201096841,0.0,0.0,0.0,0.0,0.0,0.0,0.0,0.0
TS,Vikarabad,Bomaraspeta,0.0,0.0,0.0,250.21357534840865,0.0,0.0,0.0,0.0,0.0,0.0,0.0,0.0,0.0
TS,Vikarabad,Dharur,0.0,0.0,0.0,239.37079998232775,0.0,0.0,0.0,0.0,0.0,0.0,0.0,0.0,0.0
TS,Vikarabad,Doma,0.0,0.0,0.0,187.01757993888594,0.0,0.0,0.0,0.0,0.0,0.0,0.0,0.0,0.0
TS,Vikarabad,Doulathabad,0.0,0.0,0.0,220.20748179040783,1.7493796360379932,0.0,0.0,0.0,0.0,0.0,0.0,0.0,0.0
TS,Vikarabad,Kodangal,0.0,0.0,0.0,261.7163892441278,1.2547318884410923,0.0,0.0,0.0,0.0,0.0,0.0,0.0,0.0
TS,Vikarabad,Kulkacharla,0.0,0.0,0.0,299.4174574054941,0.0,0.0,0.0,0.0,0.0,0.0,0.0,0.0,0.0
TS,Vikarabad,Marpalle,0.0,0.0,0.0,248.95076211426914,0.1117881518300776,0.0,0.0,0.0,0.0,0.0,0.0,0.0,0.0
TS,Vikarabad,Mominpet,0.0,0.0,0.0,228.5139585197776,0.0,0.0,0.0,0.0,0.0,0.0,0.0,0.0,0.0
TS,Vikarabad,Nawabpet,0.0,0.0,0.0,170.53625748182333,0.0,0.0,0.0,0.0,0.0,0.0,0.0,0.0,0.0
TS,Vikarabad,Pargi,0.0,0.0,0.0,239.67259327278379,0.0,0.0,0.0,0.0,0.0,0.0,0.0,0.0,0.0
TS,Vikarabad,Peddemul,0.0,0.0,0.0,308.3617446953691,0.7403574422366446,0.0,0.0,0.0,0.0,0.0,0.0,0.0,0.0
TS,Vikarabad,Pudur,0.0,0.0,0.0,260.10677147575194,0.0,0.0,0.0,0.0,0.0,0.0,0.0,0.0,0.0
TS,Vikarabad,Tandur,0.0,0.0,0.0,248.96531649467101,2.7148459309365327,0.0,0.0,0.0,0.0,0.0,0.0,0.0,0.0
TS,Vikarabad,Vikarabad,0.0,0.0,0.0,263.7718751462352,0.0,0.0,0.0,0.0,0.0,0.0,0.0,0.0,0.0
TS,Vikarabad,Yelal,0.0,0.0,0.0,220.75771991153005,0.0,0.0,0.0,0.0,0.0,0.0,0.0,0.0,0.0
TS,Wanaparthy,Atmakur,0.0,0.0,0.0,237.15964358217093,0.0,0.0,0.0,0.0,0.0,0.0,0.0,0.0,0.0
TS,Wanaparthy,Ghanpur,0.0,0.0,0.0,206.9849307739518,0.0,0.0,0.0,0.0,0.0,0.0,0.0,0.0,0.0
TS,Wanaparthy,Gopalpeta,0.0,0.0,0.0,293.9910641528127,0.0,0.0,0.0,0.0,0.0,0.0,0.0,0.0,0.0
TS,Wanaparthy,Kothakota,0.0,0.0,0.0,277.12751759225597,0.0,0.0,0.0,0.0,0.0,0.0,0.0,0.0,0.0
TS,Wanaparthy,Pangal,0.0,0.0,0.0,293.5722935599143,0.0,0.0,0.0,0.0,0.0,0.0,0.0,0.0,0.0
TS,Wanaparthy,Pebbair,0.0,0.0,0.0,287.23069437430615,0.0,0.0,0.0,0.0,0.0,0.0,0.0,0.0,0.0
TS,Wanaparthy,Peddamandadi,0.0,0.0,0.0,213.1713241752813,0.0,0.0,0.0,0.0,0.0,0.0,0.0,0.0,0.0
TS,Wanaparthy,Wanaparthy,0.0,0.0,0.0,220.62832711660545,0.0,0.0,0.0,0.0,0.0,0.0,0.0,0.0,0.0
TS,Wanaparthy,Weepangandla,0.0,0.0,0.0,351.29819372523605,0.0,0.0,0.0,0.0,0.0,0.0,0.0,0.0,0.0
TS,Warangal Rural,Athmakur,0.0,0.0,0.0,202.51233271111604,0.0,0.0,0.0,0.0,0.0,0.0,0.0,0.0,0.0
TS,Warangal Rural,Chennaraopet,0.0,0.0,0.0,152.87099430216986,0.0,0.0,0.0,0.0,0.0,0.0,0.0,0.0,0.0
TS,Warangal Rural,Duggondi,0.0,0.0,0.0,139.40826416667386,0.0,0.0,0.0,0.0,0.0,0.0,0.0,0.0,0.0
TS,Warangal Rural,Geesugonda,0.0,0.0,0.0,145.94321556040404,0.0,0.0,0.0,0.0,0.0,0.0,0.0,0.0,0.0
TS,Warangal Rural,Khanapur,0.0,0.0,0.0,88.87329886339927,0.0,0.0,0.0,0.0,0.0,0.0,0.0,0.0,0.0
TS,Warangal Rural,Nallabelli,0.0,0.0,0.0,150.51869844579412,0.0,0.0,0.0,0.0,0.0,0.0,0.0,0.0,0.0
TS,Warangal Rural,Narsampet,0.0,0.0,0.0,118.95317815727354,0.0,0.0,0.0,0.0,0.0,0.0,0.0,0.0,0.0
TS,Warangal Rural,Nekkonda,0.0,0.0,0.0,169.8691418643756,0.0,0.0,0.0,0.0,0.0,0.0,0.0,0.0,0.0
TS,Warangal Rural,Parkal,0.0,0.0,0.0,194.92189681283776,0.0,0.0,0.0,0.0,0.0,0.0,0.0,0.0,0.0
TS,Warangal Rural,Parvathagiri,0.0,0.0,0.0,182.7963883767774,0.0,0.0,0.0,0.0,0.0,0.0,0.0,0.0,0.0
TS,Warangal Rural,Rayaparthy,0.0,0.0,0.0,237.4603416235996,0.0,0.0,0.0,0.0,0.0,0.0,0.0,0.0,0.0
TS,Warangal Rural,Sangem,0.0,0.0,0.0,173.9116054575569,0.0,0.0,0.0,0.0,0.0,0.0,0.0,0.0,0.0
TS,Warangal Rural,Shayampet,0.0,0.0,0.0,124.93119113568906,0.0,0.0,0.0,0.0,0.0,0.0,0.0,0.0,0.0
TS,Warangal Rural,Wardhannapet,0.0,0.0,0.0,280.6630308317298,0.0,0.0,0.0,0.0,0.0,0.0,0.0,0.0,0.0
TS,Warangal Urban,Bheemadevarpalli,0.0,0.0,0.0,208.86863671617874,0.0,0.0,0.0,0.0,0.0,0.0,0.0,0.0,0.0
TS,Warangal Urban,Dharmasagar,0.0,0.0,0.0,331.26467899068774,0.0,0.0,0.0,0.0,0.0,0.0,0.0,0.0,0.0
TS,Warangal Urban,Elkathurthy,0.0,0.0,0.0,161.2827612468158,0.0,0.0,0.0,0.0,0.0,0.0,0.0,0.0,0.0
TS,Warangal Urban,Hanamkonda,0.0,0.0,0.0,216.1506106445722,0.0,0.0,0.0,0.0,0.0,0.0,0.0,0.0,0.0
TS,Warangal Urban,Hasanparthy,0.0,0.0,0.0,166.16786710030678,0.0,0.0,0.0,0.0,0.0,0.0,0.0,0.0,0.0
TS,Warangal Urban,Kamalapur,0.0,0.0,0.0,177.02625117287843,0.0,0.0,0.0,0.0,0.0,0.0,0.0,0.0,0.0
TS,Warangal Urban,Warangal,0.0,0.0,0.0,36.981691888072795,0.0,0.0,0.0,0.0,0.0,0.0,0.0,0.0,0.0
TS,Yadadri Bhuvanagiri,Alair,0.0,0.0,0.0,207.84795771690347,0.0,0.0,0.0,0.0,0.0,0.0,0.0,0.0,0.0
TS,Yadadri Bhuvanagiri,Atmakur (M),0.0,0.0,0.0,253.09886955341008,0.0,0.0,0.0,0.0,0.0,0.0,0.0,0.0,0.0
TS,Yadadri Bhuvanagiri,B Pochampally,0.0,0.0,0.0,209.43362081944656,0.0,0.0,0.0,0.0,0.0,0.0,0.0,0.0,0.0
TS,Yadadri Bhuvanagiri,Bhongir,0.0,0.0,0.0,297.53510270614834,0.0,0.0,0.0,0.0,0.0,0.0,0.0,0.0,0.0
TS,Yadadri Bhuvanagiri,Bibinagar,0.0,0.0,0.0,208.76517123824638,0.0,0.0,0.0,0.0,0.0,0.0,0.0,0.0,0.0
TS,Yadadri Bhuvanagiri,Bommalaramaram,0.0,0.0,0.0,189.15303088843507,0.0,0.0,0.0,0.0,0.0,0.0,0.0,0.0,0.0
TS,Yadadri Bhuvanagiri,Choutuppal,0.0,0.0,0.0,281.8077887494985,0.0,0.0,0.0,0.0,0.0,0.0,0.0,0.0,0.0
TS,Yadadri Bhuvanagiri,Gundala,0.0,0.0,0.0,232.54776815558847,0.0,0.0,0.0,0.0,0.0,0.0,0.0,0.0,0.0
TS,Yadadri Bhuvanagiri,Mothkur,0.0,0.0,0.0,322.58013936257714,0.0,0.0,0.0,0.0,0.0,0.0,0.0,0.0,0.0
TS,Yadadri Bhuvanagiri,Narayanpur,0.0,0.0,0.0,252.6563640075688,0.0,0.0,0.0,0.0,0.0,0.0,0.0,0.0,0.0
TS,Yadadri Bhuvanagiri,Rajapeta,0.0,0.0,0.0,209.9016927184928,0.0,0.0,0.0,0.0,0.0,0.0,0.0,0.0,0.0
TS,Yadadri Bhuvanagiri,Ramannapet,0.0,0.0,0.0,271.0419859325153,0.0,0.0,0.0,0.0,0.0,0.0,0.0,0.0,0.0
TS,Yadadri Bhuvanagiri,Thurkapally,0.0,0.0,0.0,216.0809087315482,0.0,0.0,0.0,0.0,0.0,0.0,0.0,0.0,0.0
TS,Yadadri Bhuvanagiri,Valigonda,0.0,0.0,0.0,306.98526589916486,0.0,0.0,0.0,0.0,0.0,0.0,0.0,0.0,0.0
TS,Yadadri Bhuvanagiri,Yadagirigutta,0.0,0.0,0.0,288.98019218609073,0.0,0.0,0.0,0.0,0.0,0.0,0.0,0.0,0.0
WB,24 Paraganas North,Amdanga,164.4331932152631,0.0,0.0,0.0,0.0,0.0,0.0,0.0,0.0,0.0,0.0,0.0,0.0
WB,24 Paraganas North,Baduria,246.77805548310005,0.0,0.0,0.0,0.0,0.0,0.0,0.0,0.0,0.0,0.0,0.0,0.0
WB,24 Paraganas North,Bagda,269.53474019295226,0.0,0.0,0.0,0.0,0.0,0.0,0.0,0.0,0.0,0.0,0.0,0.0
WB,24 Paraganas North,Barasat - I,183.43213173175795,0.0,0.0,0.0,0.0,0.0,0.0,0.0,0.0,0.0,0.0,0.0,0.0
WB,24 Paraganas North,Barasat - II,136.80290784349035,0.0,0.0,0.0,0.0,0.0,0.0,0.0,0.0,0.0,0.0,0.0,0.0
WB,24 Paraganas North,Barrackpur - I,192.57863125772656,0.0,0.0,0.0,0.0,0.0,0.0,0.0,0.0,0.0,0.0,0.0,0.0
WB,24 Paraganas North,Barrackpur - II,181.65161514174167,0.0,0.0,0.0,0.0,0.0,0.0,0.0,0.0,0.0,0.0,0.0,0.0
WB,24 Paraganas North,Basirhat - I,149.28031060337025,0.0,0.0,0.0,0.0,0.0,0.0,0.0,0.0,0.0,0.0,0.0,0.0
WB,24 Paraganas North,Basirhat - II,157.80036639531062,0.0,0.0,0.0,0.0,0.0,0.0,0.0,0.0,0.0,0.0,0.0,0.0
WB,24 Paraganas North,Bongaon,416.7022517320762,0.0,0.0,0.0,0.0,0.0,0.0,0.0,0.0,0.0,0.0,0.0,0.0
WB,24 Paraganas North,Deganga,237.86306947691392,0.0,0.0,0.0,0.0,0.0,0.0,0.0,0.0,0.0,0.0,0.0,0.0
WB,24 Paraganas North,Gaighata,288.9180250001631,0.0,0.0,0.0,0.0,0.0,0.0,0.0,0.0,0.0,0.0,0.0,0.0
WB,24 Paraganas North,Habra - I,203.24073286278647,0.0,0.0,0.0,0.0,0.0,0.0,0.0,0.0,0.0,0.0,0.0,0.0
WB,24 Paraganas North,Habra - II,132.7572911785332,0.0,0.0,0.0,0.0,0.0,0.0,0.0,0.0,0.0,0.0,0.0,0.0
WB,24 Paraganas North,Haroa,181.50951285814097,0.0,0.0,0.0,0.0,0.0,0.0,0.0,0.0,0.0,0.0,0.0,0.0
WB,24 Paraganas North,Hasnabad,180.83364755890753,0.0,0.0,0.0,0.0,0.0,0.0,0.0,0.0,0.0,0.0,0.0,0.0
WB,24 Paraganas North,Hingalganj,278.90590931263216,0.0,0.0,0.0,0.0,0.0,0.0,0.0,0.0,0.0,0.0,0.0,0.0
WB,24 Paraganas North,Minakhan,184.81426265086708,0.0,0.0,0.0,0.0,0.0,0.0,0.0,0.0,0.0,0.0,0.0,0.0
WB,24 Paraganas North,Rajarhat,153.87454191587673,0.0,0.0,0.0,0.0,0.0,0.0,0.0,0.0,0.0,0.0,0.0,0.0
WB,24 Paraganas North,Sandeshkhali - I,201.3525960037666,0.0,0.0,0.0,0.0,0.0,0.0,0.0,0.0,0.0,0.0,0.0,0.0
WB,24 Paraganas North,Sandeshkhali - II,200.4479542666727,0.0,0.0,0.0,0.0,0.0,0.0,0.0,0.0,0.0,0.0,0.0,0.0
WB,24 Paraganas North,Swarupnagar,254.77011765735074,0.0,0.0,0.0,0.0,0.0,0.0,0.0,0.0,0.0,0.0,0.0,0.0
WB,24 Paraganas South,Baruipur,261.37545970170373,0.0,0.0,0.0,0.0,0.0,0.0,0.0,0.0,0.0,0.0,0.0,0.0
WB,24 Paraganas South,Basanti,462.9623006785013,0.0,0.0,0.0,0.0,0.0,0.0,0.0,0.0,0.0,0.0,0.0,0.0
WB,24 Paraganas South,Bhangar - I,189.4327098719473,0.0,0.0,0.0,0.0,0.0,0.0,0.0,0.0,0.0,0.0,0.0,0.0
WB,24 Paraganas South,Bhangar - II,161.7432011793958,0.0,0.0,0.0,0.0,0.0,0.0,0.0,0.0,0.0,0.0,0.0,0.0
WB,24 Paraganas South,Bishnupur - I,135.3398361344472,0.0,0.0,0.0,0.0,0.0,0.0,0.0,0.0,0.0,0.0,0.0,0.0
WB,24 Paraganas South,Bishnupur - II,101.24364780755941,0.0,0.0,0.0,0.0,0.0,0.0,0.0,0.0,0.0,0.0,0.0,0.0
WB,24 Paraganas South,Budge Budge - I,57.63790039369368,0.0,0.0,0.0,0.0,0.0,0.0,0.0,0.0,0.0,0.0,0.0,0.0
WB,24 Paraganas South,Budge Budge - II,93.80520867532404,0.0,0.0,0.0,0.0,0.0,0.0,0.0,0.0,0.0,0.0,0.0,0.0
WB,24 Paraganas South,Canning - I,223.31307271242358,0.0,0.0,0.0,0.0,0.0,0.0,0.0,0.0,0.0,0.0,0.0,0.0
WB,24 Paraganas South,Canning - II,262.32979373548767,0.0,0.0,0.0,0.0,0.0,0.0,0.0,0.0,0.0,0.0,0.0,0.0
WB,24 Paraganas South,Diamond Harbour - I,95.9962073988064,0.0,0.0,0.0,0.0,0.0,0.0,0.0,0.0,0.0,0.0,0.0,0.0
WB,24 Paraganas South,Diamond Harbour - II,113.27645751371297,0.0,0.0,0.0,0.0,0.0,0.0,0.0,0.0,0.0,0.0,0.0,0.0
WB,24 Paraganas South,Falta,151.53323269737461,0.0,0.0,0.0,0.0,0.0,0.0,0.0,0.0,0.0,0.0,0.0,0.0
WB,24 Paraganas South,Gosaba,2229.5548370747974,0.0,0.0,0.0,0.0,0.0,0.0,0.0,0.0,0.0,0.0,0.0,0.0
WB,24 Paraganas South,Jaynagar - I,149.62559151082294,0.0,0.0,0.0,0.0,0.0,0.0,0.0,0.0,0.0,0.0,0.0,0.0
WB,24 Paraganas South,Jaynagar - II,215.05566305218275,0.0,0.0,0.0,0.0,0.0,0.0,0.0,0.0,0.0,0.0,0.0,0.0
WB,24 Paraganas South,Kakdwip,270.5054712084207,0.0,0.0,0.0,0.0,0.0,0.0,0.0,0.0,0.0,0.0,0.0,0.0
WB,24 Paraganas South,Kulpi,231.51886880963903,0.0,0.0,0.0,0.0,0.0,0.0,0.0,0.0,0.0,0.0,0.0,0.0
WB,24 Paraganas South,Kultali,710.7690122624261,0.0,0.0,0.0,0.0,0.0,0.0,0.0,0.0,0.0,0.0,0.0,0.0
WB,24 Paraganas South,Magrahat - I,138.30817737233835,0.0,0.0,0.0,0.0,0.0,0.0,0.0,0.0,0.0,0.0,0.0,0.0
WB,24 Paraganas South,Magrahat - II,164.96029921706142,0.0,0.0,0.0,0.0,0.0,0.0,0.0,0.0,0.0,0.0,0.0,0.0
WB,24 Paraganas South,Mandirbazar,137.99525538342309,0.0,0.0,0.0,0.0,0.0,0.0,0.0,0.0,0.0,0.0,0.0,0.0
WB,24 Paraganas South,Mathurapur - I,175.49044892020092,0.0,0.0,0.0,0.0,0.0,0.0,0.0,0.0,0.0,0.0,0.0,0.0
WB,24 Paraganas South,Mathurapur - II,263.69604521632886,0.0,0.0,0.0,0.0,0.0,0.0,0.0,0.0,0.0,0.0,0.0,0.0
WB,24 Paraganas South,Namkhana,346.5540036877357,0.0,0.0,0.0,0.0,0.0,0.0,0.0,0.0,0.0,0.0,0.0,0.0
WB,24 Paraganas South,Patharpratima,545.2340881019912,0.0,0.0,0.0,0.0,0.0,0.0,0.0,0.0,0.0,0.0,0.0,0.0
WB,24 Paraganas South,Sagar,354.57081037481936,0.0,0.0,0.0,0.0,0.0,0.0,0.0,0.0,0.0,0.0,0.0,0.0
WB,24 Paraganas South,Sonarpur,199.04903344614922,0.0,0.0,0.0,0.0,0.0,0.0,0.0,0.0,0.0,0.0,0.0,0.0
WB,24 Paraganas South,Thakurpukur Mahestola,112.56950101284394,0.0,0.0,0.0,0.0,0.0,0.0,0.0,0.0,0.0,0.0,0.0,0.0
WB,Alipurduar,Alipurduar - I,24.016931580345403,0.0,0.0,0.0,0.0,0.0,0.0,440.3494143200359,0.0,0.0,0.0,0.0,0.0
WB,Alipurduar,Alipurduar - II,18.59829022068604,0.0,0.0,0.0,0.0,0.0,0.0,384.7621685371084,0.0,0.0,0.0,0.0,0.0
WB,Alipurduar,Falakata,21.071725703734455,0.0,0.0,0.0,0.0,0.0,0.0,375.28363893405077,0.0,0.0,0.0,0.0,0.0
WB,Alipurduar,Kalchini,0.0,0.0,0.0,0.0,0.0,0.0,0.0,1125.1233870190392,0.0,0.0,0.0,0.0,0.0
WB,Alipurduar,Kumargram,16.12184504645076,0.0,0.0,0.0,0.0,0.0,0.0,599.5467870108425,0.0,0.0,0.0,0.0,0.0
WB,Alipurduar,Madarihat,0.0,0.0,0.0,0.0,0.0,0.0,0.0,501.1403307095482,0.0,0.0,0.0,0.0,0.0
WB,Bankura,Bankura - I,0.0,0.0,0.0,0.0,0.0,0.0,0.0,0.0,0.0,0.0,223.64489494385464,0.0,0.0
WB,Bankura,Bankura - II,18.58076753937786,0.0,0.0,0.0,0.0,0.0,0.0,0.0,0.0,0.0,243.97179070717408,0.0,0.0
WB,Bankura,Barjora,290.9549226379879,0.0,0.0,0.0,0.0,0.0,0.0,0.0,0.0,0.0,175.505548487974,0.0,0.0
WB,Bankura,Chhatna,0.0,0.0,0.0,0.0,0.0,0.0,0.0,0.0,0.0,0.0,536.8230596640401,0.0,0.0
WB,Bankura,Gangajalghati,0.0,0.0,0.0,0.0,0.0,0.0,0.0,0.0,0.0,0.0,450.8579999028718,0.0,0.0
WB,Bankura,Hirbandh,0.0,0.0,0.0,0.0,0.0,0.0,0.0,0.0,0.0,0.0,240.17075170160317,0.0,0.0
WB,Bankura,Indpur,0.0,0.0,0.0,0.0,0.0,0.0,0.0,0.0,0.0,0.0,360.1633746003581,0.0,0.0
WB,Bankura,Indus,307.03602096787944,0.0,0.0,0.0,0.0,0.0,0.0,0.0,0.0,0.0,0.0,0.0,0.0
WB,Bankura,Jaypur,314.8229262012781,0.0,0.0,0.0,0.0,0.0,0.0,0.0,0.0,0.0,0.0,0.0,0.0
WB,Bankura,Khatra,0.0,0.0,0.0,0.0,0.0,0.0,0.0,0.0,0.0,0.0,274.37208878699505,0.0,0.0
WB,Bankura,Kotulpur,293.95287692455554,0.0,0.0,0.0,0.0,0.0,0.0,0.0,0.0,0.0,0.0,0.0,0.0
WB,Bankura,Mejhia,0.0,0.0,0.0,0.0,0.0,0.0,0.0,0.0,0.0,0.0,196.9817049811136,0.0,0.0
WB,Bankura,Onda,312.62728723994525,0.0,0.0,0.0,0.0,0.0,0.0,0.0,0.0,0.0,286.1218995039612,0.0,0.0
WB,Bankura,Patrasayer,380.5046034205107,0.0,0.0,0.0,0.0,0.0,0.0,0.0,0.0,0.0,0.0,0.0,0.0
WB,Bankura,Raipur,0.0,0.0,0.0,0.0,0.0,0.0,0.0,0.0,0.0,0.0,432.9790639346108,0.0,0.0
WB,Bankura,Ranibundh,0.0,0.0,0.0,0.0,0.0,0.0,0.0,0.0,0.0,0.0,510.60437179994045,0.0,0.0
WB,Bankura,Saltora,0.0,0.0,0.0,0.0,0.0,0.0,0.0,0.0,0.0,0.0,378.4398927194026,0.0,0.0
WB,Bankura,Sarenga,0.0,0.0,0.0,0.0,0.0,0.0,0.0,0.0,0.0,0.0,265.6759049107174,0.0,0.0
WB,Bankura,Simlapal,65.6248058411115,0.0,0.0,0.0,0.0,0.0,0.0,0.0,0.0,0.0,298.6907786765369,0.0,0.0
WB,Bankura,Sonamukhi,459.20314030744584,0.0,0.0,0.0,0.0,0.0,0.0,0.0,0.0,0.0,0.0,0.0,0.0
WB,Bankura,Taldangra,189.4736397386381,0.0,0.0,0.0,0.0,0.0,0.0,0.0,0.0,0.0,225.2738772764829,0.0,0.0
WB,Bankura,Vishnupur,452.5505234601785,0.0,0.0,0.0,0.0,0.0,0.0,0.0,0.0,0.0,0.0,0.0,0.0
WB,Birbhum,Bolpur Sriniketan,397.0347096001548,0.0,0.0,0.0,0.0,0.0,0.0,0.0,0.0,0.0,0.0,0.0,0.0
WB,Birbhum,Dubrajpur,39.02758643187656,0.0,0.0,0.0,0.0,0.0,0.0,0.0,0.0,0.0,398.17550380080684,0.0,0.0
WB,Birbhum,Illambazar,307.692952200007,0.0,0.0,0.0,0.0,0.0,0.0,0.0,0.0,0.0,6.283675284818473,0.0,0.0
WB,Birbhum,Khoyrasol,0.0,0.0,0.0,0.0,0.0,0.0,0.0,0.0,0.0,0.0,327.13993252214306,0.0,0.0
WB,Birbhum,Labpur,323.4199533190017,0.0,0.0,0.0,0.0,0.0,0.0,0.0,0.0,0.0,0.0,0.0,0.0
WB,Birbhum,Mayureswar - I,272.8008808804278,0.0,0.0,0.0,0.0,0.0,0.0,0.0,0.0,0.0,0.0,0.0,0.0
WB,Birbhum,Mayureswar - II,187.8764173518147,0.0,0.0,0.0,0.0,0.0,0.0,0.0,0.0,0.0,0.0,0.0,0.0
WB,Birbhum,Mohammad Bazar,20.003957704029627,0.0,0.0,0.0,0.0,0.0,0.0,0.0,0.0,0.0,359.591099365619,0.0,0.0
WB,Birbhum,Murarai - I,200.86381240868528,0.0,0.0,0.0,0.0,0.0,0.0,0.0,0.0,0.0,8.910483704969254,0.0,0.0
WB,Birbhum,Murarai - II,228.00429567312202,0.0,0.0,0.0,0.0,0.0,0.0,0.0,0.0,0.0,0.0,0.0,0.0
WB,Birbhum,Nalhati - I,289.120936543344,0.0,0.0,0.0,0.0,0.0,0.0,0.0,0.0,0.0,6.071179808405665,0.0,0.0
WB,Birbhum,Nalhati - II,133.41129867927967,0.0,0.0,0.0,0.0,0.0,0.0,0.0,0.0,0.0,0.0,0.0,0.0
WB,Birbhum,Nanoor,381.8388611096791,0.0,0.0,0.0,0.0,0.0,0.0,0.0,0.0,0.0,0.0,0.0,0.0
WB,Birbhum,Rajnagar,0.0,0.0,0.0,0.0,0.0,0.0,0.0,0.0,0.0,0.0,266.1852494044598,0.0,0.0
WB,Birbhum,Rampurhat - I,289.80694497052946,0.0,0.0,0.0,0.0,0.0,0.0,0.0,0.0,0.0,61.24287692018885,0.0,0.0
WB,Birbhum,Rampurhat - II,227.58854471154558,0.0,0.0,0.0,0.0,0.0,0.0,0.0,0.0,0.0,0.0,0.0,0.0
WB,Birbhum,Sainthia,362.59345814946334,0.0,0.0,0.0,0.0,0.0,0.0,0.0,0.0,0.0,14.073733573075941,0.0,0.0
WB,Birbhum,Suri - I,0.0012405105975699393,0.0,0.0,0.0,0.0,0.0,0.0,0.0,0.0,0.0,195.64018728447525,0.0,0.0
WB,Birbhum,Suri - II,102.83822206994667,0.0,0.0,0.0,0.0,0.0,0.0,0.0,0.0,0.0,60.712756820054786,0.0,0.0
WB,Coochbehar,Cooch Behar - I,432.18845140999855,0.0,0.0,0.0,0.0,0.0,0.0,0.0,0.0,0.0,0.0,0.0,0.0
WB,Coochbehar,Cooch Behar - II,438.4423757870089,0.0,0.0,0.0,0.0,0.0,0.0,19.75900579635556,0.0,0.0,0.0,0.0,0.0
WB,Coochbehar,Dinhata - I,342.57467157869263,0.0,0.0,0.0,0.0,0.0,0.0,0.0,0.0,0.0,0.0,0.0,0.0
WB,Coochbehar,Dinhata - II,321.09887595173353,0.0,0.0,0.0,0.0,0.0,0.0,0.0,0.0,0.0,0.0,0.0,0.0
WB,Coochbehar,Haldibari,170.58213703650875,0.0,0.0,0.0,0.0,0.0,0.0,0.0,0.0,0.0,0.0,0.0,0.0
WB,Coochbehar,Mathabhanga - I,382.11891873805973,0.0,0.0,0.0,0.0,0.0,0.0,0.0,0.0,0.0,0.0,0.0,0.0
WB,Coochbehar,Mathabhanga - II,400.6041608814912,0.0,0.0,0.0,0.0,0.0,0.0,0.0,0.0,0.0,0.0,0.0,0.0
WB,Coochbehar,Mekliganj,384.36171430766956,0.0,0.0,0.0,0.0,0.0,0.0,0.0,0.0,0.0,0.0,0.0,0.0
WB,Coochbehar,Sitai,197.118601608564,0.0,0.0,0.0,0.0,0.0,0.0,0.0,0.0,0.0,0.0,0.0,0.0
WB,Coochbehar,Sitalkuchi,323.3513153843174,0.0,0.0,0.0,0.0,0.0,0.0,0.0,0.0,0.0,0.0,0.0,0.0
WB,Coochbehar,Tufanganj - I,390.79471126040335,0.0,0.0,0.0,0.0,0.0,0.0,5.512767289026079,0.0,0.0,0.0,0.0,0.0
WB,Coochbehar,Tufanganj - II,306.61493385190624,0.0,0.0,0.0,0.0,0.0,0.0,16.943938858072784,0.0,0.0,0.0,0.0,0.0
WB,Darjeeling,Darjeeling Pulbazar,0.0,0.0,0.0,0.0,0.0,0.0,0.0,510.0063669378011,0.0,0.0,0.0,0.0,0.0
WB,Darjeeling,Jorebunglow Sukiapokhri,0.0,0.0,0.0,0.0,0.0,0.0,0.0,287.6425437030163,0.0,0.0,0.0,0.0,0.0
WB,Darjeeling,Kharibari,154.13020051822198,0.0,0.0,0.0,0.0,0.0,0.0,0.0,0.0,0.0,0.0,0.0,0.0
WB,Darjeeling,Kurseong,0.0,0.0,0.0,0.0,0.0,0.0,0.0,434.4389539618805,0.0,0.0,0.0,0.0,0.0
WB,Darjeeling,Matigara,30.032374638114003,0.0,0.0,0.0,0.0,0.0,0.0,173.54545440452182,0.0,0.0,0.0,0.0,0.0
WB,Darjeeling,Mirik,0.01902761142986309,0.0,0.0,0.0,0.0,0.0,0.0,140.30740164349803,0.0,0.0,0.0,0.0,0.0
WB,Darjeeling,Naxalbari,173.67082906728072,0.0,0.0,0.0,0.0,0.0,0.0,53.50783667371952,0.0,0.0,0.0,0.0,0.0
WB,Darjeeling,Phansidewa,376.5175960245055,0.0,0.0,0.0,0.0,0.0,0.0,0.0,12.747159251428787,0.0,0.0,0.0,0.0
WB,Darjeeling,Rangli Rangliot,0.0,0.0,0.0,0.0,0.0,0.0,0.0,192.30875614506527,0.0,0.0,0.0,0.0,0.0
WB,Dinajpur Dakshin,Balurghat,450.87860400689425,0.0,0.0,0.0,0.0,0.0,0.0,0.0,0.0,0.0,0.0,0.0,0.0
WB,Dinajpur Dakshin,Bansihari,240.46893309764985,0.0,0.0,0.0,0.0,0.0,0.0,0.0,0.0,0.0,0.0,0.0,0.0
WB,Dinajpur Dakshin,Gangarampur,401.25881474589164,0.0,0.0,0.0,0.0,0.0,0.0,0.0,0.0,0.0,0.0,0.0,0.0
WB,Dinajpur Dakshin,Harirampur,246.6669976079887,0.0,0.0,0.0,0.0,0.0,0.0,0.0,0.0,0.0,0.0,0.0,0.0
WB,Dinajpur Dakshin,Hilli,107.93876957830864,0.0,0.0,0.0,0.0,0.0,0.0,0.0,0.0,0.0,0.0,0.0,0.0
WB,Dinajpur Dakshin,Kumarganj,351.23070343458534,0.0,0.0,0.0,0.0,0.0,0.0,0.0,0.0,0.0,0.0,0.0,0.0
WB,Dinajpur Dakshin,Kushmundi,380.8968995115574,0.0,0.0,0.0,0.0,0.0,0.0,0.0,0.0,0.0,0.0,0.0,0.0
WB,Dinajpur Dakshin,Tapan,533.2237346075758,0.0,0.0,0.0,0.0,0.0,0.0,0.0,0.0,0.0,0.0,0.0,0.0
WB,Dinajpur Uttar,Chopra,459.0708520747399,0.0,0.0,0.0,0.0,0.0,0.0,0.0,5.284635417055506,0.0,0.0,0.0,0.0
WB,Dinajpur Uttar,Goalpokhar - I,438.56987802795095,0.0,0.0,0.0,0.0,0.0,0.0,0.0,6.675149637013509,0.0,0.0,0.0,0.0
WB,Dinajpur Uttar,Goalpokhar - II,372.84839307274,0.0,0.0,0.0,0.0,0.0,0.0,0.0,1.3573672073387018,0.0,0.0,0.0,0.0
WB,Dinajpur Uttar,Hemtabad,234.90783850659676,0.0,0.0,0.0,0.0,0.0,0.0,0.0,0.0,0.0,0.0,0.0,0.0
WB,Dinajpur Uttar,Islampur,409.4156045664846,0.0,0.0,0.0,0.0,0.0,0.0,0.0,4.106125638659167,0.0,0.0,0.0,0.0
WB,Dinajpur Uttar,Itahar,457.6368521312515,0.0,0.0,0.0,0.0,0.0,0.0,0.0,1.515578115936076,0.0,0.0,0.0,0.0
WB,Dinajpur Uttar,Kaliaganj,380.3203320361415,0.0,0.0,0.0,0.0,0.0,0.0,0.0,0.0,0.0,0.0,0.0,0.0
WB,Dinajpur Uttar,Karandighi,477.3837998853693,0.0,0.0,0.0,0.0,0.0,0.0,0.0,2.4345861319917095,0.0,0.0,0.0,0.0
WB,Dinajpur Uttar,Raiganj,577.3156616508955,0.0,0.0,0.0,0.0,0.0,0.0,0.0,12.870279779139643,0.0,0.0,0.0,0.0
WB,Hooghly,Arambag,360.08422563357567,0.0,0.0,0.0,0.0,0.0,0.0,0.0,0.0,0.0,0.0,0.0,0.0
WB,Hooghly,Balagarh,238.73334063496034,0.0,0.0,0.0,0.0,0.0,0.0,0.0,0.0,0.0,0.0,0.0,0.0
WB,Hooghly,Chanditala - I,115.59434648051013,0.0,0.0,0.0,0.0,0.0,0.0,0.0,0.0,0.0,0.0,0.0,0.0
WB,Hooghly,Chanditala - II,78.88259861037612,0.0,0.0,0.0,0.0,0.0,0.0,0.0,0.0,0.0,0.0,0.0,0.0
WB,Hooghly,Chinsurah - Magra,114.16770347667696,0.0,0.0,0.0,0.0,0.0,0.0,0.0,0.0,0.0,0.0,0.0,0.0
WB,Hooghly,Dhaniakhali,339.2246262935964,0.0,0.0,0.0,0.0,0.0,0.0,0.0,0.0,0.0,0.0,0.0,0.0
WB,Hooghly,Goghat - I,215.4609322634845,0.0,0.0,0.0,0.0,0.0,0.0,0.0,0.0,0.0,0.0,0.0,0.0
WB,Hooghly,Goghat - II,230.2645340609481,0.0,0.0,0.0,0.0,0.0,0.0,0.0,0.0,0.0,0.0,0.0,0.0
WB,Hooghly,Haripal,217.53715852070718,0.0,0.0,0.0,0.0,0.0,0.0,0.0,0.0,0.0,0.0,0.0,0.0
WB,Hooghly,Jangipara,191.71440546110873,0.0,0.0,0.0,0.0,0.0,0.0,0.0,0.0,0.0,0.0,0.0,0.0
WB,Hooghly,Khanakul - I,207.42355548924363,0.0,0.0,0.0,0.0,0.0,0.0,0.0,0.0,0.0,0.0,0.0,0.0
WB,Hooghly,Khanakul - II,144.14555626567667,0.0,0.0,0.0,0.0,0.0,0.0,0.0,0.0,0.0,0.0,0.0,0.0
WB,Hooghly,Pandua,339.88110121609145,0.0,0.0,0.0,0.0,0.0,0.0,0.0,0.0,0.0,0.0,0.0,0.0
WB,Hooghly,Polba - Dadpur,328.37480431066496,0.0,0.0,0.0,0.0,0.0,0.0,0.0,0.0,0.0,0.0,0.0,0.0
WB,Hooghly,Pursura,118.47536418621839,0.0,0.0,0.0,0.0,0.0,0.0,0.0,0.0,0.0,0.0,0.0,0.0
WB,Hooghly,Serampur Uttarpara,101.49618242273596,0.0,0.0,0.0,0.0,0.0,0.0,0.0,0.0,0.0,0.0,0.0,0.0
WB,Hooghly,Singur,236.59838075712793,0.0,0.0,0.0,0.0,0.0,0.0,0.0,0.0,0.0,0.0,0.0,0.0
WB,Hooghly,Tarakeswar,140.83878878135965,0.0,0.0,0.0,0.0,0.0,0.0,0.0,0.0,0.0,0.0,0.0,0.0
WB,Howrah,Amta - I,141.16366198325818,0.0,0.0,0.0,0.0,0.0,0.0,0.0,0.0,0.0,0.0,0.0,0.0
WB,Howrah,Amta - II,160.9611689244259,0.0,0.0,0.0,0.0,0.0,0.0,0.0,0.0,0.0,0.0,0.0,0.0
WB,Howrah,Bagnan - I,94.9646010267331,0.0,0.0,0.0,0.0,0.0,0.0,0.0,0.0,0.0,0.0,0.0,0.0
WB,Howrah,Bagnan - II,85.7215329993473,0.0,0.0,0.0,0.0,0.0,0.0,0.0,0.0,0.0,0.0,0.0,0.0
WB,Howrah,Bally Jagachha,104.20633141852969,0.0,0.0,0.0,0.0,0.0,0.0,0.0,0.0,0.0,0.0,0.0,0.0
WB,Howrah,Domjur,117.6897295534052,0.0,0.0,0.0,0.0,0.0,0.0,0.0,0.0,0.0,0.0,0.0,0.0
WB,Howrah,Jagatballavpur,155.8692095599873,0.0,0.0,0.0,0.0,0.0,0.0,0.0,0.0,0.0,0.0,0.0,0.0
WB,Howrah,Panchla,85.33440486520546,0.0,0.0,0.0,0.0,0.0,0.0,0.0,0.0,0.0,0.0,0.0,0.0
WB,Howrah,Sankrail,68.3533407468421,0.0,0.0,0.0,0.0,0.0,0.0,0.0,0.0,0.0,0.0,0.0,0.0
WB,Howrah,Shyampur - I,141.24601709854804,0.0,0.0,0.0,0.0,0.0,0.0,0.0,0.0,0.0,0.0,0.0,0.0
WB,Howrah,Shyampur - II,118.72533728138993,0.0,0.0,0.0,0.0,0.0,0.0,0.0,0.0,0.0,0.0,0.0,0.0
WB,Howrah,Udaynarayanpur,131.1549779535425,0.0,0.0,0.0,0.0,0.0,0.0,0.0,0.0,0.0,0.0,0.0,0.0
WB,Howrah,Uluberia - I,153.97024179569115,0.0,0.0,0.0,0.0,0.0,0.0,0.0,0.0,0.0,0.0,0.0,0.0
WB,Howrah,Uluberia - II,82.39592862113204,0.0,0.0,0.0,0.0,0.0,0.0,0.0,0.0,0.0,0.0,0.0,0.0
WB,Jalpaiguri,Dhupguri,47.489786616066034,0.0,0.0,0.0,0.0,0.0,0.0,649.6166057585698,0.0,0.0,0.0,0.0,0.0
WB,Jalpaiguri,Jalpaiguri,610.2124607635869,0.0,0.0,0.0,0.0,0.0,0.0,8.419048555247949,0.0,0.0,0.0,0.0,0.0
WB,Jalpaiguri,Mal,39.90160460998791,0.0,0.0,0.0,0.0,0.0,0.0,668.1168983634924,0.0,0.0,0.0,0.0,0.0
WB,Jalpaiguri,Matiali,0.0,0.0,0.0,0.0,0.0,0.0,0.0,262.19773468998653,0.0,0.0,0.0,0.0,0.0
WB,Jalpaiguri,Maynaguri,482.44543004860026,0.0,0.0,0.0,0.0,0.0,0.0,173.8618037115575,0.0,0.0,0.0,0.0,0.0
WB,Jalpaiguri,Nagrakata,0.0,0.0,0.0,0.0,0.0,0.0,0.0,506.340305168122,0.0,0.0,0.0,0.0,0.0
WB,Jalpaiguri,Rajganj,421.75804354304995,0.0,0.0,0.0,0.0,0.0,0.0,353.79173784037505,0.0,0.0,0.0,0.0,0.0
WB,Jhargram,Binpur - I,0.0,0.0,0.0,0.0,0.0,0.0,0.0,0.0,0.0,0.0,428.10817148172384,0.0,0.0
WB,Jhargram,Binpur - II,0.0,0.0,0.0,0.0,0.0,0.0,0.0,0.0,0.0,0.0,691.9534481263025,0.0,0.0
WB,Jhargram,Gopiballavpur - I,0.0,0.0,0.0,0.0,0.0,0.0,0.0,0.0,0.0,0.0,318.0008796492825,0.0,0.0
WB,Jhargram,Gopiballavpur - II,0.0,0.0,0.0,0.0,0.0,0.0,0.0,0.0,0.0,0.0,238.9493208449747,0.0,0.0
WB,Jhargram,Jamboni,0.0,0.0,0.0,0.0,0.0,0.0,0.0,0.0,0.0,0.0,387.55349919799585,0.0,0.0
WB,Jhargram,Jhargram,42.374889611973146,0.0,0.0,0.0,0.0,0.0,0.0,0.0,0.0,0.0,608.1330774457372,0.0,0.0
WB,Jhargram,Nayagram,46.79183371356276,0.0,0.0,0.0,0.0,0.0,0.0,0.0,0.0,0.0,549.7886223115664,0.0,0.0
WB,Jhargram,Sankrail,63.118532367634366,0.0,0.0,0.0,0.0,0.0,0.0,0.0,0.0,0.0,261.12933307289404,0.0,0.0
WB,Kalimpong,Gorubathan,0.0,0.0,0.0,0.0,0.0,0.0,0.0,568.4171080569124,0.0,0.0,0.0,0.0,0.0
WB,Kalimpong,Kalimpong - II,0.0,0.0,0.0,0.0,0.0,0.0,0.0,342.65472069417365,0.0,0.0,0.0,0.0,0.0
WB,Kalimpong,Kalimpong -I,0.0,0.0,0.0,0.0,0.0,0.0,0.0,471.5472530786319,0.0,0.0,0.0,0.0,0.0
WB,Kolkata,Kolkata,230.55143715357826,0.0,0.0,0.0,0.0,0.0,0.0,0.0,0.0,0.0,0.0,0.0,0.0
WB,Maldah,Bamangola,256.15841287273594,0.0,0.0,0.0,0.0,0.0,0.0,0.0,0.0,0.0,0.0,0.0,0.0
WB,Maldah,Chanchal - I,199.8169509627848,0.0,0.0,0.0,0.0,0.0,0.0,0.0,3.3893035127999367,0.0,0.0,0.0,0.0
WB,Maldah,Chanchal - II,249.04233929966452,0.0,0.0,0.0,0.0,0.0,0.0,0.0,0.0,0.0,0.0,0.0,0.0
WB,Maldah,English Bazar,312.1250782804624,0.0,0.0,0.0,0.0,0.0,0.0,0.0,0.0,0.0,0.0,0.0,0.0
WB,Maldah,Gazole,632.5877055369523,0.0,0.0,0.0,0.0,0.0,0.0,0.0,0.0,0.0,0.0,0.0,0.0
WB,Maldah,Habibpur,475.87751552761944,0.0,0.0,0.0,0.0,0.0,0.0,0.0,0.0,0.0,0.0,0.0,0.0
WB,Maldah,Harischandrapur - I,205.99474750939387,0.0,0.0,0.0,0.0,0.0,0.0,0.0,4.655153821252934,0.0,0.0,0.0,0.0
WB,Maldah,Harischandrapur - II,260.02971694117156,0.0,0.0,0.0,0.0,0.0,0.0,0.0,8.03045865327293,0.0,0.0,0.0,0.0
WB,Maldah,Kaliachak - I,129.04789173149447,0.0,0.0,0.0,0.0,0.0,0.0,0.0,0.0,0.0,0.0,0.0,0.0
WB,Maldah,Kaliachak - II,170.23937793247754,0.0,0.0,0.0,0.0,0.0,0.0,0.0,0.0,0.0,94.8503644365092,0.0,0.0
WB,Maldah,Kaliachak - III,315.431709600129,0.0,0.0,0.0,0.0,0.0,0.0,0.0,0.0,0.0,2.1511325103812022,0.0,0.0
WB,Maldah,Maldah (Old),278.3165744041995,0.0,0.0,0.0,0.0,0.0,0.0,0.0,0.0,0.0,0.0,0.0,0.0
WB,Maldah,Manikchak,387.6542900378265,0.0,0.0,0.0,0.0,0.0,0.0,0.0,2.6090186305568825,0.0,8.700807745712478,0.0,0.0
WB,Maldah,Ratua - I,273.6426423634723,0.0,0.0,0.0,0.0,0.0,0.0,0.0,12.930782484147185,0.0,0.0,0.0,0.0
WB,Maldah,Ratua - II,211.4576597780319,0.0,0.0,0.0,0.0,0.0,0.0,0.0,0.0,0.0,0.0,0.0,0.0
WB,Medinipur East,Bhagawanpur - I,69.19668916363261,0.0,0.0,0.0,0.0,131.5435574800369,0.0,0.0,0.0,0.0,0.0,0.0,0.0
WB,Medinipur East,Bhagawanpur - II,0.0,0.0,0.0,0.0,0.0,205.0302015207514,0.0,0.0,0.0,0.0,0.0,0.0,0.0
WB,Medinipur East,Chandipur,61.95688479601296,0.0,0.0,0.0,0.0,110.95858276300216,0.0,0.0,0.0,0.0,0.0,0.0,0.0
WB,Medinipur East,Contai - I,0.0,0.0,0.0,0.0,0.0,225.98038270227124,0.0,0.0,0.0,0.0,0.0,0.0,0.0
WB,Medinipur East,Contai - III,0.0,0.0,0.0,0.0,0.0,165.89165867002984,0.0,0.0,0.0,0.0,0.0,0.0,0.0
WB,Medinipur East,Deshopran,0.0,0.0,0.0,0.0,0.0,221.669077842684,0.0,0.0,0.0,0.0,0.0,0.0,0.0
WB,Medinipur East,Egra - I,0.0,0.0,0.0,0.0,0.0,262.26956917347866,0.0,0.0,0.0,0.0,0.0,0.0,0.0
WB,Medinipur East,Egra - II,0.0,0.0,0.0,0.0,0.0,212.33799012966932,0.0,0.0,0.0,0.0,0.0,0.0,0.0
WB,Medinipur East,Haldia,145.34674496374353,0.0,0.0,0.0,0.0,2.9227650376992655,0.0,0.0,0.0,0.0,0.0,0.0,0.0
WB,Medinipur East,Khejuri - I,0.0,0.0,0.0,0.0,0.0,136.7872580178557,0.0,0.0,0.0,0.0,0.0,0.0,0.0
WB,Medinipur East,Khejuri - II,0.0,0.0,0.0,0.0,0.0,164.82380385217746,0.0,0.0,0.0,0.0,0.0,0.0,0.0
WB,Medinipur East,Kolaghat,184.75567060555474,0.0,0.0,0.0,0.0,0.0,0.0,0.0,0.0,0.0,0.0,0.0,0.0
WB,Medinipur East,Mahisadal,215.36925612519295,0.0,0.0,0.0,0.0,0.0,0.0,0.0,0.0,0.0,0.0,0.0,0.0
WB,Medinipur East,Moyna,184.8641894040587,0.0,0.0,0.0,0.0,0.0,0.0,0.0,0.0,0.0,0.0,0.0,0.0
WB,Medinipur East,Nanda Kumar,186.42264631377705,0.0,0.0,0.0,0.0,0.0,0.0,0.0,0.0,0.0,0.0,0.0,0.0
WB,Medinipur East,Nandigram - I,0.0,0.0,0.0,0.0,0.0,214.38900236714903,0.0,0.0,0.0,0.0,0.0,0.0,0.0
WB,Medinipur East,Nandigram - II,1.8360743569744264,0.0,0.0,0.0,0.0,126.64964882488117,0.0,0.0,0.0,0.0,0.0,0.0,0.0
WB,Medinipur East,Panskura,292.7523508379007,0.0,0.0,0.0,0.0,0.0,0.0,0.0,0.0,0.0,0.0,0.0,0.0
WB,Medinipur East,Potashpur - I,12.67472013813192,0.0,0.0,0.0,0.0,172.94103730550853,0.0,0.0,0.0,0.0,0.0,0.0,0.0
WB,Medinipur East,Potashpur - II,0.0,0.0,0.0,0.0,0.0,231.23574989175876,0.0,0.0,0.0,0.0,0.0,0.0,0.0
WB,Medinipur East,Ramnagar - I,0.0,0.0,0.0,0.0,0.0,155.05429973775864,0.0,0.0,0.0,0.0,0.0,0.0,0.0
WB,Medinipur East,Ramnagar - II,0.0,0.0,0.0,0.0,0.0,194.6159339376419,0.0,0.0,0.0,0.0,0.0,0.0,0.0
WB,Medinipur East,Sahid Matangini,109.36758097285752,0.0,0.0,0.0,0.0,0.0,0.0,0.0,0.0,0.0,0.0,0.0,0.0
WB,Medinipur East,Sutahata,131.24546054443627,0.0,0.0,0.0,0.0,0.0,0.0,0.0,0.0,0.0,0.0,0.0,0.0
WB,Medinipur East,Tamluk,147.822727242569,0.0,0.0,0.0,0.0,0.0,0.0,0.0,0.0,0.0,0.0,0.0,0.0
WB,Medinipur West,Chandrakona - I,258.8701024148661,0.0,0.0,0.0,0.0,0.0,0.0,0.0,0.0,0.0,0.0,0.0,0.0
WB,Medinipur West,Chandrakona - II,201.02271067993559,0.0,0.0,0.0,0.0,0.0,0.0,0.0,0.0,0.0,0.0,0.0,0.0
WB,Medinipur West,Dantan - I,154.01912833783064,0.0,0.0,0.0,0.0,143.90162949184173,0.0,0.0,0.0,0.0,1.222834333439271,0.0,0.0
WB,Medinipur West,Dantan - II,87.0854416534459,0.0,0.0,0.0,0.0,124.48738179674832,0.0,0.0,0.0,0.0,0.0,0.0,0.0
WB,Medinipur West,Daspur - I,202.547071055627,0.0,0.0,0.0,0.0,0.0,0.0,0.0,0.0,0.0,0.0,0.0,0.0
WB,Medinipur West,Daspur - II,185.39607245800235,0.0,0.0,0.0,0.0,0.0,0.0,0.0,0.0,0.0,0.0,0.0,0.0
WB,Medinipur West,Debra,406.1228100390361,0.0,0.0,0.0,0.0,0.0,0.0,0.0,0.0,0.0,0.0,0.0,0.0
WB,Medinipur West,Garbeta - I,430.8562836121615,0.0,0.0,0.0,0.0,0.0,0.0,0.0,0.0,0.0,0.0,0.0,0.0
WB,Medinipur West,Garbeta - II,331.42558314231377,0.0,0.0,0.0,0.0,0.0,0.0,0.0,0.0,0.0,128.18264749647983,0.0,0.0
WB,Medinipur West,Garbeta - III,368.0482125427466,0.0,0.0,0.0,0.0,0.0,0.0,0.0,0.0,0.0,0.0,0.0,0.0
WB,Medinipur West,Ghatal,276.7254011899893,0.0,0.0,0.0,0.0,0.0,0.0,0.0,0.0,0.0,0.0,0.0,0.0
WB,Medinipur West,Keshiary,321.73553608341734,0.0,0.0,0.0,0.0,0.0,0.0,0.0,0.0,0.0,26.178220954604303,0.0,0.0
WB,Medinipur West,Keshpur,560.5322432477419,0.0,0.0,0.0,0.0,0.0,0.0,0.0,0.0,0.0,0.0,0.0,0.0
WB,Medinipur West,Kharagpur - I,383.00643578041627,0.0,0.0,0.0,0.0,0.0,0.0,0.0,0.0,0.0,0.8233584080207267,0.0,0.0
WB,Medinipur West,Kharagpur - II,319.4033039949279,0.0,0.0,0.0,0.0,0.0,0.0,0.0,0.0,0.0,0.0,0.0,0.0
WB,Medinipur West,Midnapore,322.75270289080936,0.0,0.0,0.0,0.0,0.0,0.0,0.0,0.0,0.0,82.06991814841945,0.0,0.0
WB,Medinipur West,Mohanpur,0.0,0.0,0.0,0.0,0.0,161.3265143733117,0.0,0.0,0.0,0.0,0.0,0.0,0.0
WB,Medinipur West,Narayangarh,602.857053629114,0.0,0.0,0.0,0.0,4.295784570213241,0.0,0.0,0.0,0.0,0.0,0.0,0.0
WB,Medinipur West,Pingla,263.22651626780015,0.0,0.0,0.0,0.0,0.0,0.0,0.0,0.0,0.0,0.0,0.0,0.0
WB,Medinipur West,Sabang,358.71936294797774,0.0,0.0,0.0,0.0,6.382396845440178,0.0,0.0,0.0,0.0,0.0,0.0,0.0
WB,Medinipur West,Salbani,580.8055018184742,0.0,0.0,0.0,0.0,0.0,0.0,0.0,0.0,0.0,79.99608769152687,0.0,0.0
WB,Murshidabad,Beldanga - I,210.41329412063243,0.0,0.0,0.0,0.0,0.0,0.0,0.0,0.0,0.0,0.0,0.0,0.0
WB,Murshidabad,Beldanga - II,242.9044958874866,0.0,0.0,0.0,0.0,0.0,0.0,0.0,0.0,0.0,0.0,0.0,0.0
WB,Murshidabad,Berhampore,397.9633267947539,0.0,0.0,0.0,0.0,0.0,0.0,0.0,0.0,0.0,0.0,0.0,0.0
WB,Murshidabad,Bhagawangola - I,168.3517999164635,0.0,0.0,0.0,0.0,0.0,0.0,0.0,0.0,0.0,0.0,0.0,0.0
WB,Murshidabad,Bhagawangola - II,208.16824055842955,0.0,0.0,0.0,0.0,0.0,0.0,0.0,0.0,0.0,0.0,0.0,0.0
WB,Murshidabad,Bharatpur - I,223.238467416451,0.0,0.0,0.0,0.0,0.0,0.0,0.0,0.0,0.0,0.0,0.0,0.0
WB,Murshidabad,Bharatpur - II,190.96583541248432,0.0,0.0,0.0,0.0,0.0,0.0,0.0,0.0,0.0,0.0,0.0,0.0
WB,Murshidabad,Burwan,334.88523640951064,0.0,0.0,0.0,0.0,0.0,0.0,0.0,0.0,0.0,0.0,0.0,0.0
WB,Murshidabad,Domkal,373.0498358870273,0.0,0.0,0.0,0.0,0.0,0.0,0.0,0.0,0.0,0.0,0.0,0.0
WB,Murshidabad,Farakka,156.40922654711304,0.0,0.0,0.0,0.0,0.0,0.0,0.0,0.0,0.0,6.627407430231792,0.0,0.0
WB,Murshidabad,Hariharpara,305.2660974895116,0.0,0.0,0.0,0.0,0.0,0.0,0.0,0.0,0.0,0.0,0.0,0.0
WB,Murshidabad,Jalangi,282.61660366808394,0.0,0.0,0.0,0.0,0.0,0.0,0.0,0.0,0.0,0.0,0.0,0.0
WB,Murshidabad,Kandi,283.98385642589085,0.0,0.0,0.0,0.0,0.0,0.0,0.0,0.0,0.0,0.0,0.0,0.0
WB,Murshidabad,Khargram,379.35209835818983,0.0,0.0,0.0,0.0,0.0,0.0,0.0,0.0,0.0,0.0,0.0,0.0
WB,Murshidabad,Lalgola,205.7543399773538,0.0,0.0,0.0,0.0,0.0,0.0,0.0,0.0,0.0,0.0,0.0,0.0
WB,Murshidabad,Murshidabad Jiaganj,247.56777478217262,0.0,0.0,0.0,0.0,0.0,0.0,0.0,0.0,0.0,0.0,0.0,0.0
WB,Murshidabad,Nabagram,374.1653508722282,0.0,0.0,0.0,0.0,0.0,0.0,0.0,0.0,0.0,0.0,0.0,0.0
WB,Murshidabad,Nawda,282.67687582861026,0.0,0.0,0.0,0.0,0.0,0.0,0.0,0.0,0.0,0.0,0.0,0.0
WB,Murshidabad,Raghunathganj - I,174.65359822816947,0.0,0.0,0.0,0.0,0.0,0.0,0.0,0.0,0.0,0.0,0.0,0.0
WB,Murshidabad,Raghunathganj - II,148.19748162406466,0.0,0.0,0.0,0.0,0.0,0.0,0.0,0.0,0.0,0.0,0.0,0.0
WB,Murshidabad,Raninagar - I,176.126299549977,0.0,0.0,0.0,0.0,0.0,0.0,0.0,0.0,0.0,0.0,0.0,0.0
WB,Murshidabad,Raninagar - II,247.78549732487758,0.0,0.0,0.0,0.0,0.0,0.0,0.0,0.0,0.0,0.0,0.0,0.0
WB,Murshidabad,Sagardighi,416.56810890625667,0.0,0.0,0.0,0.0,0.0,0.0,0.0,0.0,0.0,0.0,0.0,0.0
WB,Murshidabad,Samserganj,95.16387064865668,0.0,0.0,0.0,0.0,0.0,0.0,0.0,0.0,0.0,2.173603581243978,0.0,0.0
WB,Murshidabad,Suti - I,170.90258997390973,0.0,0.0,0.0,0.0,0.0,0.0,0.0,0.0,0.0,0.9652991480740221,0.0,0.0
WB,Murshidabad,Suti - II,132.59724026560477,0.0,0.0,0.0,0.0,0.0,0.0,0.0,0.0,0.0,0.6421746401207038,0.0,0.0
WB,Nadia,Chakdah,397.23797883197534,0.0,0.0,0.0,0.0,0.0,0.0,0.0,0.0,0.0,0.0,0.0,0.0
WB,Nadia,Chapra,375.57822538985084,0.0,0.0,0.0,0.0,0.0,0.0,0.0,0.0,0.0,0.0,0.0,0.0
WB,Nadia,Hanskhali,294.0808857108028,0.0,0.0,0.0,0.0,0.0,0.0,0.0,0.0,0.0,0.0,0.0,0.0
WB,Nadia,Haringhata,202.11190089582567,0.0,0.0,0.0,0.0,0.0,0.0,0.0,0.0,0.0,0.0,0.0,0.0
WB,Nadia,Kaliganj,394.5542068265211,0.0,0.0,0.0,0.0,0.0,0.0,0.0,0.0,0.0,0.0,0.0,0.0
WB,Nadia,Karimpur - I,228.74937229885083,0.0,0.0,0.0,0.0,0.0,0.0,0.0,0.0,0.0,0.0,0.0,0.0
WB,Nadia,Karimpur - II,278.32254332403346,0.0,0.0,0.0,0.0,0.0,0.0,0.0,0.0,0.0,0.0,0.0,0.0
WB,Nadia,Krishnaganj,177.10479895252226,0.0,0.0,0.0,0.0,0.0,0.0,0.0,0.0,0.0,0.0,0.0,0.0
WB,Nadia,Krishnagar - I,327.3462125120725,0.0,0.0,0.0,0.0,0.0,0.0,0.0,0.0,0.0,0.0,0.0,0.0
WB,Nadia,Krishnagar - II,152.89048532823784,0.0,0.0,0.0,0.0,0.0,0.0,0.0,0.0,0.0,0.0,0.0,0.0
WB,Nadia,Nabadwip,129.80358292362837,0.0,0.0,0.0,0.0,0.0,0.0,0.0,0.0,0.0,0.0,0.0,0.0
WB,Nadia,Nakashipara,433.9258733061753,0.0,0.0,0.0,0.0,0.0,0.0,0.0,0.0,0.0,0.0,0.0,0.0
WB,Nadia,Ranaghat - I,203.01458202071052,0.0,0.0,0.0,0.0,0.0,0.0,0.0,0.0,0.0,0.0,0.0,0.0
WB,Nadia,Ranaghat - II,326.2838073954021,0.0,0.0,0.0,0.0,0.0,0.0,0.0,0.0,0.0,0.0,0.0,0.0
WB,Nadia,Santipur,231.6007129249778,0.0,0.0,0.0,0.0,0.0,0.0,0.0,0.0,0.0,0.0,0.0,0.0
WB,Nadia,Tehatta - I,298.5581641719314,0.0,0.0,0.0,0.0,0.0,0.0,0.0,0.0,0.0,0.0,0.0,0.0
WB,Nadia,Tehatta - II,206.0729861072522,0.0,0.0,0.0,0.0,0.0,0.0,0.0,0.0,0.0,0.0,0.0,0.0
WB,Paschim Bardhaman,Barabani,0.0,0.0,0.0,0.0,0.0,0.0,0.0,0.0,0.0,0.0,337.2450453357254,0.0,0.0
WB,Paschim Bardhaman,Faridpur Durgapur,70.87424062614502,0.0,0.0,0.0,0.0,0.0,0.0,0.0,0.0,0.0,309.7434493802663,0.0,0.0
WB,Paschim Bardhaman,Jamuria,0.0,0.0,0.0,0.0,0.0,0.0,0.0,0.0,0.0,0.0,284.5632970402357,0.0,0.0
WB,Paschim Bardhaman,Kanksa,304.13639022087733,0.0,0.0,0.0,0.0,0.0,0.0,0.0,0.0,0.0,17.218353500191512,0.0,0.0
WB,Paschim Bardhaman,Ondal,0.0,0.0,0.0,0.0,0.0,0.0,0.0,0.0,0.0,0.0,99.99763652480398,0.0,0.0
WB,Paschim Bardhaman,Pandabeswar,0.0,0.0,0.0,0.0,0.0,0.0,0.0,0.0,0.0,0.0,110.72553769746216,0.0,0.0
WB,Paschim Bardhaman,Raniganj,0.0,0.0,0.0,0.0,0.0,0.0,0.0,0.0,0.0,0.0,102.62250745344534,0.0,0.0
WB,Paschim Bardhaman,Salanpur,0.0,0.0,0.0,0.0,0.0,0.0,0.0,0.0,0.0,0.0,286.426435736973,0.0,0.0
WB,Purba Bardhaman,Ausgram - I,283.38706499389946,0.0,0.0,0.0,0.0,0.0,0.0,0.0,0.0,0.0,0.0,0.0,0.0
WB,Purba Bardhaman,Ausgram - II,440.8889633934921,0.0,0.0,0.0,0.0,0.0,0.0,0.0,0.0,0.0,0.0,0.0,0.0
WB,Purba Bardhaman,Bhatar,501.5632541672139,0.0,0.0,0.0,0.0,0.0,0.0,0.0,0.0,0.0,0.0,0.0,0.0
WB,Purba Bardhaman,Burdwan - I,313.89817269742036,0.0,0.0,0.0,0.0,0.0,0.0,0.0,0.0,0.0,0.0,0.0,0.0
WB,Purba Bardhaman,Burdwan - II,218.55546806284437,0.0,0.0,0.0,0.0,0.0,0.0,0.0,0.0,0.0,0.0,0.0,0.0
WB,Purba Bardhaman,Galsi - I,300.93261212978143,0.0,0.0,0.0,0.0,0.0,0.0,0.0,0.0,0.0,0.0,0.0,0.0
WB,Purba Bardhaman,Galsi - II,256.5425163650972,0.0,0.0,0.0,0.0,0.0,0.0,0.0,0.0,0.0,0.0,0.0,0.0
WB,Purba Bardhaman,Jamalpur,314.6673321206756,0.0,0.0,0.0,0.0,0.0,0.0,0.0,0.0,0.0,0.0,0.0,0.0
WB,Purba Bardhaman,Kalna - I,200.4155058343308,0.0,0.0,0.0,0.0,0.0,0.0,0.0,0.0,0.0,0.0,0.0,0.0
WB,Purba Bardhaman,Kalna - II,205.48895739877435,0.0,0.0,0.0,0.0,0.0,0.0,0.0,0.0,0.0,0.0,0.0,0.0
WB,Purba Bardhaman,Katwa - I,204.41424193528695,0.0,0.0,0.0,0.0,0.0,0.0,0.0,0.0,0.0,0.0,0.0,0.0
WB,Purba Bardhaman,Katwa - II,217.12668506039395,0.0,0.0,0.0,0.0,0.0,0.0,0.0,0.0,0.0,0.0,0.0,0.0
WB,Purba Bardhaman,Ketugram - I,238.8234812828506,0.0,0.0,0.0,0.0,0.0,0.0,0.0,0.0,0.0,0.0,0.0,0.0
WB,Purba Bardhaman,Ketugram - II,194.1887095586074,0.0,0.0,0.0,0.0,0.0,0.0,0.0,0.0,0.0,0.0,0.0,0.0
WB,Purba Bardhaman,Khandaghosh,313.95807079830007,0.0,0.0,0.0,0.0,0.0,0.0,0.0,0.0,0.0,0.0,0.0,0.0
WB,Purba Bardhaman,Mangolkote,443.0365627054133,0.0,0.0,0.0,0.0,0.0,0.0,0.0,0.0,0.0,0.0,0.0,0.0
WB,Purba Bardhaman,Manteswar,361.8101689010372,0.0,0.0,0.0,0.0,0.0,0.0,0.0,0.0,0.0,0.0,0.0,0.0
WB,Purba Bardhaman,Memari - I,241.16132913788678,0.0,0.0,0.0,0.0,0.0,0.0,0.0,0.0,0.0,0.0,0.0,0.0
WB,Purba Bardhaman,Memari - II,217.79038474914466,0.0,0.0,0.0,0.0,0.0,0.0,0.0,0.0,0.0,0.0,0.0,0.0
WB,Purba Bardhaman,Purbasthali - I,165.54389670030082,0.0,0.0,0.0,0.0,0.0,0.0,0.0,0.0,0.0,0.0,0.0,0.0
WB,Purba Bardhaman,Purbasthali - II,236.57836285353508,0.0,0.0,0.0,0.0,0.0,0.0,0.0,0.0,0.0,0.0,0.0,0.0
WB,Purba Bardhaman,Raina - I,303.0263326767255,0.0,0.0,0.0,0.0,0.0,0.0,0.0,0.0,0.0,0.0,0.0,0.0
WB,Purba Bardhaman,Raina - II,270.40232058788433,0.0,0.0,0.0,0.0,0.0,0.0,0.0,0.0,0.0,0.0,0.0,0.0
WB,Purulia,Arsha,0.0,0.0,0.0,0.0,0.0,0.0,0.0,0.0,0.0,0.0,442.87925093111926,0.0,0.0
WB,Purulia,Bagmundi,0.0,0.0,0.0,0.0,0.0,0.0,0.0,0.0,0.0,0.0,541.6850118813267,0.0,0.0
WB,Purulia,Balarampur,0.0,0.0,0.0,0.0,0.0,0.0,0.0,0.0,0.0,0.0,357.2855082694944,0.0,0.0
WB,Purulia,Barabazar,0.0,0.0,0.0,0.0,0.0,0.0,0.0,0.0,0.0,0.0,491.40968291344564,0.0,0.0
WB,Purulia,Bundwan,0.0,0.0,0.0,0.0,0.0,0.0,0.0,0.0,0.0,0.0,423.4818216876253,0.0,0.0
WB,Purulia,Hura,0.0,0.0,0.0,0.0,0.0,0.0,0.0,0.0,0.0,0.0,477.2035690386578,0.0,0.0
WB,Purulia,Jaipur,0.0,0.0,0.0,0.0,0.0,0.0,0.0,0.0,0.0,0.0,276.8505681492158,0.0,0.0
WB,Purulia,Jhalda - I,0.0,0.0,0.0,0.0,0.0,0.0,0.0,0.0,0.0,0.0,377.37450055773587,0.0,0.0
WB,Purulia,Jhalda - II,0.0,0.0,0.0,0.0,0.0,0.0,0.0,0.0,0.0,0.0,305.7979454676703,0.0,0.0
WB,Purulia,Kashipur,0.0,0.0,0.0,0.0,0.0,0.0,0.0,0.0,0.0,0.0,529.0109790813145,0.0,0.0
WB,Purulia,Manbazar - I,0.0,0.0,0.0,0.0,0.0,0.0,0.0,0.0,0.0,0.0,443.95574207723547,0.0,0.0
WB,Purulia,Manbazar - II,0.0,0.0,0.0,0.0,0.0,0.0,0.0,0.0,0.0,0.0,345.3872793139378,0.0,0.0
WB,Purulia,Neturia,0.0,0.0,0.0,0.0,0.0,0.0,0.0,0.0,0.0,0.0,244.3018328516688,0.0,0.0
WB,Purulia,Para,0.0,0.0,0.0,0.0,0.0,0.0,0.0,0.0,0.0,0.0,373.422738482612,0.0,0.0
WB,Purulia,Puncha,0.0,0.0,0.0,0.0,0.0,0.0,0.0,0.0,0.0,0.0,395.04466305644377,0.0,0.0
WB,Purulia,Purulia - I,0.0,0.0,0.0,0.0,0.0,0.0,0.0,0.0,0.0,0.0,340.7555011746826,0.0,0.0
WB,Purulia,Purulia - II,0.0,0.0,0.0,0.0,0.0,0.0,0.0,0.0,0.0,0.0,382.6027257193642,0.0,0.0
WB,Purulia,Raghunathpur - I,0.0,0.0,0.0,0.0,0.0,0.0,0.0,0.0,0.0,0.0,239.0766429666837,0.0,0.0
WB,Purulia,Raghunathpur - II,0.0,0.0,0.0,0.0,0.0,0.0,0.0,0.0,0.0,0.0,235.73726709838206,0.0,0.0
WB,Purulia,Santuri,0.0,0.0,0.0,0.0,0.0,0.0,0.0,0.0,0.0,0.0,212.90525709685875,0.0,0.0
